{
	"credit": "Made with Blockbench",
	"parent": "block/block",
	"elements": [
		{
			"from": [0, 0, 0],
			"to": [16, 16, 16],
			"faces": {
				"north": {"uv": [0, 0, 16, 16], "texture": "#all", "cullface": "north"},
				"east": {"uv": [0, 0, 16, 16], "texture": "#all", "cullface": "east"},
				"south": {"uv": [0, 0, 16, 16], "texture": "#all", "cullface": "south"},
				"west": {"uv": [0, 0, 16, 16], "texture": "#all", "cullface": "west"},
				"up": {"uv": [0, 0, 16, 16], "texture": "#all", "cullface": "up"},
				"down": {"uv": [0, 0, 16, 16], "texture": "#all", "cullface": "down"}
			}
		},
		{
			"name": "amethyst_11",
			"from": [2, 16, 9],
			"to": [3, 16.35, 13],
			"rotation": {"angle": 0, "axis": "y", "origin": [8, 8, 8]},
			"faces": {
				"north": {"uv": [3, 9, 2, 10], "texture": "#overlay", "cullface": "up"},
				"east": {"uv": [2, 9, 3, 13], "rotation": 90, "texture": "#overlay", "cullface": "up"},
				"south": {"uv": [2, 12, 3, 13], "texture": "#overlay", "cullface": "up"},
				"west": {"uv": [2, 9, 3, 13], "rotation": 270, "texture": "#overlay", "cullface": "up"},
				"up": {"uv": [2, 9, 3, 13], "texture": "#overlay", "cullface": "up"}
			}
		},
		{
			"name": "amethyst_8",
			"from": [3, 16, 8],
			"to": [4, 16.5, 12],
			"rotation": {"angle": 0, "axis": "y", "origin": [8, 8, 8]},
			"faces": {
				"north": {"uv": [4, 8, 3, 9], "texture": "#overlay", "cullface": "up"},
				"east": {"uv": [3, 8, 4, 12], "rotation": 90, "texture": "#overlay", "cullface": "up"},
				"south": {"uv": [3, 11, 4, 12], "texture": "#overlay", "cullface": "up"},
				"west": {"uv": [3, 8, 4, 12], "rotation": 270, "texture": "#overlay", "cullface": "up"},
				"up": {"uv": [3, 8, 4, 12], "texture": "#overlay", "cullface": "up"}
			}
		},
		{
			"name": "amethyst_7",
			"from": [4, 16, 7],
			"to": [5, 16.35, 10],
			"rotation": {"angle": 0, "axis": "y", "origin": [8, 8, 8]},
			"faces": {
				"north": {"uv": [5, 7, 4, 8], "texture": "#overlay", "cullface": "up"},
				"east": {"uv": [4, 7, 5, 10], "rotation": 90, "texture": "#overlay", "cullface": "up"},
				"south": {"uv": [4, 9, 5, 10], "texture": "#overlay", "cullface": "up"},
				"west": {"uv": [4, 7, 5, 10], "rotation": 270, "texture": "#overlay", "cullface": "up"},
				"up": {"uv": [4, 7, 5, 10], "texture": "#overlay", "cullface": "up"}
			}
		},
		{
			"name": "amethyst_0",
			"from": [4, 16, 1],
			"to": [5, 16.25, 5],
			"rotation": {"angle": 0, "axis": "y", "origin": [8, 8, 8]},
			"faces": {
				"north": {"uv": [5, 1, 4, 2], "texture": "#overlay", "cullface": "up"},
				"east": {"uv": [4, 1, 5, 5], "rotation": 90, "texture": "#overlay", "cullface": "up"},
				"south": {"uv": [4, 4, 5, 5], "texture": "#overlay", "cullface": "up"},
				"west": {"uv": [4, 1, 5, 5], "rotation": 270, "texture": "#overlay", "cullface": "up"},
				"up": {"uv": [4, 1, 5, 5], "texture": "#overlay", "cullface": "up"}
			}
		},
		{
			"name": "amethyst_1",
			"from": [3, 16, 2],
			"to": [4, 16.25, 4],
			"rotation": {"angle": 0, "axis": "y", "origin": [8, 8, 8]},
			"faces": {
				"north": {"uv": [4, 2, 3, 3], "texture": "#overlay", "cullface": "up"},
				"east": {"uv": [3, 2, 4, 4], "rotation": 90, "texture": "#overlay", "cullface": "up"},
				"south": {"uv": [3, 3, 4, 4], "texture": "#overlay", "cullface": "up"},
				"west": {"uv": [3, 2, 4, 4], "rotation": 270, "texture": "#overlay", "cullface": "up"},
				"up": {"uv": [3, 2, 4, 4], "texture": "#overlay", "cullface": "up"}
			}
		},
		{
			"name": "amethyst_5",
			"from": [7, 16, 4],
			"to": [8, 16.5, 6],
			"rotation": {"angle": 0, "axis": "y", "origin": [8, 8, 8]},
			"faces": {
				"north": {"uv": [8, 4, 7, 5], "texture": "#overlay", "cullface": "up"},
				"east": {"uv": [7, 4, 8, 6], "rotation": 90, "texture": "#overlay", "cullface": "up"},
				"south": {"uv": [7, 5, 8, 6], "texture": "#overlay", "cullface": "up"},
				"west": {"uv": [7, 4, 8, 6], "rotation": 270, "texture": "#overlay", "cullface": "up"},
				"up": {"uv": [7, 4, 8, 6], "texture": "#overlay", "cullface": "up"}
			}
		},
		{
			"name": "amethyst_3",
			"from": [8, 16, 3],
			"to": [9, 16.65, 8],
			"rotation": {"angle": 0, "axis": "y", "origin": [8, 8, 8]},
			"faces": {
				"north": {"uv": [9, 3, 8, 4], "texture": "#overlay", "cullface": "up"},
				"east": {"uv": [8, 3, 9, 8], "rotation": 90, "texture": "#overlay", "cullface": "up"},
				"south": {"uv": [8, 7, 9, 8], "texture": "#overlay", "cullface": "up"},
				"west": {"uv": [8, 3, 9, 8], "rotation": 270, "texture": "#overlay", "cullface": "up"},
				"up": {"uv": [8, 3, 9, 8], "texture": "#overlay", "cullface": "up"}
			}
		},
		{
			"name": "amethyst_6",
			"from": [9, 16, 5],
			"to": [10, 16.65, 11],
			"rotation": {"angle": 0, "axis": "y", "origin": [8, 8, 8]},
			"faces": {
				"north": {"uv": [10, 5, 9, 6], "texture": "#overlay", "cullface": "up"},
				"east": {"uv": [9, 5, 10, 11], "rotation": 90, "texture": "#overlay", "cullface": "up"},
				"south": {"uv": [9, 10, 10, 11], "texture": "#overlay", "cullface": "up"},
				"west": {"uv": [9, 5, 10, 11], "rotation": 270, "texture": "#overlay", "cullface": "up"},
				"up": {"uv": [9, 5, 10, 11], "texture": "#overlay", "cullface": "up"}
			}
		},
		{
			"name": "amethyst_9",
			"from": [10, 16, 8],
			"to": [11, 16.5, 10],
			"rotation": {"angle": 0, "axis": "y", "origin": [8, 8, 8]},
			"faces": {
				"north": {"uv": [11, 8, 10, 9], "texture": "#overlay", "cullface": "up"},
				"east": {"uv": [10, 8, 11, 10], "rotation": 90, "texture": "#overlay", "cullface": "up"},
				"south": {"uv": [10, 9, 11, 10], "texture": "#overlay", "cullface": "up"},
				"west": {"uv": [10, 8, 11, 10], "rotation": 270, "texture": "#overlay", "cullface": "up"},
				"up": {"uv": [10, 8, 11, 10], "texture": "#overlay", "cullface": "up"}
			}
		},
		{
			"name": "amethyst_13",
			"from": [10, 16, 12],
			"to": [11, 16.15, 14],
			"rotation": {"angle": 0, "axis": "y", "origin": [8, 8, 8]},
			"faces": {
				"north": {"uv": [11, 12, 10, 13], "texture": "#overlay", "cullface": "up"},
				"east": {"uv": [10, 12, 11, 14], "rotation": 90, "texture": "#overlay", "cullface": "up"},
				"south": {"uv": [10, 13, 11, 14], "texture": "#overlay", "cullface": "up"},
				"west": {"uv": [10, 12, 11, 14], "rotation": 270, "texture": "#overlay", "cullface": "up"},
				"up": {"uv": [10, 12, 11, 14], "texture": "#overlay", "cullface": "up"}
			}
		},
		{
			"name": "amethyst_14",
			"from": [11, 16, 13],
			"to": [12, 16.15, 15],
			"rotation": {"angle": 0, "axis": "y", "origin": [8, 8, 8]},
			"faces": {
				"north": {"uv": [12, 13, 11, 14], "texture": "#overlay", "cullface": "up"},
				"east": {"uv": [11, 13, 12, 15], "rotation": 90, "texture": "#overlay", "cullface": "up"},
				"south": {"uv": [11, 14, 12, 15], "texture": "#overlay", "cullface": "up"},
				"west": {"uv": [11, 13, 12, 15], "rotation": 270, "texture": "#overlay", "cullface": "up"},
				"up": {"uv": [11, 13, 12, 15], "texture": "#overlay", "cullface": "up"}
			}
		},
		{
			"name": "amethyst_12",
			"from": [13, 16, 9],
			"to": [14, 16.25, 12],
			"rotation": {"angle": 0, "axis": "y", "origin": [8, 8, 8]},
			"faces": {
				"north": {"uv": [14, 9, 13, 10], "texture": "#overlay", "cullface": "up"},
				"east": {"uv": [13, 9, 14, 12], "rotation": 90, "texture": "#overlay", "cullface": "up"},
				"south": {"uv": [13, 11, 14, 12], "texture": "#overlay", "cullface": "up"},
				"west": {"uv": [13, 9, 14, 12], "rotation": 270, "texture": "#overlay", "cullface": "up"},
				"up": {"uv": [13, 9, 14, 12], "texture": "#overlay", "cullface": "up"}
			}
		},
		{
			"name": "amethyst_10",
			"from": [14, 16, 8],
			"to": [15, 16.25, 10],
			"rotation": {"angle": 0, "axis": "y", "origin": [8, 8, 8]},
			"faces": {
				"north": {"uv": [15, 8, 14, 9], "texture": "#overlay", "cullface": "up"},
				"east": {"uv": [14, 8, 15, 10], "rotation": 90, "texture": "#overlay", "cullface": "up"},
				"south": {"uv": [14, 9, 15, 10], "texture": "#overlay", "cullface": "up"},
				"west": {"uv": [14, 8, 15, 10], "rotation": 270, "texture": "#overlay", "cullface": "up"},
				"up": {"uv": [14, 8, 15, 10], "texture": "#overlay", "cullface": "up"}
			}
		},
		{
			"name": "amethyst_4",
			"from": [13, 16, 3],
			"to": [14, 16.25, 6],
			"rotation": {"angle": 0, "axis": "y", "origin": [8, 8, 8]},
			"faces": {
				"north": {"uv": [14, 3, 13, 4], "texture": "#overlay", "cullface": "up"},
				"east": {"uv": [13, 3, 14, 6], "rotation": 90, "texture": "#overlay", "cullface": "up"},
				"south": {"uv": [13, 5, 14, 6], "texture": "#overlay", "cullface": "up"},
				"west": {"uv": [13, 3, 14, 6], "rotation": 270, "texture": "#overlay", "cullface": "up"},
				"up": {"uv": [13, 3, 14, 6], "texture": "#overlay", "cullface": "up"}
			}
		},
		{
			"name": "amethyst_2",
			"from": [12, 16, 2],
			"to": [13, 16.25, 5],
			"rotation": {"angle": 0, "axis": "y", "origin": [8, 8, 8]},
			"faces": {
				"north": {"uv": [13, 2, 12, 3], "texture": "#overlay", "cullface": "up"},
				"east": {"uv": [12, 2, 13, 5], "rotation": 90, "texture": "#overlay", "cullface": "up"},
				"south": {"uv": [12, 4, 13, 5], "texture": "#overlay", "cullface": "up"},
				"west": {"uv": [12, 2, 13, 5], "rotation": 270, "texture": "#overlay", "cullface": "up"},
				"up": {"uv": [12, 2, 13, 5], "texture": "#overlay", "cullface": "up"}
			}
		},
		{
			"name": "amethyst_12",
			"from": [2, 3, 16],
			"to": [3, 7, 16.35],
			"rotation": {"angle": 0, "axis": "x", "origin": [8, 8, 8]},
			"faces": {
				"east": {"uv": [2, 9, 3, 13], "texture": "#overlay", "cullface": "south"},
				"south": {"uv": [2, 9, 3, 13], "texture": "#overlay", "cullface": "south"},
				"west": {"uv": [2, 9, 3, 13], "texture": "#overlay", "cullface": "south"},
				"up": {"uv": [3, 9, 2, 10], "rotation": 180, "texture": "#overlay", "cullface": "south"},
				"down": {"uv": [2, 12, 3, 13], "texture": "#overlay", "cullface": "south"}
			}
		},
		{
			"name": "amethyst_9",
			"from": [3, 4, 16],
			"to": [4, 8, 16.5],
			"rotation": {"angle": 0, "axis": "x", "origin": [8, 8, 8]},
			"faces": {
				"east": {"uv": [3, 8, 4, 12], "texture": "#overlay", "cullface": "south"},
				"south": {"uv": [3, 8, 4, 12], "texture": "#overlay", "cullface": "south"},
				"west": {"uv": [3, 8, 4, 12], "texture": "#overlay", "cullface": "south"},
				"up": {"uv": [4, 8, 3, 9], "rotation": 180, "texture": "#overlay", "cullface": "south"},
				"down": {"uv": [3, 11, 4, 12], "texture": "#overlay", "cullface": "south"}
			}
		},
		{
			"name": "amethyst_8",
			"from": [4, 6, 16],
			"to": [5, 9, 16.35],
			"rotation": {"angle": 0, "axis": "x", "origin": [8, 8, 8]},
			"faces": {
				"east": {"uv": [4, 7, 5, 10], "texture": "#overlay", "cullface": "south"},
				"south": {"uv": [4, 7, 5, 10], "texture": "#overlay", "cullface": "south"},
				"west": {"uv": [4, 7, 5, 10], "texture": "#overlay", "cullface": "south"},
				"up": {"uv": [5, 7, 4, 8], "rotation": 180, "texture": "#overlay", "cullface": "south"},
				"down": {"uv": [4, 9, 5, 10], "texture": "#overlay", "cullface": "south"}
			}
		},
		{
			"name": "amethyst_1",
			"from": [4, 11, 16],
			"to": [5, 15, 16.25],
			"rotation": {"angle": 0, "axis": "x", "origin": [8, 8, 8]},
			"faces": {
				"east": {"uv": [4, 1, 5, 5], "texture": "#overlay", "cullface": "south"},
				"south": {"uv": [4, 1, 5, 5], "texture": "#overlay", "cullface": "south"},
				"west": {"uv": [4, 1, 5, 5], "texture": "#overlay", "cullface": "south"},
				"up": {"uv": [5, 1, 4, 2], "rotation": 180, "texture": "#overlay", "cullface": "south"},
				"down": {"uv": [4, 4, 5, 5], "texture": "#overlay", "cullface": "south"}
			}
		},
		{
			"name": "amethyst_2",
			"from": [3, 12, 16],
			"to": [4, 14, 16.25],
			"rotation": {"angle": 0, "axis": "x", "origin": [8, 8, 8]},
			"faces": {
				"east": {"uv": [3, 2, 4, 4], "texture": "#overlay", "cullface": "south"},
				"south": {"uv": [3, 2, 4, 4], "texture": "#overlay", "cullface": "south"},
				"west": {"uv": [3, 2, 4, 4], "texture": "#overlay", "cullface": "south"},
				"up": {"uv": [4, 2, 3, 3], "rotation": 180, "texture": "#overlay", "cullface": "south"},
				"down": {"uv": [3, 3, 4, 4], "texture": "#overlay", "cullface": "south"}
			}
		},
		{
			"name": "amethyst_6",
			"from": [7, 10, 16],
			"to": [8, 12, 16.5],
			"rotation": {"angle": 0, "axis": "x", "origin": [8, 8, 8]},
			"faces": {
				"east": {"uv": [7, 4, 8, 6], "texture": "#overlay", "cullface": "south"},
				"south": {"uv": [7, 4, 8, 6], "texture": "#overlay", "cullface": "south"},
				"west": {"uv": [7, 4, 8, 6], "texture": "#overlay", "cullface": "south"},
				"up": {"uv": [8, 4, 7, 5], "rotation": 180, "texture": "#overlay", "cullface": "south"},
				"down": {"uv": [7, 5, 8, 6], "texture": "#overlay", "cullface": "south"}
			}
		},
		{
			"name": "amethyst_4",
			"from": [8, 8, 16],
			"to": [9, 13, 16.65],
			"rotation": {"angle": 0, "axis": "x", "origin": [8, 8, 8]},
			"faces": {
				"east": {"uv": [8, 3, 9, 8], "texture": "#overlay", "cullface": "south"},
				"south": {"uv": [8, 3, 9, 8], "texture": "#overlay", "cullface": "south"},
				"west": {"uv": [8, 3, 9, 8], "texture": "#overlay", "cullface": "south"},
				"up": {"uv": [9, 3, 8, 4], "rotation": 180, "texture": "#overlay", "cullface": "south"},
				"down": {"uv": [8, 7, 9, 8], "texture": "#overlay", "cullface": "south"}
			}
		},
		{
			"name": "amethyst_7",
			"from": [9, 5, 16],
			"to": [10, 11, 16.65],
			"rotation": {"angle": 0, "axis": "x", "origin": [8, 8, 8]},
			"faces": {
				"east": {"uv": [9, 5, 10, 11], "texture": "#overlay", "cullface": "south"},
				"south": {"uv": [9, 5, 10, 11], "texture": "#overlay", "cullface": "south"},
				"west": {"uv": [9, 5, 10, 11], "texture": "#overlay", "cullface": "south"},
				"up": {"uv": [10, 5, 9, 6], "rotation": 180, "texture": "#overlay", "cullface": "south"},
				"down": {"uv": [9, 10, 10, 11], "texture": "#overlay", "cullface": "south"}
			}
		},
		{
			"name": "amethyst_10",
			"from": [10, 6, 16],
			"to": [11, 8, 16.5],
			"rotation": {"angle": 0, "axis": "x", "origin": [8, 8, 8]},
			"faces": {
				"east": {"uv": [10, 8, 11, 10], "texture": "#overlay", "cullface": "south"},
				"south": {"uv": [10, 8, 11, 10], "texture": "#overlay", "cullface": "south"},
				"west": {"uv": [10, 8, 11, 10], "texture": "#overlay", "cullface": "south"},
				"up": {"uv": [11, 8, 10, 9], "rotation": 180, "texture": "#overlay", "cullface": "south"},
				"down": {"uv": [10, 9, 11, 10], "texture": "#overlay", "cullface": "south"}
			}
		},
		{
			"name": "amethyst_14",
			"from": [10, 2, 16],
			"to": [11, 4, 16.15],
			"rotation": {"angle": 0, "axis": "x", "origin": [8, 8, 8]},
			"faces": {
				"east": {"uv": [10, 12, 11, 14], "texture": "#overlay", "cullface": "south"},
				"south": {"uv": [10, 12, 11, 14], "texture": "#overlay", "cullface": "south"},
				"west": {"uv": [10, 12, 11, 14], "texture": "#overlay", "cullface": "south"},
				"up": {"uv": [11, 12, 10, 13], "rotation": 180, "texture": "#overlay", "cullface": "south"},
				"down": {"uv": [10, 13, 11, 14], "texture": "#overlay", "cullface": "south"}
			}
		},
		{
			"name": "amethyst_15",
			"from": [11, 1, 16],
			"to": [12, 3, 16.15],
			"rotation": {"angle": 0, "axis": "x", "origin": [8, 8, 8]},
			"faces": {
				"east": {"uv": [11, 13, 12, 15], "texture": "#overlay", "cullface": "south"},
				"south": {"uv": [11, 13, 12, 15], "texture": "#overlay", "cullface": "south"},
				"west": {"uv": [11, 13, 12, 15], "texture": "#overlay", "cullface": "south"},
				"up": {"uv": [12, 13, 11, 14], "rotation": 180, "texture": "#overlay", "cullface": "south"},
				"down": {"uv": [11, 14, 12, 15], "texture": "#overlay", "cullface": "south"}
			}
		},
		{
			"name": "amethyst_13",
			"from": [13, 4, 16],
			"to": [14, 7, 16.25],
			"rotation": {"angle": 0, "axis": "x", "origin": [8, 8, 8]},
			"faces": {
				"east": {"uv": [13, 9, 14, 12], "texture": "#overlay", "cullface": "south"},
				"south": {"uv": [13, 9, 14, 12], "texture": "#overlay", "cullface": "south"},
				"west": {"uv": [13, 9, 14, 12], "texture": "#overlay", "cullface": "south"},
				"up": {"uv": [14, 9, 13, 10], "rotation": 180, "texture": "#overlay", "cullface": "south"},
				"down": {"uv": [13, 11, 14, 12], "texture": "#overlay", "cullface": "south"}
			}
		},
		{
			"name": "amethyst_11",
			"from": [14, 6, 16],
			"to": [15, 8, 16.25],
			"rotation": {"angle": 0, "axis": "x", "origin": [8, 8, 8]},
			"faces": {
				"east": {"uv": [14, 8, 15, 10], "texture": "#overlay", "cullface": "south"},
				"south": {"uv": [14, 8, 15, 10], "texture": "#overlay", "cullface": "south"},
				"west": {"uv": [14, 8, 15, 10], "texture": "#overlay", "cullface": "south"},
				"up": {"uv": [15, 8, 14, 9], "rotation": 180, "texture": "#overlay", "cullface": "south"},
				"down": {"uv": [14, 9, 15, 10], "texture": "#overlay", "cullface": "south"}
			}
		},
		{
			"name": "amethyst_5",
			"from": [13, 10, 16],
			"to": [14, 13, 16.25],
			"rotation": {"angle": 0, "axis": "x", "origin": [8, 8, 8]},
			"faces": {
				"east": {"uv": [13, 3, 14, 6], "texture": "#overlay", "cullface": "south"},
				"south": {"uv": [13, 3, 14, 6], "texture": "#overlay", "cullface": "south"},
				"west": {"uv": [13, 3, 14, 6], "texture": "#overlay", "cullface": "south"},
				"up": {"uv": [14, 3, 13, 4], "rotation": 180, "texture": "#overlay", "cullface": "south"},
				"down": {"uv": [13, 5, 14, 6], "texture": "#overlay", "cullface": "south"}
			}
		},
		{
			"name": "amethyst_3",
			"from": [12, 11, 16],
			"to": [13, 14, 16.25],
			"rotation": {"angle": 0, "axis": "x", "origin": [8, 8, 8]},
			"faces": {
				"east": {"uv": [12, 2, 13, 5], "texture": "#overlay", "cullface": "south"},
				"south": {"uv": [12, 2, 13, 5], "texture": "#overlay", "cullface": "south"},
				"west": {"uv": [12, 2, 13, 5], "texture": "#overlay", "cullface": "south"},
				"up": {"uv": [13, 2, 12, 3], "rotation": 180, "texture": "#overlay", "cullface": "south"},
				"down": {"uv": [12, 4, 13, 5], "texture": "#overlay", "cullface": "south"}
			}
		},
		{
			"name": "amethyst_13",
			"from": [2, -0.35, 3],
			"to": [3, 0, 7],
			"rotation": {"angle": 0, "axis": "x", "origin": [8, 8, 8]},
			"faces": {
				"north": {"uv": [2, 12, 3, 13], "rotation": 180, "texture": "#overlay", "cullface": "down"},
				"east": {"uv": [2, 9, 3, 13], "rotation": 270, "texture": "#overlay", "cullface": "down"},
				"south": {"uv": [3, 9, 2, 10], "rotation": 180, "texture": "#overlay", "cullface": "down"},
				"west": {"uv": [2, 9, 3, 13], "rotation": 90, "texture": "#overlay", "cullface": "down"},
				"down": {"uv": [2, 9, 3, 13], "texture": "#overlay", "cullface": "down"}
			}
		},
		{
			"name": "amethyst_10",
			"from": [3, -0.5, 4],
			"to": [4, 0, 8],
			"rotation": {"angle": 0, "axis": "x", "origin": [8, 8, 8]},
			"faces": {
				"north": {"uv": [3, 11, 4, 12], "rotation": 180, "texture": "#overlay", "cullface": "down"},
				"east": {"uv": [3, 8, 4, 12], "rotation": 270, "texture": "#overlay", "cullface": "down"},
				"south": {"uv": [4, 8, 3, 9], "rotation": 180, "texture": "#overlay", "cullface": "down"},
				"west": {"uv": [3, 8, 4, 12], "rotation": 90, "texture": "#overlay", "cullface": "down"},
				"down": {"uv": [3, 8, 4, 12], "texture": "#overlay", "cullface": "down"}
			}
		},
		{
			"name": "amethyst_9",
			"from": [4, -0.35, 6],
			"to": [5, 0, 9],
			"rotation": {"angle": 0, "axis": "x", "origin": [8, 8, 8]},
			"faces": {
				"north": {"uv": [4, 9, 5, 10], "rotation": 180, "texture": "#overlay", "cullface": "down"},
				"east": {"uv": [4, 7, 5, 10], "rotation": 270, "texture": "#overlay", "cullface": "down"},
				"south": {"uv": [5, 7, 4, 8], "rotation": 180, "texture": "#overlay", "cullface": "down"},
				"west": {"uv": [4, 7, 5, 10], "rotation": 90, "texture": "#overlay", "cullface": "down"},
				"down": {"uv": [4, 7, 5, 10], "texture": "#overlay", "cullface": "down"}
			}
		},
		{
			"name": "amethyst_2",
			"from": [4, -0.25, 11],
			"to": [5, 0, 15],
			"rotation": {"angle": 0, "axis": "x", "origin": [8, 8, 8]},
			"faces": {
				"north": {"uv": [4, 4, 5, 5], "rotation": 180, "texture": "#overlay", "cullface": "down"},
				"east": {"uv": [4, 1, 5, 5], "rotation": 270, "texture": "#overlay", "cullface": "down"},
				"south": {"uv": [5, 1, 4, 2], "rotation": 180, "texture": "#overlay", "cullface": "down"},
				"west": {"uv": [4, 1, 5, 5], "rotation": 90, "texture": "#overlay", "cullface": "down"},
				"down": {"uv": [4, 1, 5, 5], "texture": "#overlay", "cullface": "down"}
			}
		},
		{
			"name": "amethyst_3",
			"from": [3, -0.25, 12],
			"to": [4, 0, 14],
			"rotation": {"angle": 0, "axis": "x", "origin": [8, 8, 8]},
			"faces": {
				"north": {"uv": [3, 3, 4, 4], "rotation": 180, "texture": "#overlay", "cullface": "down"},
				"east": {"uv": [3, 2, 4, 4], "rotation": 270, "texture": "#overlay", "cullface": "down"},
				"south": {"uv": [4, 2, 3, 3], "rotation": 180, "texture": "#overlay", "cullface": "down"},
				"west": {"uv": [3, 2, 4, 4], "rotation": 90, "texture": "#overlay", "cullface": "down"},
				"down": {"uv": [3, 2, 4, 4], "texture": "#overlay", "cullface": "down"}
			}
		},
		{
			"name": "amethyst_7",
			"from": [7, -0.5, 10],
			"to": [8, 0, 12],
			"rotation": {"angle": 0, "axis": "x", "origin": [8, 8, 8]},
			"faces": {
				"north": {"uv": [7, 5, 8, 6], "rotation": 180, "texture": "#overlay", "cullface": "down"},
				"east": {"uv": [7, 4, 8, 6], "rotation": 270, "texture": "#overlay", "cullface": "down"},
				"south": {"uv": [8, 4, 7, 5], "rotation": 180, "texture": "#overlay", "cullface": "down"},
				"west": {"uv": [7, 4, 8, 6], "rotation": 90, "texture": "#overlay", "cullface": "down"},
				"down": {"uv": [7, 4, 8, 6], "texture": "#overlay", "cullface": "down"}
			}
		},
		{
			"name": "amethyst_5",
			"from": [8, -0.65, 8],
			"to": [9, 0, 13],
			"rotation": {"angle": 0, "axis": "x", "origin": [8, 8, 8]},
			"faces": {
				"north": {"uv": [8, 7, 9, 8], "rotation": 180, "texture": "#overlay", "cullface": "down"},
				"east": {"uv": [8, 3, 9, 8], "rotation": 270, "texture": "#overlay", "cullface": "down"},
				"south": {"uv": [9, 3, 8, 4], "rotation": 180, "texture": "#overlay", "cullface": "down"},
				"west": {"uv": [8, 3, 9, 8], "rotation": 90, "texture": "#overlay", "cullface": "down"},
				"down": {"uv": [8, 3, 9, 8], "texture": "#overlay", "cullface": "down"}
			}
		},
		{
			"name": "amethyst_8",
			"from": [9, -0.65, 5],
			"to": [10, 0, 11],
			"rotation": {"angle": 0, "axis": "x", "origin": [8, 8, 8]},
			"faces": {
				"north": {"uv": [9, 10, 10, 11], "rotation": 180, "texture": "#overlay", "cullface": "down"},
				"east": {"uv": [9, 5, 10, 11], "rotation": 270, "texture": "#overlay", "cullface": "down"},
				"south": {"uv": [10, 5, 9, 6], "rotation": 180, "texture": "#overlay", "cullface": "down"},
				"west": {"uv": [9, 5, 10, 11], "rotation": 90, "texture": "#overlay", "cullface": "down"},
				"down": {"uv": [9, 5, 10, 11], "texture": "#overlay", "cullface": "down"}
			}
		},
		{
			"name": "amethyst_11",
			"from": [10, -0.5, 6],
			"to": [11, 0, 8],
			"rotation": {"angle": 0, "axis": "x", "origin": [8, 8, 8]},
			"faces": {
				"north": {"uv": [10, 9, 11, 10], "rotation": 180, "texture": "#overlay", "cullface": "down"},
				"east": {"uv": [10, 8, 11, 10], "rotation": 270, "texture": "#overlay", "cullface": "down"},
				"south": {"uv": [11, 8, 10, 9], "rotation": 180, "texture": "#overlay", "cullface": "down"},
				"west": {"uv": [10, 8, 11, 10], "rotation": 90, "texture": "#overlay", "cullface": "down"},
				"down": {"uv": [10, 8, 11, 10], "texture": "#overlay", "cullface": "down"}
			}
		},
		{
			"name": "amethyst_15",
			"from": [10, -0.15, 2],
			"to": [11, 0, 4],
			"rotation": {"angle": 0, "axis": "x", "origin": [8, 8, 8]},
			"faces": {
				"north": {"uv": [10, 13, 11, 14], "rotation": 180, "texture": "#overlay", "cullface": "down"},
				"east": {"uv": [10, 12, 11, 14], "rotation": 270, "texture": "#overlay", "cullface": "down"},
				"south": {"uv": [11, 12, 10, 13], "rotation": 180, "texture": "#overlay", "cullface": "down"},
				"west": {"uv": [10, 12, 11, 14], "rotation": 90, "texture": "#overlay", "cullface": "down"},
				"down": {"uv": [10, 12, 11, 14], "texture": "#overlay", "cullface": "down"}
			}
		},
		{
			"name": "amethyst_16",
			"from": [11, -0.15, 1],
			"to": [12, 0, 3],
			"rotation": {"angle": 0, "axis": "x", "origin": [8, 8, 8]},
			"faces": {
				"north": {"uv": [11, 14, 12, 15], "rotation": 180, "texture": "#overlay", "cullface": "down"},
				"east": {"uv": [11, 13, 12, 15], "rotation": 270, "texture": "#overlay", "cullface": "down"},
				"south": {"uv": [12, 13, 11, 14], "rotation": 180, "texture": "#overlay", "cullface": "down"},
				"west": {"uv": [11, 13, 12, 15], "rotation": 90, "texture": "#overlay", "cullface": "down"},
				"down": {"uv": [11, 13, 12, 15], "texture": "#overlay", "cullface": "down"}
			}
		},
		{
			"name": "amethyst_14",
			"from": [13, -0.25, 4],
			"to": [14, 0, 7],
			"rotation": {"angle": 0, "axis": "x", "origin": [8, 8, 8]},
			"faces": {
				"north": {"uv": [13, 11, 14, 12], "rotation": 180, "texture": "#overlay", "cullface": "down"},
				"east": {"uv": [13, 9, 14, 12], "rotation": 270, "texture": "#overlay", "cullface": "down"},
				"south": {"uv": [14, 9, 13, 10], "rotation": 180, "texture": "#overlay", "cullface": "down"},
				"west": {"uv": [13, 9, 14, 12], "rotation": 90, "texture": "#overlay", "cullface": "down"},
				"down": {"uv": [13, 9, 14, 12], "texture": "#overlay", "cullface": "down"}
			}
		},
		{
			"name": "amethyst_12",
			"from": [14, -0.25, 6],
			"to": [15, 0, 8],
			"rotation": {"angle": 0, "axis": "x", "origin": [8, 8, 8]},
			"faces": {
				"north": {"uv": [14, 9, 15, 10], "rotation": 180, "texture": "#overlay", "cullface": "down"},
				"east": {"uv": [14, 8, 15, 10], "rotation": 270, "texture": "#overlay", "cullface": "down"},
				"south": {"uv": [15, 8, 14, 9], "rotation": 180, "texture": "#overlay", "cullface": "down"},
				"west": {"uv": [14, 8, 15, 10], "rotation": 90, "texture": "#overlay", "cullface": "down"},
				"down": {"uv": [14, 8, 15, 10], "texture": "#overlay", "cullface": "down"}
			}
		},
		{
			"name": "amethyst_6",
			"from": [13, -0.25, 10],
			"to": [14, 0, 13],
			"rotation": {"angle": 0, "axis": "x", "origin": [8, 8, 8]},
			"faces": {
				"north": {"uv": [13, 5, 14, 6], "rotation": 180, "texture": "#overlay", "cullface": "down"},
				"east": {"uv": [13, 3, 14, 6], "rotation": 270, "texture": "#overlay", "cullface": "down"},
				"south": {"uv": [14, 3, 13, 4], "rotation": 180, "texture": "#overlay", "cullface": "down"},
				"west": {"uv": [13, 3, 14, 6], "rotation": 90, "texture": "#overlay", "cullface": "down"},
				"down": {"uv": [13, 3, 14, 6], "texture": "#overlay", "cullface": "down"}
			}
		},
		{
			"name": "amethyst_4",
			"from": [12, -0.25, 11],
			"to": [13, 0, 14],
			"rotation": {"angle": 0, "axis": "x", "origin": [8, 8, 8]},
			"faces": {
				"north": {"uv": [12, 4, 13, 5], "rotation": 180, "texture": "#overlay", "cullface": "down"},
				"east": {"uv": [12, 2, 13, 5], "rotation": 270, "texture": "#overlay", "cullface": "down"},
				"south": {"uv": [13, 2, 12, 3], "rotation": 180, "texture": "#overlay", "cullface": "down"},
				"west": {"uv": [12, 2, 13, 5], "rotation": 90, "texture": "#overlay", "cullface": "down"},
				"down": {"uv": [12, 2, 13, 5], "texture": "#overlay", "cullface": "down"}
			}
		},
		{
			"name": "amethyst_13",
			"from": [16, 3, 13],
			"to": [16.35, 7, 14],
			"rotation": {"angle": 0, "axis": "y", "origin": [8, 8, 8]},
			"faces": {
				"north": {"uv": [2, 9, 3, 13], "texture": "#overlay", "cullface": "east"},
				"east": {"uv": [2, 9, 3, 13], "texture": "#overlay", "cullface": "east"},
				"south": {"uv": [2, 9, 3, 13], "texture": "#overlay", "cullface": "east"},
				"up": {"uv": [3, 9, 2, 10], "rotation": 90, "texture": "#overlay", "cullface": "east"},
				"down": {"uv": [2, 12, 3, 13], "rotation": 90, "texture": "#overlay", "cullface": "east"}
			}
		},
		{
			"name": "amethyst_10",
			"from": [16, 4, 12],
			"to": [16.5, 8, 13],
			"rotation": {"angle": 0, "axis": "y", "origin": [8, 8, 8]},
			"faces": {
				"north": {"uv": [3, 8, 4, 12], "texture": "#overlay", "cullface": "east"},
				"east": {"uv": [3, 8, 4, 12], "texture": "#overlay", "cullface": "east"},
				"south": {"uv": [3, 8, 4, 12], "texture": "#overlay", "cullface": "east"},
				"up": {"uv": [4, 8, 3, 9], "rotation": 90, "texture": "#overlay", "cullface": "east"},
				"down": {"uv": [3, 11, 4, 12], "rotation": 90, "texture": "#overlay", "cullface": "east"}
			}
		},
		{
			"name": "amethyst_9",
			"from": [16, 6, 11],
			"to": [16.35, 9, 12],
			"rotation": {"angle": 0, "axis": "y", "origin": [8, 8, 8]},
			"faces": {
				"north": {"uv": [4, 7, 5, 10], "texture": "#overlay", "cullface": "east"},
				"east": {"uv": [4, 7, 5, 10], "texture": "#overlay", "cullface": "east"},
				"south": {"uv": [4, 7, 5, 10], "texture": "#overlay", "cullface": "east"},
				"up": {"uv": [5, 7, 4, 8], "rotation": 90, "texture": "#overlay", "cullface": "east"},
				"down": {"uv": [4, 9, 5, 10], "rotation": 90, "texture": "#overlay", "cullface": "east"}
			}
		},
		{
			"name": "amethyst_2",
			"from": [16, 11, 11],
			"to": [16.25, 15, 12],
			"rotation": {"angle": 0, "axis": "y", "origin": [8, 8, 8]},
			"faces": {
				"north": {"uv": [4, 1, 5, 5], "texture": "#overlay", "cullface": "east"},
				"east": {"uv": [4, 1, 5, 5], "texture": "#overlay", "cullface": "east"},
				"south": {"uv": [4, 1, 5, 5], "texture": "#overlay", "cullface": "east"},
				"up": {"uv": [5, 1, 4, 2], "rotation": 90, "texture": "#overlay", "cullface": "east"},
				"down": {"uv": [4, 4, 5, 5], "rotation": 90, "texture": "#overlay", "cullface": "east"}
			}
		},
		{
			"name": "amethyst_3",
			"from": [16, 12, 12],
			"to": [16.25, 14, 13],
			"rotation": {"angle": 0, "axis": "y", "origin": [8, 8, 8]},
			"faces": {
				"north": {"uv": [3, 2, 4, 4], "texture": "#overlay", "cullface": "east"},
				"east": {"uv": [3, 2, 4, 4], "texture": "#overlay", "cullface": "east"},
				"south": {"uv": [3, 2, 4, 4], "texture": "#overlay", "cullface": "east"},
				"up": {"uv": [4, 2, 3, 3], "rotation": 90, "texture": "#overlay", "cullface": "east"},
				"down": {"uv": [3, 3, 4, 4], "rotation": 90, "texture": "#overlay", "cullface": "east"}
			}
		},
		{
			"name": "amethyst_7",
			"from": [16, 10, 8],
			"to": [16.5, 12, 9],
			"rotation": {"angle": 0, "axis": "y", "origin": [8, 8, 8]},
			"faces": {
				"north": {"uv": [7, 4, 8, 6], "texture": "#overlay", "cullface": "east"},
				"east": {"uv": [7, 4, 8, 6], "texture": "#overlay", "cullface": "east"},
				"south": {"uv": [7, 4, 8, 6], "texture": "#overlay", "cullface": "east"},
				"up": {"uv": [8, 4, 7, 5], "rotation": 90, "texture": "#overlay", "cullface": "east"},
				"down": {"uv": [7, 5, 8, 6], "rotation": 90, "texture": "#overlay", "cullface": "east"}
			}
		},
		{
			"name": "amethyst_5",
			"from": [16, 8, 7],
			"to": [16.65, 13, 8],
			"rotation": {"angle": 0, "axis": "y", "origin": [8, 8, 8]},
			"faces": {
				"north": {"uv": [8, 3, 9, 8], "texture": "#overlay", "cullface": "east"},
				"east": {"uv": [8, 3, 9, 8], "texture": "#overlay", "cullface": "east"},
				"south": {"uv": [8, 3, 9, 8], "texture": "#overlay", "cullface": "east"},
				"up": {"uv": [9, 3, 8, 4], "rotation": 90, "texture": "#overlay", "cullface": "east"},
				"down": {"uv": [8, 7, 9, 8], "rotation": 90, "texture": "#overlay", "cullface": "east"}
			}
		},
		{
			"name": "amethyst_8",
			"from": [16, 5, 6],
			"to": [16.65, 11, 7],
			"rotation": {"angle": 0, "axis": "y", "origin": [8, 8, 8]},
			"faces": {
				"north": {"uv": [9, 5, 10, 11], "texture": "#overlay", "cullface": "east"},
				"east": {"uv": [9, 5, 10, 11], "texture": "#overlay", "cullface": "east"},
				"south": {"uv": [9, 5, 10, 11], "texture": "#overlay", "cullface": "east"},
				"up": {"uv": [10, 5, 9, 6], "rotation": 90, "texture": "#overlay", "cullface": "east"},
				"down": {"uv": [9, 10, 10, 11], "rotation": 90, "texture": "#overlay", "cullface": "east"}
			}
		},
		{
			"name": "amethyst_11",
			"from": [16, 6, 5],
			"to": [16.5, 8, 6],
			"rotation": {"angle": 0, "axis": "y", "origin": [8, 8, 8]},
			"faces": {
				"north": {"uv": [10, 8, 11, 10], "texture": "#overlay", "cullface": "east"},
				"east": {"uv": [10, 8, 11, 10], "texture": "#overlay", "cullface": "east"},
				"south": {"uv": [10, 8, 11, 10], "texture": "#overlay", "cullface": "east"},
				"up": {"uv": [11, 8, 10, 9], "rotation": 90, "texture": "#overlay", "cullface": "east"},
				"down": {"uv": [10, 9, 11, 10], "rotation": 90, "texture": "#overlay", "cullface": "east"}
			}
		},
		{
			"name": "amethyst_15",
			"from": [16, 2, 5],
			"to": [16.15, 4, 6],
			"rotation": {"angle": 0, "axis": "y", "origin": [8, 8, 8]},
			"faces": {
				"north": {"uv": [10, 12, 11, 14], "texture": "#overlay", "cullface": "east"},
				"east": {"uv": [10, 12, 11, 14], "texture": "#overlay", "cullface": "east"},
				"south": {"uv": [10, 12, 11, 14], "texture": "#overlay", "cullface": "east"},
				"up": {"uv": [11, 12, 10, 13], "rotation": 90, "texture": "#overlay", "cullface": "east"},
				"down": {"uv": [10, 13, 11, 14], "rotation": 90, "texture": "#overlay", "cullface": "east"}
			}
		},
		{
			"name": "amethyst_16",
			"from": [16, 1, 4],
			"to": [16.15, 3, 5],
			"rotation": {"angle": 0, "axis": "y", "origin": [8, 8, 8]},
			"faces": {
				"north": {"uv": [11, 13, 12, 15], "texture": "#overlay", "cullface": "east"},
				"east": {"uv": [11, 13, 12, 15], "texture": "#overlay", "cullface": "east"},
				"south": {"uv": [11, 13, 12, 15], "texture": "#overlay", "cullface": "east"},
				"up": {"uv": [12, 13, 11, 14], "rotation": 90, "texture": "#overlay", "cullface": "east"},
				"down": {"uv": [11, 14, 12, 15], "rotation": 90, "texture": "#overlay", "cullface": "east"}
			}
		},
		{
			"name": "amethyst_14",
			"from": [16, 4, 2],
			"to": [16.25, 7, 3],
			"rotation": {"angle": 0, "axis": "y", "origin": [8, 8, 8]},
			"faces": {
				"north": {"uv": [13, 9, 14, 12], "texture": "#overlay", "cullface": "east"},
				"east": {"uv": [13, 9, 14, 12], "texture": "#overlay", "cullface": "east"},
				"south": {"uv": [13, 9, 14, 12], "texture": "#overlay", "cullface": "east"},
				"up": {"uv": [14, 9, 13, 10], "rotation": 90, "texture": "#overlay", "cullface": "east"},
				"down": {"uv": [13, 11, 14, 12], "rotation": 90, "texture": "#overlay", "cullface": "east"}
			}
		},
		{
			"name": "amethyst_12",
			"from": [16, 6, 1],
			"to": [16.25, 8, 2],
			"rotation": {"angle": 0, "axis": "y", "origin": [8, 8, 8]},
			"faces": {
				"north": {"uv": [14, 8, 15, 10], "texture": "#overlay", "cullface": "east"},
				"east": {"uv": [14, 8, 15, 10], "texture": "#overlay", "cullface": "east"},
				"south": {"uv": [14, 8, 15, 10], "texture": "#overlay", "cullface": "east"},
				"up": {"uv": [15, 8, 14, 9], "rotation": 90, "texture": "#overlay", "cullface": "east"},
				"down": {"uv": [14, 9, 15, 10], "rotation": 90, "texture": "#overlay", "cullface": "east"}
			}
		},
		{
			"name": "amethyst_6",
			"from": [16, 10, 2],
			"to": [16.25, 13, 3],
			"rotation": {"angle": 0, "axis": "y", "origin": [8, 8, 8]},
			"faces": {
				"north": {"uv": [13, 3, 14, 6], "texture": "#overlay", "cullface": "east"},
				"east": {"uv": [13, 3, 14, 6], "texture": "#overlay", "cullface": "east"},
				"south": {"uv": [13, 3, 14, 6], "texture": "#overlay", "cullface": "east"},
				"up": {"uv": [14, 3, 13, 4], "rotation": 90, "texture": "#overlay", "cullface": "east"},
				"down": {"uv": [13, 5, 14, 6], "rotation": 90, "texture": "#overlay", "cullface": "east"}
			}
		},
		{
			"name": "amethyst_4",
			"from": [16, 11, 3],
			"to": [16.25, 14, 4],
			"rotation": {"angle": 0, "axis": "y", "origin": [8, 8, 8]},
			"faces": {
				"north": {"uv": [12, 2, 13, 5], "texture": "#overlay", "cullface": "east"},
				"east": {"uv": [12, 2, 13, 5], "texture": "#overlay", "cullface": "east"},
				"south": {"uv": [12, 2, 13, 5], "texture": "#overlay", "cullface": "east"},
				"up": {"uv": [13, 2, 12, 3], "rotation": 90, "texture": "#overlay", "cullface": "east"},
				"down": {"uv": [12, 4, 13, 5], "rotation": 90, "texture": "#overlay", "cullface": "east"}
			}
		},
		{
			"name": "amethyst_14",
			"from": [13, 3, -0.35],
			"to": [14, 7, 0],
			"rotation": {"angle": 0, "axis": "y", "origin": [8, 8, 8]},
			"faces": {
				"north": {"uv": [2, 9, 3, 13], "texture": "#overlay", "cullface": "north"},
				"east": {"uv": [2, 9, 3, 13], "texture": "#overlay", "cullface": "north"},
				"west": {"uv": [2, 9, 3, 13], "texture": "#overlay", "cullface": "north"},
				"up": {"uv": [3, 9, 2, 10], "texture": "#overlay", "cullface": "north"},
				"down": {"uv": [2, 12, 3, 13], "rotation": 180, "texture": "#overlay", "cullface": "north"}
			}
		},
		{
			"name": "amethyst_11",
			"from": [12, 4, -0.5],
			"to": [13, 8, 0],
			"rotation": {"angle": 0, "axis": "y", "origin": [8, 8, 8]},
			"faces": {
				"north": {"uv": [3, 8, 4, 12], "texture": "#overlay", "cullface": "north"},
				"east": {"uv": [3, 8, 4, 12], "texture": "#overlay", "cullface": "north"},
				"west": {"uv": [3, 8, 4, 12], "texture": "#overlay", "cullface": "north"},
				"up": {"uv": [4, 8, 3, 9], "texture": "#overlay", "cullface": "north"},
				"down": {"uv": [3, 11, 4, 12], "rotation": 180, "texture": "#overlay", "cullface": "north"}
			}
		},
		{
			"name": "amethyst_10",
			"from": [11, 6, -0.35],
			"to": [12, 9, 0],
			"rotation": {"angle": 0, "axis": "y", "origin": [8, 8, 8]},
			"faces": {
				"north": {"uv": [4, 7, 5, 10], "texture": "#overlay", "cullface": "north"},
				"east": {"uv": [4, 7, 5, 10], "texture": "#overlay", "cullface": "north"},
				"west": {"uv": [4, 7, 5, 10], "texture": "#overlay", "cullface": "north"},
				"up": {"uv": [5, 7, 4, 8], "texture": "#overlay", "cullface": "north"},
				"down": {"uv": [4, 9, 5, 10], "rotation": 180, "texture": "#overlay", "cullface": "north"}
			}
		},
		{
			"name": "amethyst_3",
			"from": [11, 11, -0.25],
			"to": [12, 15, 0],
			"rotation": {"angle": 0, "axis": "y", "origin": [8, 8, 8]},
			"faces": {
				"north": {"uv": [4, 1, 5, 5], "texture": "#overlay", "cullface": "north"},
				"east": {"uv": [4, 1, 5, 5], "texture": "#overlay", "cullface": "north"},
				"west": {"uv": [4, 1, 5, 5], "texture": "#overlay", "cullface": "north"},
				"up": {"uv": [5, 1, 4, 2], "texture": "#overlay", "cullface": "north"},
				"down": {"uv": [4, 4, 5, 5], "rotation": 180, "texture": "#overlay", "cullface": "north"}
			}
		},
		{
			"name": "amethyst_4",
			"from": [12, 12, -0.25],
			"to": [13, 14, 0],
			"rotation": {"angle": 0, "axis": "y", "origin": [8, 8, 8]},
			"faces": {
				"north": {"uv": [3, 2, 4, 4], "texture": "#overlay", "cullface": "north"},
				"east": {"uv": [3, 2, 4, 4], "texture": "#overlay", "cullface": "north"},
				"west": {"uv": [3, 2, 4, 4], "texture": "#overlay", "cullface": "north"},
				"up": {"uv": [4, 2, 3, 3], "texture": "#overlay", "cullface": "north"},
				"down": {"uv": [3, 3, 4, 4], "rotation": 180, "texture": "#overlay", "cullface": "north"}
			}
		},
		{
			"name": "amethyst_8",
			"from": [8, 10, -0.5],
			"to": [9, 12, 0],
			"rotation": {"angle": 0, "axis": "y", "origin": [8, 8, 8]},
			"faces": {
				"north": {"uv": [7, 4, 8, 6], "texture": "#overlay", "cullface": "north"},
				"east": {"uv": [7, 4, 8, 6], "texture": "#overlay", "cullface": "north"},
				"west": {"uv": [7, 4, 8, 6], "texture": "#overlay", "cullface": "north"},
				"up": {"uv": [8, 4, 7, 5], "texture": "#overlay", "cullface": "north"},
				"down": {"uv": [7, 5, 8, 6], "rotation": 180, "texture": "#overlay", "cullface": "north"}
			}
		},
		{
			"name": "amethyst_6",
			"from": [7, 8, -0.65],
			"to": [8, 13, 0],
			"rotation": {"angle": 0, "axis": "y", "origin": [8, 8, 8]},
			"faces": {
				"north": {"uv": [8, 3, 9, 8], "texture": "#overlay", "cullface": "north"},
				"east": {"uv": [8, 3, 9, 8], "texture": "#overlay", "cullface": "north"},
				"west": {"uv": [8, 3, 9, 8], "texture": "#overlay", "cullface": "north"},
				"up": {"uv": [9, 3, 8, 4], "texture": "#overlay", "cullface": "north"},
				"down": {"uv": [8, 7, 9, 8], "rotation": 180, "texture": "#overlay", "cullface": "north"}
			}
		},
		{
			"name": "amethyst_9",
			"from": [6, 5, -0.65],
			"to": [7, 11, 0],
			"rotation": {"angle": 0, "axis": "y", "origin": [8, 8, 8]},
			"faces": {
				"north": {"uv": [9, 5, 10, 11], "texture": "#overlay", "cullface": "north"},
				"east": {"uv": [9, 5, 10, 11], "texture": "#overlay", "cullface": "north"},
				"west": {"uv": [9, 5, 10, 11], "texture": "#overlay", "cullface": "north"},
				"up": {"uv": [10, 5, 9, 6], "texture": "#overlay", "cullface": "north"},
				"down": {"uv": [9, 10, 10, 11], "rotation": 180, "texture": "#overlay", "cullface": "north"}
			}
		},
		{
			"name": "amethyst_12",
			"from": [5, 6, -0.5],
			"to": [6, 8, 0],
			"rotation": {"angle": 0, "axis": "y", "origin": [8, 8, 8]},
			"faces": {
				"north": {"uv": [10, 8, 11, 10], "texture": "#overlay", "cullface": "north"},
				"east": {"uv": [10, 8, 11, 10], "texture": "#overlay", "cullface": "north"},
				"west": {"uv": [10, 8, 11, 10], "texture": "#overlay", "cullface": "north"},
				"up": {"uv": [11, 8, 10, 9], "texture": "#overlay", "cullface": "north"},
				"down": {"uv": [10, 9, 11, 10], "rotation": 180, "texture": "#overlay", "cullface": "north"}
			}
		},
		{
			"name": "amethyst_16",
			"from": [5, 2, -0.15],
			"to": [6, 4, 0],
			"rotation": {"angle": 0, "axis": "y", "origin": [8, 8, 8]},
			"faces": {
				"north": {"uv": [10, 12, 11, 14], "texture": "#overlay", "cullface": "north"},
				"east": {"uv": [10, 12, 11, 14], "texture": "#overlay", "cullface": "north"},
				"west": {"uv": [10, 12, 11, 14], "texture": "#overlay", "cullface": "north"},
				"up": {"uv": [11, 12, 10, 13], "texture": "#overlay", "cullface": "north"},
				"down": {"uv": [10, 13, 11, 14], "rotation": 180, "texture": "#overlay", "cullface": "north"}
			}
		},
		{
			"name": "amethyst_17",
			"from": [4, 1, -0.15],
			"to": [5, 3, 0],
			"rotation": {"angle": 0, "axis": "y", "origin": [8, 8, 8]},
			"faces": {
				"north": {"uv": [11, 13, 12, 15], "texture": "#overlay", "cullface": "north"},
				"east": {"uv": [11, 13, 12, 15], "texture": "#overlay", "cullface": "north"},
				"west": {"uv": [11, 13, 12, 15], "texture": "#overlay", "cullface": "north"},
				"up": {"uv": [12, 13, 11, 14], "texture": "#overlay", "cullface": "north"},
				"down": {"uv": [11, 14, 12, 15], "rotation": 180, "texture": "#overlay", "cullface": "north"}
			}
		},
		{
			"name": "amethyst_15",
			"from": [2, 4, -0.25],
			"to": [3, 7, 0],
			"rotation": {"angle": 0, "axis": "y", "origin": [8, 8, 8]},
			"faces": {
				"north": {"uv": [13, 9, 14, 12], "texture": "#overlay", "cullface": "north"},
				"east": {"uv": [13, 9, 14, 12], "texture": "#overlay", "cullface": "north"},
				"west": {"uv": [13, 9, 14, 12], "texture": "#overlay", "cullface": "north"},
				"up": {"uv": [14, 9, 13, 10], "texture": "#overlay", "cullface": "north"},
				"down": {"uv": [13, 11, 14, 12], "rotation": 180, "texture": "#overlay", "cullface": "north"}
			}
		},
		{
			"name": "amethyst_13",
			"from": [1, 6, -0.25],
			"to": [2, 8, 0],
			"rotation": {"angle": 0, "axis": "y", "origin": [8, 8, 8]},
			"faces": {
				"north": {"uv": [14, 8, 15, 10], "texture": "#overlay", "cullface": "north"},
				"east": {"uv": [14, 8, 15, 10], "texture": "#overlay", "cullface": "north"},
				"west": {"uv": [14, 8, 15, 10], "texture": "#overlay", "cullface": "north"},
				"up": {"uv": [15, 8, 14, 9], "texture": "#overlay", "cullface": "north"},
				"down": {"uv": [14, 9, 15, 10], "rotation": 180, "texture": "#overlay", "cullface": "north"}
			}
		},
		{
			"name": "amethyst_7",
			"from": [2, 10, -0.25],
			"to": [3, 13, 0],
			"rotation": {"angle": 0, "axis": "y", "origin": [8, 8, 8]},
			"faces": {
				"north": {"uv": [13, 3, 14, 6], "texture": "#overlay", "cullface": "north"},
				"east": {"uv": [13, 3, 14, 6], "texture": "#overlay", "cullface": "north"},
				"west": {"uv": [13, 3, 14, 6], "texture": "#overlay", "cullface": "north"},
				"up": {"uv": [14, 3, 13, 4], "texture": "#overlay", "cullface": "north"},
				"down": {"uv": [13, 5, 14, 6], "rotation": 180, "texture": "#overlay", "cullface": "north"}
			}
		},
		{
			"name": "amethyst_5",
			"from": [3, 11, -0.25],
			"to": [4, 14, 0],
			"rotation": {"angle": 0, "axis": "y", "origin": [8, 8, 8]},
			"faces": {
				"north": {"uv": [12, 2, 13, 5], "texture": "#overlay", "cullface": "north"},
				"east": {"uv": [12, 2, 13, 5], "texture": "#overlay", "cullface": "north"},
				"west": {"uv": [12, 2, 13, 5], "texture": "#overlay", "cullface": "north"},
				"up": {"uv": [13, 2, 12, 3], "texture": "#overlay", "cullface": "north"},
				"down": {"uv": [12, 4, 13, 5], "rotation": 180, "texture": "#overlay", "cullface": "north"}
			}
		},
		{
			"name": "amethyst_15",
			"from": [-0.35, 3, 2],
			"to": [0, 7, 3],
			"rotation": {"angle": 0, "axis": "y", "origin": [8, 8, 8]},
			"faces": {
				"north": {"uv": [2, 9, 3, 13], "texture": "#overlay", "cullface": "west"},
				"south": {"uv": [2, 9, 3, 13], "texture": "#overlay", "cullface": "west"},
				"west": {"uv": [2, 9, 3, 13], "texture": "#overlay", "cullface": "west"},
				"up": {"uv": [3, 9, 2, 10], "rotation": 270, "texture": "#overlay", "cullface": "west"},
				"down": {"uv": [2, 12, 3, 13], "rotation": 270, "texture": "#overlay", "cullface": "west"}
			}
		},
		{
			"name": "amethyst_12",
			"from": [-0.5, 4, 3],
			"to": [0, 8, 4],
			"rotation": {"angle": 0, "axis": "y", "origin": [8, 8, 8]},
			"faces": {
				"north": {"uv": [3, 8, 4, 12], "texture": "#overlay", "cullface": "west"},
				"south": {"uv": [3, 8, 4, 12], "texture": "#overlay", "cullface": "west"},
				"west": {"uv": [3, 8, 4, 12], "texture": "#overlay", "cullface": "west"},
				"up": {"uv": [4, 8, 3, 9], "rotation": 270, "texture": "#overlay", "cullface": "west"},
				"down": {"uv": [3, 11, 4, 12], "rotation": 270, "texture": "#overlay", "cullface": "west"}
			}
		},
		{
			"name": "amethyst_11",
			"from": [-0.35, 6, 4],
			"to": [0, 9, 5],
			"rotation": {"angle": 0, "axis": "y", "origin": [8, 8, 8]},
			"faces": {
				"north": {"uv": [4, 7, 5, 10], "texture": "#overlay", "cullface": "west"},
				"south": {"uv": [4, 7, 5, 10], "texture": "#overlay", "cullface": "west"},
				"west": {"uv": [4, 7, 5, 10], "texture": "#overlay", "cullface": "west"},
				"up": {"uv": [5, 7, 4, 8], "rotation": 270, "texture": "#overlay", "cullface": "west"},
				"down": {"uv": [4, 9, 5, 10], "rotation": 270, "texture": "#overlay", "cullface": "west"}
			}
		},
		{
			"name": "amethyst_4",
			"from": [-0.25, 11, 4],
			"to": [0, 15, 5],
			"rotation": {"angle": 0, "axis": "y", "origin": [8, 8, 8]},
			"faces": {
				"north": {"uv": [4, 1, 5, 5], "texture": "#overlay", "cullface": "west"},
				"south": {"uv": [4, 1, 5, 5], "texture": "#overlay", "cullface": "west"},
				"west": {"uv": [4, 1, 5, 5], "texture": "#overlay", "cullface": "west"},
				"up": {"uv": [5, 1, 4, 2], "rotation": 270, "texture": "#overlay", "cullface": "west"},
				"down": {"uv": [4, 4, 5, 5], "rotation": 270, "texture": "#overlay", "cullface": "west"}
			}
		},
		{
			"name": "amethyst_5",
			"from": [-0.25, 12, 3],
			"to": [0, 14, 4],
			"rotation": {"angle": 0, "axis": "y", "origin": [8, 8, 8]},
			"faces": {
				"north": {"uv": [3, 2, 4, 4], "texture": "#overlay", "cullface": "west"},
				"south": {"uv": [3, 2, 4, 4], "texture": "#overlay", "cullface": "west"},
				"west": {"uv": [3, 2, 4, 4], "texture": "#overlay", "cullface": "west"},
				"up": {"uv": [4, 2, 3, 3], "rotation": 270, "texture": "#overlay", "cullface": "west"},
				"down": {"uv": [3, 3, 4, 4], "rotation": 270, "texture": "#overlay", "cullface": "west"}
			}
		},
		{
			"name": "amethyst_9",
			"from": [-0.5, 10, 7],
			"to": [0, 12, 8],
			"rotation": {"angle": 0, "axis": "y", "origin": [8, 8, 8]},
			"faces": {
				"north": {"uv": [7, 4, 8, 6], "texture": "#overlay", "cullface": "west"},
				"south": {"uv": [7, 4, 8, 6], "texture": "#overlay", "cullface": "west"},
				"west": {"uv": [7, 4, 8, 6], "texture": "#overlay", "cullface": "west"},
				"up": {"uv": [8, 4, 7, 5], "rotation": 270, "texture": "#overlay", "cullface": "west"},
				"down": {"uv": [7, 5, 8, 6], "rotation": 270, "texture": "#overlay", "cullface": "west"}
			}
		},
		{
			"name": "amethyst_7",
			"from": [-0.65, 8, 8],
			"to": [0, 13, 9],
			"rotation": {"angle": 0, "axis": "y", "origin": [8, 8, 8]},
			"faces": {
				"north": {"uv": [8, 3, 9, 8], "texture": "#overlay", "cullface": "west"},
				"south": {"uv": [8, 3, 9, 8], "texture": "#overlay", "cullface": "west"},
				"west": {"uv": [8, 3, 9, 8], "texture": "#overlay", "cullface": "west"},
				"up": {"uv": [9, 3, 8, 4], "rotation": 270, "texture": "#overlay", "cullface": "west"},
				"down": {"uv": [8, 7, 9, 8], "rotation": 270, "texture": "#overlay", "cullface": "west"}
			}
		},
		{
			"name": "amethyst_10",
			"from": [-0.65, 5, 9],
			"to": [0, 11, 10],
			"rotation": {"angle": 0, "axis": "y", "origin": [8, 8, 8]},
			"faces": {
				"north": {"uv": [9, 5, 10, 11], "texture": "#overlay", "cullface": "west"},
				"south": {"uv": [9, 5, 10, 11], "texture": "#overlay", "cullface": "west"},
				"west": {"uv": [9, 5, 10, 11], "texture": "#overlay", "cullface": "west"},
				"up": {"uv": [10, 5, 9, 6], "rotation": 270, "texture": "#overlay", "cullface": "west"},
				"down": {"uv": [9, 10, 10, 11], "rotation": 270, "texture": "#overlay", "cullface": "west"}
			}
		},
		{
			"name": "amethyst_13",
			"from": [-0.5, 6, 10],
			"to": [0, 8, 11],
			"rotation": {"angle": 0, "axis": "y", "origin": [8, 8, 8]},
			"faces": {
				"north": {"uv": [10, 8, 11, 10], "texture": "#overlay", "cullface": "west"},
				"south": {"uv": [10, 8, 11, 10], "texture": "#overlay", "cullface": "west"},
				"west": {"uv": [10, 8, 11, 10], "texture": "#overlay", "cullface": "west"},
				"up": {"uv": [11, 8, 10, 9], "rotation": 270, "texture": "#overlay", "cullface": "west"},
				"down": {"uv": [10, 9, 11, 10], "rotation": 270, "texture": "#overlay", "cullface": "west"}
			}
		},
		{
			"name": "amethyst_17",
			"from": [-0.15, 2, 10],
			"to": [0, 4, 11],
			"rotation": {"angle": 0, "axis": "y", "origin": [8, 8, 8]},
			"faces": {
				"north": {"uv": [10, 12, 11, 14], "texture": "#overlay", "cullface": "west"},
				"south": {"uv": [10, 12, 11, 14], "texture": "#overlay", "cullface": "west"},
				"west": {"uv": [10, 12, 11, 14], "texture": "#overlay", "cullface": "west"},
				"up": {"uv": [11, 12, 10, 13], "rotation": 270, "texture": "#overlay", "cullface": "west"},
				"down": {"uv": [10, 13, 11, 14], "rotation": 270, "texture": "#overlay", "cullface": "west"}
			}
		},
		{
			"name": "amethyst_18",
			"from": [-0.15, 1, 11],
			"to": [0, 3, 12],
			"rotation": {"angle": 0, "axis": "y", "origin": [8, 8, 8]},
			"faces": {
				"north": {"uv": [11, 13, 12, 15], "texture": "#overlay", "cullface": "west"},
				"south": {"uv": [11, 13, 12, 15], "texture": "#overlay", "cullface": "west"},
				"west": {"uv": [11, 13, 12, 15], "texture": "#overlay", "cullface": "west"},
				"up": {"uv": [12, 13, 11, 14], "rotation": 270, "texture": "#overlay", "cullface": "west"},
				"down": {"uv": [11, 14, 12, 15], "rotation": 270, "texture": "#overlay", "cullface": "west"}
			}
		},
		{
			"name": "amethyst_16",
			"from": [-0.25, 4, 13],
			"to": [0, 7, 14],
			"rotation": {"angle": 0, "axis": "y", "origin": [8, 8, 8]},
			"faces": {
				"north": {"uv": [13, 9, 14, 12], "texture": "#overlay", "cullface": "west"},
				"south": {"uv": [13, 9, 14, 12], "texture": "#overlay", "cullface": "west"},
				"west": {"uv": [13, 9, 14, 12], "texture": "#overlay", "cullface": "west"},
				"up": {"uv": [14, 9, 13, 10], "rotation": 270, "texture": "#overlay", "cullface": "west"},
				"down": {"uv": [13, 11, 14, 12], "rotation": 270, "texture": "#overlay", "cullface": "west"}
			}
		},
		{
			"name": "amethyst_14",
			"from": [-0.25, 6, 14],
			"to": [0, 8, 15],
			"rotation": {"angle": 0, "axis": "y", "origin": [8, 8, 8]},
			"faces": {
				"north": {"uv": [14, 8, 15, 10], "texture": "#overlay", "cullface": "west"},
				"south": {"uv": [14, 8, 15, 10], "texture": "#overlay", "cullface": "west"},
				"west": {"uv": [14, 8, 15, 10], "texture": "#overlay", "cullface": "west"},
				"up": {"uv": [15, 8, 14, 9], "rotation": 270, "texture": "#overlay", "cullface": "west"},
				"down": {"uv": [14, 9, 15, 10], "rotation": 270, "texture": "#overlay", "cullface": "west"}
			}
		},
		{
			"name": "amethyst_8",
			"from": [-0.25, 10, 13],
			"to": [0, 13, 14],
			"rotation": {"angle": 0, "axis": "y", "origin": [8, 8, 8]},
			"faces": {
				"north": {"uv": [13, 3, 14, 6], "texture": "#overlay", "cullface": "west"},
				"south": {"uv": [13, 3, 14, 6], "texture": "#overlay", "cullface": "west"},
				"west": {"uv": [13, 3, 14, 6], "texture": "#overlay", "cullface": "west"},
				"up": {"uv": [14, 3, 13, 4], "rotation": 270, "texture": "#overlay", "cullface": "west"},
				"down": {"uv": [13, 5, 14, 6], "rotation": 270, "texture": "#overlay", "cullface": "west"}
			}
		},
		{
			"name": "amethyst_6",
			"from": [-0.25, 11, 12],
			"to": [0, 14, 13],
			"rotation": {"angle": 0, "axis": "y", "origin": [8, 8, 8]},
			"faces": {
				"north": {"uv": [12, 2, 13, 5], "texture": "#overlay", "cullface": "west"},
				"south": {"uv": [12, 2, 13, 5], "texture": "#overlay", "cullface": "west"},
				"west": {"uv": [12, 2, 13, 5], "texture": "#overlay", "cullface": "west"},
				"up": {"uv": [13, 2, 12, 3], "rotation": 270, "texture": "#overlay", "cullface": "west"},
				"down": {"uv": [12, 4, 13, 5], "rotation": 270, "texture": "#overlay", "cullface": "west"}
			}
		}
	],
	"groups": [
		0,
		{
			"name": "group",
			"origin": [8, 8, 8],
			"color": 0,
			"children": [1, 2, 3, 4, 5, 6, 7, 8, 9, 10, 11, 12, 13, 14, 15]
		},
		{
			"name": "group",
			"origin": [8, 8, 8],
			"color": 0,
			"children": [16, 17, 18, 19, 20, 21, 22, 23, 24, 25, 26, 27, 28, 29, 30]
		},
		{
			"name": "group",
			"origin": [8, 8, 8],
			"color": 0,
			"children": [31, 32, 33, 34, 35, 36, 37, 38, 39, 40, 41, 42, 43, 44, 45]
		},
		{
			"name": "group",
			"origin": [8, 8, 8],
			"color": 0,
			"children": [46, 47, 48, 49, 50, 51, 52, 53, 54, 55, 56, 57, 58, 59, 60]
		},
		{
			"name": "group",
			"origin": [8, 8, 8],
			"color": 0,
			"children": [61, 62, 63, 64, 65, 66, 67, 68, 69, 70, 71, 72, 73, 74, 75]
		},
		{
			"name": "group",
			"origin": [8, 8, 8],
			"color": 0,
			"children": [76, 77, 78, 79, 80, 81, 82, 83, 84, 85, 86, 87, 88, 89, 90]
		}
	]
}