{
	"credit": "Made with Blockbench",
	"parent": "block/block",
	"elements": [
		{
			"from": [0, 0, 0],
			"to": [16, 16, 16],
			"rotation": {"angle": 0, "axis": "y", "origin": [8, 8, 8]},
			"faces": {
				"north": {"uv": [0, 0, 16, 16], "texture": "#all", "cullface": "north"},
				"east": {"uv": [0, 0, 16, 16], "texture": "#all", "cullface": "east"},
				"south": {"uv": [0, 0, 16, 16], "texture": "#all", "cullface": "south"},
				"west": {"uv": [0, 0, 16, 16], "texture": "#all", "cullface": "west"},
				"up": {"uv": [0, 0, 16, 16], "texture": "#all", "cullface": "up"},
				"down": {"uv": [0, 0, 16, 16], "texture": "#all", "cullface": "down"}
			}
		},
		{
			"name": "bituminous_coal_1",
			"from": [0, 16, 0],
			"to": [4, 16.5, 3],
			"rotation": {"angle": 0, "axis": "x", "origin": [8, 8, 8]},
			"faces": {
				"north": {"uv": [4, 0, 0, 1], "texture": "#overlay", "cullface": "up"},
				"east": {"uv": [3, 0, 4, 3], "rotation": 90, "texture": "#overlay", "cullface": "up"},
				"south": {"uv": [0, 2, 4, 3], "texture": "#overlay", "cullface": "up"},
				"west": {"uv": [0, 0, 1, 3], "rotation": 270, "texture": "#overlay", "cullface": "up"},
				"up": {"uv": [0, 0, 4, 3], "texture": "#overlay", "cullface": "up"}
			}
		},
		{
			"name": "bituminous_coal_2",
			"from": [4, 16, 0],
			"to": [6, 16.25, 2],
			"rotation": {"angle": 0, "axis": "x", "origin": [8, 8, 8]},
			"faces": {
				"north": {"uv": [6, 0, 4, 1], "texture": "#overlay", "cullface": "up"},
				"east": {"uv": [5, 0, 6, 2], "rotation": 90, "texture": "#overlay", "cullface": "up"},
				"south": {"uv": [4, 1, 6, 2], "texture": "#overlay", "cullface": "up"},
				"west": {"uv": [4, 0, 5, 2], "rotation": 270, "texture": "#overlay", "cullface": "up"},
				"up": {"uv": [4, 0, 6, 2], "texture": "#overlay", "cullface": "up"}
			}
		},
		{
			"name": "bituminous_coal_3",
			"from": [6, 16, 0],
			"to": [7, 16.15, 1],
			"rotation": {"angle": 0, "axis": "x", "origin": [8, 8, 8]},
			"faces": {
				"north": {"uv": [7, 0, 6, 1], "texture": "#overlay", "cullface": "up"},
				"east": {"uv": [6, 0, 7, 1], "rotation": 90, "texture": "#overlay", "cullface": "up"},
				"south": {"uv": [6, 0, 7, 1], "texture": "#overlay", "cullface": "up"},
				"west": {"uv": [6, 0, 7, 1], "rotation": 270, "texture": "#overlay", "cullface": "up"},
				"up": {"uv": [6, 0, 7, 1], "texture": "#overlay", "cullface": "up"}
			}
		},
		{
			"name": "bituminous_coal_4",
			"from": [10, 16, 0],
			"to": [16, 16.5, 2],
			"rotation": {"angle": 0, "axis": "x", "origin": [8, 8, 8]},
			"faces": {
				"north": {"uv": [16, 0, 10, 1], "texture": "#overlay", "cullface": "up"},
				"east": {"uv": [15, 0, 16, 2], "rotation": 90, "texture": "#overlay", "cullface": "up"},
				"south": {"uv": [10, 1, 16, 2], "texture": "#overlay", "cullface": "up"},
				"west": {"uv": [10, 0, 11, 2], "rotation": 270, "texture": "#overlay", "cullface": "up"},
				"up": {"uv": [10, 0, 16, 2], "texture": "#overlay", "cullface": "up"}
			}
		},
		{
			"name": "bituminous_coal_5",
			"from": [8, 16, 1],
			"to": [10, 16.5, 7],
			"rotation": {"angle": 0, "axis": "x", "origin": [8, 8, 8]},
			"faces": {
				"north": {"uv": [10, 1, 8, 2], "texture": "#overlay", "cullface": "up"},
				"east": {"uv": [9, 1, 10, 7], "rotation": 90, "texture": "#overlay", "cullface": "up"},
				"south": {"uv": [8, 6, 10, 7], "texture": "#overlay", "cullface": "up"},
				"west": {"uv": [8, 1, 9, 7], "rotation": 270, "texture": "#overlay", "cullface": "up"},
				"up": {"uv": [8, 1, 10, 7], "texture": "#overlay", "cullface": "up"}
			}
		},
		{
			"name": "bituminous_coal_6",
			"from": [10, 16, 2],
			"to": [12, 16.15, 3],
			"rotation": {"angle": 0, "axis": "x", "origin": [8, 8, 8]},
			"faces": {
				"east": {"uv": [11, 2, 12, 3], "rotation": 90, "texture": "#overlay", "cullface": "up"},
				"south": {"uv": [10, 2, 12, 3], "texture": "#overlay", "cullface": "up"},
				"up": {"uv": [10, 2, 12, 3], "texture": "#overlay", "cullface": "up"}
			}
		},
		{
			"name": "bituminous_coal_7",
			"from": [13, 16, 2],
			"to": [16, 16.25, 3],
			"rotation": {"angle": 0, "axis": "x", "origin": [8, 8, 8]},
			"faces": {
				"east": {"uv": [15, 2, 16, 3], "rotation": 90, "texture": "#overlay", "cullface": "up"},
				"south": {"uv": [13, 2, 16, 3], "texture": "#overlay", "cullface": "up"},
				"west": {"uv": [13, 2, 14, 3], "rotation": 270, "texture": "#overlay", "cullface": "up"},
				"up": {"uv": [13, 2, 16, 3], "texture": "#overlay", "cullface": "up"}
			}
		},
		{
			"name": "bituminous_coal_8",
			"from": [0, 16, 3],
			"to": [2, 16.25, 5],
			"rotation": {"angle": 0, "axis": "x", "origin": [8, 8, 8]},
			"faces": {
				"east": {"uv": [1, 3, 2, 5], "rotation": 90, "texture": "#overlay", "cullface": "up"},
				"south": {"uv": [0, 4, 2, 5], "texture": "#overlay", "cullface": "up"},
				"west": {"uv": [0, 3, 1, 5], "rotation": 270, "texture": "#overlay", "cullface": "up"},
				"up": {"uv": [0, 3, 2, 5], "texture": "#overlay", "cullface": "up"}
			}
		},
		{
			"name": "bituminous_coal_9",
			"from": [2, 16, 3],
			"to": [3, 16.15, 4],
			"rotation": {"angle": 0, "axis": "x", "origin": [8, 8, 8]},
			"faces": {
				"east": {"uv": [2, 3, 3, 4], "rotation": 90, "texture": "#overlay", "cullface": "up"},
				"south": {"uv": [2, 3, 3, 4], "texture": "#overlay", "cullface": "up"},
				"west": {"uv": [2, 3, 3, 4], "rotation": 270, "texture": "#overlay", "cullface": "up"},
				"up": {"uv": [2, 3, 3, 4], "texture": "#overlay", "cullface": "up"}
			}
		},
		{
			"name": "bituminous_coal_10",
			"from": [7, 16, 3],
			"to": [8, 16.25, 8],
			"rotation": {"angle": 0, "axis": "x", "origin": [8, 8, 8]},
			"faces": {
				"north": {"uv": [8, 3, 7, 4], "texture": "#overlay", "cullface": "up"},
				"east": {"uv": [7, 3, 8, 8], "rotation": 90, "texture": "#overlay", "cullface": "up"},
				"south": {"uv": [7, 7, 8, 8], "texture": "#overlay", "cullface": "up"},
				"west": {"uv": [7, 3, 8, 8], "rotation": 270, "texture": "#overlay", "cullface": "up"},
				"up": {"uv": [7, 3, 8, 8], "texture": "#overlay", "cullface": "up"}
			}
		},
		{
			"name": "bituminous_coal_11",
			"from": [10, 16, 3],
			"to": [11, 16.25, 6],
			"rotation": {"angle": 0, "axis": "x", "origin": [8, 8, 8]},
			"faces": {
				"north": {"uv": [11, 3, 10, 4], "texture": "#overlay", "cullface": "up"},
				"east": {"uv": [10, 3, 11, 6], "rotation": 90, "texture": "#overlay", "cullface": "up"},
				"south": {"uv": [10, 5, 11, 6], "texture": "#overlay", "cullface": "up"},
				"up": {"uv": [10, 3, 11, 6], "texture": "#overlay", "cullface": "up"}
			}
		},
		{
			"name": "bituminous_coal_12",
			"from": [14, 16, 3],
			"to": [16, 16.65, 12],
			"rotation": {"angle": 0, "axis": "x", "origin": [8, 8, 8]},
			"faces": {
				"north": {"uv": [16, 3, 14, 4], "texture": "#overlay", "cullface": "up"},
				"east": {"uv": [15, 3, 16, 12], "rotation": 90, "texture": "#overlay", "cullface": "up"},
				"south": {"uv": [14, 11, 16, 12], "texture": "#overlay", "cullface": "up"},
				"west": {"uv": [14, 3, 15, 12], "rotation": 270, "texture": "#overlay", "cullface": "up"},
				"up": {"uv": [14, 3, 16, 12], "texture": "#overlay", "cullface": "up"}
			}
		},
		{
			"name": "bituminous_coal_13",
			"from": [11, 16, 4],
			"to": [14, 16.25, 6],
			"rotation": {"angle": 0, "axis": "x", "origin": [8, 8, 8]},
			"faces": {
				"north": {"uv": [14, 4, 11, 5], "texture": "#overlay", "cullface": "up"},
				"south": {"uv": [11, 5, 14, 6], "texture": "#overlay", "cullface": "up"},
				"up": {"uv": [11, 4, 14, 6], "texture": "#overlay", "cullface": "up"}
			}
		},
		{
			"name": "bituminous_coal_14",
			"from": [5, 16, 5],
			"to": [7, 16.25, 8],
			"rotation": {"angle": 0, "axis": "x", "origin": [8, 8, 8]},
			"faces": {
				"north": {"uv": [7, 5, 5, 6], "texture": "#overlay", "cullface": "up"},
				"south": {"uv": [5, 7, 7, 8], "texture": "#overlay", "cullface": "up"},
				"west": {"uv": [5, 5, 6, 8], "rotation": 270, "texture": "#overlay", "cullface": "up"},
				"up": {"uv": [5, 5, 7, 8], "texture": "#overlay", "cullface": "up"}
			}
		},
		{
			"name": "bituminous_coal_15",
			"from": [1, 16, 6],
			"to": [5, 16.5, 9],
			"rotation": {"angle": 0, "axis": "x", "origin": [8, 8, 8]},
			"faces": {
				"north": {"uv": [5, 6, 1, 7], "texture": "#overlay", "cullface": "up"},
				"east": {"uv": [4, 6, 5, 9], "rotation": 90, "texture": "#overlay", "cullface": "up"},
				"south": {"uv": [1, 8, 5, 9], "texture": "#overlay", "cullface": "up"},
				"west": {"uv": [1, 6, 2, 9], "rotation": 270, "texture": "#overlay", "cullface": "up"},
				"up": {"uv": [1, 6, 5, 9], "texture": "#overlay", "cullface": "up"}
			}
		},
		{
			"name": "bituminous_coal_16",
			"from": [12, 16, 6],
			"to": [14, 16.5, 12],
			"rotation": {"angle": 0, "axis": "x", "origin": [8, 8, 8]},
			"faces": {
				"north": {"uv": [14, 6, 12, 7], "texture": "#overlay", "cullface": "up"},
				"east": {"uv": [13, 6, 14, 12], "rotation": 90, "texture": "#overlay", "cullface": "up"},
				"south": {"uv": [12, 11, 14, 12], "texture": "#overlay", "cullface": "up"},
				"west": {"uv": [12, 6, 13, 12], "rotation": 270, "texture": "#overlay", "cullface": "up"},
				"up": {"uv": [12, 6, 14, 12], "texture": "#overlay", "cullface": "up"}
			}
		},
		{
			"name": "bituminous_coal_17",
			"from": [0, 16, 7],
			"to": [1, 16.25, 12],
			"rotation": {"angle": 0, "axis": "x", "origin": [8, 8, 8]},
			"faces": {
				"north": {"uv": [1, 7, 0, 8], "texture": "#overlay", "cullface": "up"},
				"south": {"uv": [0, 11, 1, 12], "texture": "#overlay", "cullface": "up"},
				"west": {"uv": [0, 7, 1, 12], "rotation": 270, "texture": "#overlay", "cullface": "up"},
				"up": {"uv": [0, 7, 1, 12], "texture": "#overlay", "cullface": "up"}
			}
		},
		{
			"name": "bituminous_coal_18",
			"from": [11, 16, 8],
			"to": [12, 16.5, 16],
			"rotation": {"angle": 0, "axis": "x", "origin": [8, 8, 8]},
			"faces": {
				"north": {"uv": [12, 8, 11, 9], "texture": "#overlay", "cullface": "up"},
				"east": {"uv": [11, 8, 12, 16], "rotation": 90, "texture": "#overlay", "cullface": "up"},
				"south": {"uv": [11, 15, 12, 16], "texture": "#overlay", "cullface": "up"},
				"west": {"uv": [11, 8, 12, 16], "rotation": 270, "texture": "#overlay", "cullface": "up"},
				"up": {"uv": [11, 8, 12, 16], "texture": "#overlay", "cullface": "up"}
			}
		},
		{
			"name": "bituminous_coal_19",
			"from": [1, 16, 9],
			"to": [4, 16.5, 12],
			"rotation": {"angle": 0, "axis": "x", "origin": [8, 8, 8]},
			"faces": {
				"east": {"uv": [3, 9, 4, 12], "rotation": 90, "texture": "#overlay", "cullface": "up"},
				"south": {"uv": [1, 11, 4, 12], "texture": "#overlay", "cullface": "up"},
				"west": {"uv": [1, 9, 2, 12], "rotation": 270, "texture": "#overlay", "cullface": "up"},
				"up": {"uv": [1, 9, 4, 12], "texture": "#overlay", "cullface": "up"}
			}
		},
		{
			"name": "bituminous_coal_20",
			"from": [6, 16, 9],
			"to": [11, 16.65, 14],
			"rotation": {"angle": 0, "axis": "x", "origin": [8, 8, 8]},
			"faces": {
				"north": {"uv": [11, 9, 6, 10], "texture": "#overlay", "cullface": "up"},
				"east": {"uv": [10, 9, 11, 14], "rotation": 90, "texture": "#overlay", "cullface": "up"},
				"south": {"uv": [6, 13, 11, 14], "texture": "#overlay", "cullface": "up"},
				"west": {"uv": [6, 9, 7, 14], "rotation": 270, "texture": "#overlay", "cullface": "up"},
				"up": {"uv": [6, 9, 11, 14], "texture": "#overlay", "cullface": "up"}
			}
		},
		{
			"name": "bituminous_coal_21",
			"from": [4, 16, 10],
			"to": [6, 16.25, 13],
			"rotation": {"angle": 0, "axis": "x", "origin": [8, 8, 8]},
			"faces": {
				"north": {"uv": [6, 10, 4, 11], "texture": "#overlay", "cullface": "up"},
				"south": {"uv": [4, 12, 6, 13], "texture": "#overlay", "cullface": "up"},
				"west": {"uv": [4, 10, 5, 13], "rotation": 270, "texture": "#overlay", "cullface": "up"},
				"up": {"uv": [4, 10, 6, 13], "texture": "#overlay", "cullface": "up"}
			}
		},
		{
			"name": "bituminous_coal_22",
			"from": [2, 16, 12],
			"to": [4, 16.15, 13],
			"rotation": {"angle": 0, "axis": "x", "origin": [8, 8, 8]},
			"faces": {
				"north": {"uv": [4, 12, 2, 13], "texture": "#overlay", "cullface": "up"},
				"south": {"uv": [2, 12, 4, 13], "texture": "#overlay", "cullface": "up"},
				"west": {"uv": [2, 12, 3, 13], "rotation": 270, "texture": "#overlay", "cullface": "up"},
				"up": {"uv": [2, 12, 4, 13], "texture": "#overlay", "cullface": "up"}
			}
		},
		{
			"name": "bituminous_coal_23",
			"from": [5, 16, 13],
			"to": [6, 16.15, 14],
			"rotation": {"angle": 0, "axis": "x", "origin": [8, 8, 8]},
			"faces": {
				"north": {"uv": [6, 13, 5, 14], "texture": "#overlay", "cullface": "up"},
				"east": {"uv": [5, 13, 6, 14], "rotation": 90, "texture": "#overlay", "cullface": "up"},
				"south": {"uv": [5, 13, 6, 14], "texture": "#overlay", "cullface": "up"},
				"west": {"uv": [5, 13, 6, 14], "rotation": 270, "texture": "#overlay", "cullface": "up"},
				"up": {"uv": [5, 13, 6, 14], "texture": "#overlay", "cullface": "up"}
			}
		},
		{
			"name": "bituminous_coal_24",
			"from": [12, 16, 13],
			"to": [13, 16.25, 16],
			"rotation": {"angle": 0, "axis": "x", "origin": [8, 8, 8]},
			"faces": {
				"north": {"uv": [13, 13, 12, 14], "texture": "#overlay", "cullface": "up"},
				"east": {"uv": [12, 13, 13, 16], "rotation": 90, "texture": "#overlay", "cullface": "up"},
				"south": {"uv": [12, 15, 13, 16], "texture": "#overlay", "cullface": "up"},
				"up": {"uv": [12, 13, 13, 16], "texture": "#overlay", "cullface": "up"}
			}
		},
		{
			"name": "bituminous_coal_25",
			"from": [0, 16, 14],
			"to": [4, 16.5, 16],
			"rotation": {"angle": 0, "axis": "x", "origin": [8, 8, 8]},
			"faces": {
				"north": {"uv": [4, 14, 0, 15], "texture": "#overlay", "cullface": "up"},
				"east": {"uv": [3, 14, 4, 16], "rotation": 90, "texture": "#overlay", "cullface": "up"},
				"south": {"uv": [0, 15, 4, 16], "texture": "#overlay", "cullface": "up"},
				"west": {"uv": [0, 14, 1, 16], "rotation": 270, "texture": "#overlay", "cullface": "up"},
				"up": {"uv": [0, 14, 4, 16], "texture": "#overlay", "cullface": "up"}
			}
		},
		{
			"name": "bituminous_coal_26",
			"from": [9, 16, 14],
			"to": [11, 16.25, 16],
			"rotation": {"angle": 0, "axis": "x", "origin": [8, 8, 8]},
			"faces": {
				"north": {"uv": [11, 14, 9, 15], "texture": "#overlay", "cullface": "up"},
				"south": {"uv": [9, 15, 11, 16], "texture": "#overlay", "cullface": "up"},
				"west": {"uv": [9, 14, 10, 16], "rotation": 270, "texture": "#overlay", "cullface": "up"},
				"up": {"uv": [9, 14, 11, 16], "texture": "#overlay", "cullface": "up"}
			}
		},
		{
			"name": "bituminous_coal_27",
			"from": [13, 16, 14],
			"to": [16, 16.25, 16],
			"rotation": {"angle": 0, "axis": "x", "origin": [8, 8, 8]},
			"faces": {
				"north": {"uv": [16, 14, 13, 15], "texture": "#overlay", "cullface": "up"},
				"east": {"uv": [15, 14, 16, 16], "rotation": 90, "texture": "#overlay", "cullface": "up"},
				"south": {"uv": [13, 15, 16, 16], "texture": "#overlay", "cullface": "up"},
				"up": {"uv": [13, 14, 16, 16], "texture": "#overlay", "cullface": "up"}
			}
		},
		{
			"name": "bituminous_coal_28",
			"from": [4, 16, 15],
			"to": [6, 16.15, 16],
			"rotation": {"angle": 0, "axis": "x", "origin": [8, 8, 8]},
			"faces": {
				"north": {"uv": [6, 15, 4, 16], "texture": "#overlay", "cullface": "up"},
				"east": {"uv": [5, 15, 6, 16], "rotation": 90, "texture": "#overlay", "cullface": "up"},
				"south": {"uv": [4, 15, 6, 16], "texture": "#overlay", "cullface": "up"},
				"up": {"uv": [4, 15, 6, 16], "texture": "#overlay", "cullface": "up"}
			}
		},
		{
			"name": "bituminous_coal_1",
			"from": [0, -0.5, 13],
			"to": [4, 0, 16],
			"rotation": {"angle": 0, "axis": "x", "origin": [8, 8, 8]},
			"faces": {
				"north": {"uv": [0, 2, 4, 3], "rotation": 180, "texture": "#overlay", "cullface": "down"},
				"east": {"uv": [3, 0, 4, 3], "rotation": 270, "texture": "#overlay", "cullface": "down"},
				"south": {"uv": [4, 0, 0, 1], "rotation": 180, "texture": "#overlay", "cullface": "down"},
				"west": {"uv": [0, 0, 1, 3], "rotation": 90, "texture": "#overlay", "cullface": "down"},
				"down": {"uv": [0, 0, 4, 3], "texture": "#overlay", "cullface": "down"}
			}
		},
		{
			"name": "bituminous_coal_2",
			"from": [4, -0.25, 14],
			"to": [6, 0, 16],
			"rotation": {"angle": 0, "axis": "x", "origin": [8, 8, 8]},
			"faces": {
				"north": {"uv": [4, 1, 6, 2], "rotation": 180, "texture": "#overlay", "cullface": "down"},
				"east": {"uv": [5, 0, 6, 2], "rotation": 270, "texture": "#overlay", "cullface": "down"},
				"south": {"uv": [6, 0, 4, 1], "rotation": 180, "texture": "#overlay", "cullface": "down"},
				"west": {"uv": [4, 0, 5, 2], "rotation": 90, "texture": "#overlay", "cullface": "down"},
				"down": {"uv": [4, 0, 6, 2], "texture": "#overlay", "cullface": "down"}
			}
		},
		{
			"name": "bituminous_coal_3",
			"from": [6, -0.15, 15],
			"to": [7, 0, 16],
			"rotation": {"angle": 0, "axis": "x", "origin": [8, 8, 8]},
			"faces": {
				"north": {"uv": [6, 0, 7, 1], "rotation": 180, "texture": "#overlay", "cullface": "down"},
				"east": {"uv": [6, 0, 7, 1], "rotation": 270, "texture": "#overlay", "cullface": "down"},
				"south": {"uv": [7, 0, 6, 1], "rotation": 180, "texture": "#overlay", "cullface": "down"},
				"west": {"uv": [6, 0, 7, 1], "rotation": 90, "texture": "#overlay", "cullface": "down"},
				"down": {"uv": [6, 0, 7, 1], "texture": "#overlay", "cullface": "down"}
			}
		},
		{
			"name": "bituminous_coal_4",
			"from": [10, -0.5, 14],
			"to": [16, 0, 16],
			"rotation": {"angle": 0, "axis": "x", "origin": [8, 8, 8]},
			"faces": {
				"north": {"uv": [10, 1, 16, 2], "rotation": 180, "texture": "#overlay", "cullface": "down"},
				"east": {"uv": [15, 0, 16, 2], "rotation": 270, "texture": "#overlay", "cullface": "down"},
				"south": {"uv": [16, 0, 10, 1], "rotation": 180, "texture": "#overlay", "cullface": "down"},
				"west": {"uv": [10, 0, 11, 2], "rotation": 90, "texture": "#overlay", "cullface": "down"},
				"down": {"uv": [10, 0, 16, 2], "texture": "#overlay", "cullface": "down"}
			}
		},
		{
			"name": "bituminous_coal_5",
			"from": [8, -0.5, 9],
			"to": [10, 0, 15],
			"rotation": {"angle": 0, "axis": "x", "origin": [8, 8, 8]},
			"faces": {
				"north": {"uv": [8, 6, 10, 7], "rotation": 180, "texture": "#overlay", "cullface": "down"},
				"east": {"uv": [9, 1, 10, 7], "rotation": 270, "texture": "#overlay", "cullface": "down"},
				"south": {"uv": [10, 1, 8, 2], "rotation": 180, "texture": "#overlay", "cullface": "down"},
				"west": {"uv": [8, 1, 9, 7], "rotation": 90, "texture": "#overlay", "cullface": "down"},
				"down": {"uv": [8, 1, 10, 7], "texture": "#overlay", "cullface": "down"}
			}
		},
		{
			"name": "bituminous_coal_6",
			"from": [10, -0.15, 13],
			"to": [12, 0, 14],
			"rotation": {"angle": 0, "axis": "x", "origin": [8, 8, 8]},
			"faces": {
				"north": {"uv": [10, 2, 12, 3], "rotation": 180, "texture": "#overlay", "cullface": "down"},
				"east": {"uv": [11, 2, 12, 3], "rotation": 270, "texture": "#overlay", "cullface": "down"},
				"down": {"uv": [10, 2, 12, 3], "texture": "#overlay", "cullface": "down"}
			}
		},
		{
			"name": "bituminous_coal_7",
			"from": [13, -0.25, 13],
			"to": [16, 0, 14],
			"rotation": {"angle": 0, "axis": "x", "origin": [8, 8, 8]},
			"faces": {
				"north": {"uv": [13, 2, 16, 3], "rotation": 180, "texture": "#overlay", "cullface": "down"},
				"east": {"uv": [15, 2, 16, 3], "rotation": 270, "texture": "#overlay", "cullface": "down"},
				"west": {"uv": [13, 2, 14, 3], "rotation": 90, "texture": "#overlay", "cullface": "down"},
				"down": {"uv": [13, 2, 16, 3], "texture": "#overlay", "cullface": "down"}
			}
		},
		{
			"name": "bituminous_coal_8",
			"from": [0, -0.25, 11],
			"to": [2, 0, 13],
			"rotation": {"angle": 0, "axis": "x", "origin": [8, 8, 8]},
			"faces": {
				"north": {"uv": [0, 4, 2, 5], "rotation": 180, "texture": "#overlay", "cullface": "down"},
				"east": {"uv": [1, 3, 2, 5], "rotation": 270, "texture": "#overlay", "cullface": "down"},
				"west": {"uv": [0, 3, 1, 5], "rotation": 90, "texture": "#overlay", "cullface": "down"},
				"down": {"uv": [0, 3, 2, 5], "texture": "#overlay", "cullface": "down"}
			}
		},
		{
			"name": "bituminous_coal_9",
			"from": [2, -0.15, 12],
			"to": [3, 0, 13],
			"rotation": {"angle": 0, "axis": "x", "origin": [8, 8, 8]},
			"faces": {
				"north": {"uv": [2, 3, 3, 4], "rotation": 180, "texture": "#overlay", "cullface": "down"},
				"east": {"uv": [2, 3, 3, 4], "rotation": 270, "texture": "#overlay", "cullface": "down"},
				"west": {"uv": [2, 3, 3, 4], "rotation": 90, "texture": "#overlay", "cullface": "down"},
				"down": {"uv": [2, 3, 3, 4], "texture": "#overlay", "cullface": "down"}
			}
		},
		{
			"name": "bituminous_coal_10",
			"from": [7, -0.25, 8],
			"to": [8, 0, 13],
			"rotation": {"angle": 0, "axis": "x", "origin": [8, 8, 8]},
			"faces": {
				"north": {"uv": [7, 7, 8, 8], "rotation": 180, "texture": "#overlay", "cullface": "down"},
				"east": {"uv": [7, 3, 8, 8], "rotation": 270, "texture": "#overlay", "cullface": "down"},
				"south": {"uv": [8, 3, 7, 4], "rotation": 180, "texture": "#overlay", "cullface": "down"},
				"west": {"uv": [7, 3, 8, 8], "rotation": 90, "texture": "#overlay", "cullface": "down"},
				"down": {"uv": [7, 3, 8, 8], "texture": "#overlay", "cullface": "down"}
			}
		},
		{
			"name": "bituminous_coal_11",
			"from": [10, -0.25, 10],
			"to": [11, 0, 13],
			"rotation": {"angle": 0, "axis": "x", "origin": [8, 8, 8]},
			"faces": {
				"north": {"uv": [10, 5, 11, 6], "rotation": 180, "texture": "#overlay", "cullface": "down"},
				"east": {"uv": [10, 3, 11, 6], "rotation": 270, "texture": "#overlay", "cullface": "down"},
				"south": {"uv": [11, 3, 10, 4], "rotation": 180, "texture": "#overlay", "cullface": "down"},
				"down": {"uv": [10, 3, 11, 6], "texture": "#overlay", "cullface": "down"}
			}
		},
		{
			"name": "bituminous_coal_12",
			"from": [14, -0.65, 4],
			"to": [16, 0, 13],
			"rotation": {"angle": 0, "axis": "x", "origin": [8, 8, 8]},
			"faces": {
				"north": {"uv": [14, 11, 16, 12], "rotation": 180, "texture": "#overlay", "cullface": "down"},
				"east": {"uv": [15, 3, 16, 12], "rotation": 270, "texture": "#overlay", "cullface": "down"},
				"south": {"uv": [16, 3, 14, 4], "rotation": 180, "texture": "#overlay", "cullface": "down"},
				"west": {"uv": [14, 3, 15, 12], "rotation": 90, "texture": "#overlay", "cullface": "down"},
				"down": {"uv": [14, 3, 16, 12], "texture": "#overlay", "cullface": "down"}
			}
		},
		{
			"name": "bituminous_coal_13",
			"from": [11, -0.25, 10],
			"to": [14, 0, 12],
			"rotation": {"angle": 0, "axis": "x", "origin": [8, 8, 8]},
			"faces": {
				"north": {"uv": [11, 5, 14, 6], "rotation": 180, "texture": "#overlay", "cullface": "down"},
				"south": {"uv": [14, 4, 11, 5], "rotation": 180, "texture": "#overlay", "cullface": "down"},
				"down": {"uv": [11, 4, 14, 6], "texture": "#overlay", "cullface": "down"}
			}
		},
		{
			"name": "bituminous_coal_14",
			"from": [5, -0.25, 8],
			"to": [7, 0, 11],
			"rotation": {"angle": 0, "axis": "x", "origin": [8, 8, 8]},
			"faces": {
				"north": {"uv": [5, 7, 7, 8], "rotation": 180, "texture": "#overlay", "cullface": "down"},
				"south": {"uv": [7, 5, 5, 6], "rotation": 180, "texture": "#overlay", "cullface": "down"},
				"west": {"uv": [5, 5, 6, 8], "rotation": 90, "texture": "#overlay", "cullface": "down"},
				"down": {"uv": [5, 5, 7, 8], "texture": "#overlay", "cullface": "down"}
			}
		},
		{
			"name": "bituminous_coal_15",
			"from": [1, -0.5, 7],
			"to": [5, 0, 10],
			"rotation": {"angle": 0, "axis": "x", "origin": [8, 8, 8]},
			"faces": {
				"north": {"uv": [1, 8, 5, 9], "rotation": 180, "texture": "#overlay", "cullface": "down"},
				"east": {"uv": [4, 6, 5, 9], "rotation": 270, "texture": "#overlay", "cullface": "down"},
				"south": {"uv": [5, 6, 1, 7], "rotation": 180, "texture": "#overlay", "cullface": "down"},
				"west": {"uv": [1, 6, 2, 9], "rotation": 90, "texture": "#overlay", "cullface": "down"},
				"down": {"uv": [1, 6, 5, 9], "texture": "#overlay", "cullface": "down"}
			}
		},
		{
			"name": "bituminous_coal_16",
			"from": [12, -0.5, 4],
			"to": [14, 0, 10],
			"rotation": {"angle": 0, "axis": "x", "origin": [8, 8, 8]},
			"faces": {
				"north": {"uv": [12, 11, 14, 12], "rotation": 180, "texture": "#overlay", "cullface": "down"},
				"east": {"uv": [13, 6, 14, 12], "rotation": 270, "texture": "#overlay", "cullface": "down"},
				"south": {"uv": [14, 6, 12, 7], "rotation": 180, "texture": "#overlay", "cullface": "down"},
				"west": {"uv": [12, 6, 13, 12], "rotation": 90, "texture": "#overlay", "cullface": "down"},
				"down": {"uv": [12, 6, 14, 12], "texture": "#overlay", "cullface": "down"}
			}
		},
		{
			"name": "bituminous_coal_17",
			"from": [0, -0.25, 4],
			"to": [1, 0, 9],
			"rotation": {"angle": 0, "axis": "x", "origin": [8, 8, 8]},
			"faces": {
				"north": {"uv": [0, 11, 1, 12], "rotation": 180, "texture": "#overlay", "cullface": "down"},
				"south": {"uv": [1, 7, 0, 8], "rotation": 180, "texture": "#overlay", "cullface": "down"},
				"west": {"uv": [0, 7, 1, 12], "rotation": 90, "texture": "#overlay", "cullface": "down"},
				"down": {"uv": [0, 7, 1, 12], "texture": "#overlay", "cullface": "down"}
			}
		},
		{
			"name": "bituminous_coal_18",
			"from": [11, -0.5, 0],
			"to": [12, 0, 8],
			"rotation": {"angle": 0, "axis": "x", "origin": [8, 8, 8]},
			"faces": {
				"north": {"uv": [11, 15, 12, 16], "rotation": 180, "texture": "#overlay", "cullface": "down"},
				"east": {"uv": [11, 8, 12, 16], "rotation": 270, "texture": "#overlay", "cullface": "down"},
				"south": {"uv": [12, 8, 11, 9], "rotation": 180, "texture": "#overlay", "cullface": "down"},
				"west": {"uv": [11, 8, 12, 16], "rotation": 90, "texture": "#overlay", "cullface": "down"},
				"down": {"uv": [11, 8, 12, 16], "texture": "#overlay", "cullface": "down"}
			}
		},
		{
			"name": "bituminous_coal_19",
			"from": [1, -0.5, 4],
			"to": [4, 0, 7],
			"rotation": {"angle": 0, "axis": "x", "origin": [8, 8, 8]},
			"faces": {
				"north": {"uv": [1, 11, 4, 12], "rotation": 180, "texture": "#overlay", "cullface": "down"},
				"east": {"uv": [3, 9, 4, 12], "rotation": 270, "texture": "#overlay", "cullface": "down"},
				"west": {"uv": [1, 9, 2, 12], "rotation": 90, "texture": "#overlay", "cullface": "down"},
				"down": {"uv": [1, 9, 4, 12], "texture": "#overlay", "cullface": "down"}
			}
		},
		{
			"name": "bituminous_coal_20",
			"from": [6, -0.65, 2],
			"to": [11, 0, 7],
			"rotation": {"angle": 0, "axis": "x", "origin": [8, 8, 8]},
			"faces": {
				"north": {"uv": [6, 13, 11, 14], "rotation": 180, "texture": "#overlay", "cullface": "down"},
				"east": {"uv": [10, 9, 11, 14], "rotation": 270, "texture": "#overlay", "cullface": "down"},
				"south": {"uv": [11, 9, 6, 10], "rotation": 180, "texture": "#overlay", "cullface": "down"},
				"west": {"uv": [6, 9, 7, 14], "rotation": 90, "texture": "#overlay", "cullface": "down"},
				"down": {"uv": [6, 9, 11, 14], "texture": "#overlay", "cullface": "down"}
			}
		},
		{
			"name": "bituminous_coal_21",
			"from": [4, -0.25, 3],
			"to": [6, 0, 6],
			"rotation": {"angle": 0, "axis": "x", "origin": [8, 8, 8]},
			"faces": {
				"north": {"uv": [4, 12, 6, 13], "rotation": 180, "texture": "#overlay", "cullface": "down"},
				"south": {"uv": [6, 10, 4, 11], "rotation": 180, "texture": "#overlay", "cullface": "down"},
				"west": {"uv": [4, 10, 5, 13], "rotation": 90, "texture": "#overlay", "cullface": "down"},
				"down": {"uv": [4, 10, 6, 13], "texture": "#overlay", "cullface": "down"}
			}
		},
		{
			"name": "bituminous_coal_22",
			"from": [2, -0.15, 3],
			"to": [4, 0, 4],
			"rotation": {"angle": 0, "axis": "x", "origin": [8, 8, 8]},
			"faces": {
				"north": {"uv": [2, 12, 4, 13], "rotation": 180, "texture": "#overlay", "cullface": "down"},
				"south": {"uv": [4, 12, 2, 13], "rotation": 180, "texture": "#overlay", "cullface": "down"},
				"west": {"uv": [2, 12, 3, 13], "rotation": 90, "texture": "#overlay", "cullface": "down"},
				"down": {"uv": [2, 12, 4, 13], "texture": "#overlay", "cullface": "down"}
			}
		},
		{
			"name": "bituminous_coal_23",
			"from": [5, -0.15, 2],
			"to": [6, 0, 3],
			"rotation": {"angle": 0, "axis": "x", "origin": [8, 8, 8]},
			"faces": {
				"north": {"uv": [5, 13, 6, 14], "rotation": 180, "texture": "#overlay", "cullface": "down"},
				"east": {"uv": [5, 13, 6, 14], "rotation": 270, "texture": "#overlay", "cullface": "down"},
				"south": {"uv": [6, 13, 5, 14], "rotation": 180, "texture": "#overlay", "cullface": "down"},
				"west": {"uv": [5, 13, 6, 14], "rotation": 90, "texture": "#overlay", "cullface": "down"},
				"down": {"uv": [5, 13, 6, 14], "texture": "#overlay", "cullface": "down"}
			}
		},
		{
			"name": "bituminous_coal_24",
			"from": [12, -0.25, 0],
			"to": [13, 0, 3],
			"rotation": {"angle": 0, "axis": "x", "origin": [8, 8, 8]},
			"faces": {
				"north": {"uv": [12, 15, 13, 16], "rotation": 180, "texture": "#overlay", "cullface": "down"},
				"east": {"uv": [12, 13, 13, 16], "rotation": 270, "texture": "#overlay", "cullface": "down"},
				"south": {"uv": [13, 13, 12, 14], "rotation": 180, "texture": "#overlay", "cullface": "down"},
				"down": {"uv": [12, 13, 13, 16], "texture": "#overlay", "cullface": "down"}
			}
		},
		{
			"name": "bituminous_coal_25",
			"from": [0, -0.5, 0],
			"to": [4, 0, 2],
			"rotation": {"angle": 0, "axis": "x", "origin": [8, 8, 8]},
			"faces": {
				"north": {"uv": [0, 15, 4, 16], "rotation": 180, "texture": "#overlay", "cullface": "down"},
				"east": {"uv": [3, 14, 4, 16], "rotation": 270, "texture": "#overlay", "cullface": "down"},
				"south": {"uv": [4, 14, 0, 15], "rotation": 180, "texture": "#overlay", "cullface": "down"},
				"west": {"uv": [0, 14, 1, 16], "rotation": 90, "texture": "#overlay", "cullface": "down"},
				"down": {"uv": [0, 14, 4, 16], "texture": "#overlay", "cullface": "down"}
			}
		},
		{
			"name": "bituminous_coal_26",
			"from": [9, -0.25, 0],
			"to": [11, 0, 2],
			"rotation": {"angle": 0, "axis": "x", "origin": [8, 8, 8]},
			"faces": {
				"north": {"uv": [9, 15, 11, 16], "rotation": 180, "texture": "#overlay", "cullface": "down"},
				"south": {"uv": [11, 14, 9, 15], "rotation": 180, "texture": "#overlay", "cullface": "down"},
				"west": {"uv": [9, 14, 10, 16], "rotation": 90, "texture": "#overlay", "cullface": "down"},
				"down": {"uv": [9, 14, 11, 16], "texture": "#overlay", "cullface": "down"}
			}
		},
		{
			"name": "bituminous_coal_27",
			"from": [13, -0.25, 0],
			"to": [16, 0, 2],
			"rotation": {"angle": 0, "axis": "x", "origin": [8, 8, 8]},
			"faces": {
				"north": {"uv": [13, 15, 16, 16], "rotation": 180, "texture": "#overlay", "cullface": "down"},
				"east": {"uv": [15, 14, 16, 16], "rotation": 270, "texture": "#overlay", "cullface": "down"},
				"south": {"uv": [16, 14, 13, 15], "rotation": 180, "texture": "#overlay", "cullface": "down"},
				"down": {"uv": [13, 14, 16, 16], "texture": "#overlay", "cullface": "down"}
			}
		},
		{
			"name": "bituminous_coal_28",
			"from": [4, -0.15, 0],
			"to": [6, 0, 1],
			"rotation": {"angle": 0, "axis": "x", "origin": [8, 8, 8]},
			"faces": {
				"north": {"uv": [4, 15, 6, 16], "rotation": 180, "texture": "#overlay", "cullface": "down"},
				"east": {"uv": [5, 15, 6, 16], "rotation": 270, "texture": "#overlay", "cullface": "down"},
				"south": {"uv": [6, 15, 4, 16], "rotation": 180, "texture": "#overlay", "cullface": "down"},
				"down": {"uv": [4, 15, 6, 16], "texture": "#overlay", "cullface": "down"}
			}
		},
		{
			"name": "bituminous_coal_0",
			"from": [0, 13, 16],
			"to": [4, 16, 16.5],
			"rotation": {"angle": 0, "axis": "x", "origin": [8, 8, 8]},
			"faces": {
				"east": {"uv": [3, 0, 4, 3], "texture": "#overlay", "cullface": "south"},
				"south": {"uv": [0, 0, 4, 3], "texture": "#overlay", "cullface": "south"},
				"west": {"uv": [0, 0, 1, 3], "texture": "#overlay", "cullface": "south"},
				"up": {"uv": [4, 0, 0, 1], "rotation": 180, "texture": "#overlay", "cullface": "south"},
				"down": {"uv": [0, 2, 4, 3], "texture": "#overlay", "cullface": "south"}
			}
		},
		{
			"name": "bituminous_coal_1",
			"from": [4, 14, 16],
			"to": [6, 16, 16.25],
			"rotation": {"angle": 0, "axis": "x", "origin": [8, 8, 8]},
			"faces": {
				"east": {"uv": [5, 0, 6, 2], "texture": "#overlay", "cullface": "south"},
				"south": {"uv": [4, 0, 6, 2], "texture": "#overlay", "cullface": "south"},
				"west": {"uv": [4, 0, 5, 2], "texture": "#overlay", "cullface": "south"},
				"up": {"uv": [6, 0, 4, 1], "rotation": 180, "texture": "#overlay", "cullface": "south"},
				"down": {"uv": [4, 1, 6, 2], "texture": "#overlay", "cullface": "south"}
			}
		},
		{
			"name": "bituminous_coal_2",
			"from": [6, 15, 16],
			"to": [7, 16, 16.15],
			"rotation": {"angle": 0, "axis": "x", "origin": [8, 8, 8]},
			"faces": {
				"east": {"uv": [6, 0, 7, 1], "texture": "#overlay", "cullface": "south"},
				"south": {"uv": [6, 0, 7, 1], "texture": "#overlay", "cullface": "south"},
				"west": {"uv": [6, 0, 7, 1], "texture": "#overlay", "cullface": "south"},
				"up": {"uv": [7, 0, 6, 1], "rotation": 180, "texture": "#overlay", "cullface": "south"},
				"down": {"uv": [6, 0, 7, 1], "texture": "#overlay", "cullface": "south"}
			}
		},
		{
			"name": "bituminous_coal_3",
			"from": [10, 14, 16],
			"to": [16, 16, 16.5],
			"rotation": {"angle": 0, "axis": "x", "origin": [8, 8, 8]},
			"faces": {
				"east": {"uv": [15, 0, 16, 2], "texture": "#overlay", "cullface": "south"},
				"south": {"uv": [10, 0, 16, 2], "texture": "#overlay", "cullface": "south"},
				"west": {"uv": [10, 0, 11, 2], "texture": "#overlay", "cullface": "south"},
				"up": {"uv": [16, 0, 10, 1], "rotation": 180, "texture": "#overlay", "cullface": "south"},
				"down": {"uv": [10, 1, 16, 2], "texture": "#overlay", "cullface": "south"}
			}
		},
		{
			"name": "bituminous_coal_4",
			"from": [8, 9, 16],
			"to": [10, 15, 16.5],
			"rotation": {"angle": 0, "axis": "x", "origin": [8, 8, 8]},
			"faces": {
				"east": {"uv": [9, 1, 10, 7], "texture": "#overlay", "cullface": "south"},
				"south": {"uv": [8, 1, 10, 7], "texture": "#overlay", "cullface": "south"},
				"west": {"uv": [8, 1, 9, 7], "texture": "#overlay", "cullface": "south"},
				"up": {"uv": [10, 1, 8, 2], "rotation": 180, "texture": "#overlay", "cullface": "south"},
				"down": {"uv": [8, 6, 10, 7], "texture": "#overlay", "cullface": "south"}
			}
		},
		{
			"name": "bituminous_coal_5",
			"from": [10, 13, 16],
			"to": [12, 14, 16.15],
			"rotation": {"angle": 0, "axis": "x", "origin": [8, 8, 8]},
			"faces": {
				"east": {"uv": [11, 2, 12, 3], "texture": "#overlay", "cullface": "south"},
				"south": {"uv": [10, 2, 12, 3], "texture": "#overlay", "cullface": "south"},
				"down": {"uv": [10, 2, 12, 3], "texture": "#overlay", "cullface": "south"}
			}
		},
		{
			"name": "bituminous_coal_6",
			"from": [13, 13, 16],
			"to": [16, 14, 16.25],
			"rotation": {"angle": 0, "axis": "x", "origin": [8, 8, 8]},
			"faces": {
				"east": {"uv": [15, 2, 16, 3], "texture": "#overlay", "cullface": "south"},
				"south": {"uv": [13, 2, 16, 3], "texture": "#overlay", "cullface": "south"},
				"west": {"uv": [13, 2, 14, 3], "texture": "#overlay", "cullface": "south"},
				"down": {"uv": [13, 2, 16, 3], "texture": "#overlay", "cullface": "south"}
			}
		},
		{
			"name": "bituminous_coal_7",
			"from": [0, 11, 16],
			"to": [2, 13, 16.25],
			"rotation": {"angle": 0, "axis": "x", "origin": [8, 8, 8]},
			"faces": {
				"east": {"uv": [1, 3, 2, 5], "texture": "#overlay", "cullface": "south"},
				"south": {"uv": [0, 3, 2, 5], "texture": "#overlay", "cullface": "south"},
				"west": {"uv": [0, 3, 1, 5], "texture": "#overlay", "cullface": "south"},
				"down": {"uv": [0, 4, 2, 5], "texture": "#overlay", "cullface": "south"}
			}
		},
		{
			"name": "bituminous_coal_8",
			"from": [2, 12, 16],
			"to": [3, 13, 16.15],
			"rotation": {"angle": 0, "axis": "x", "origin": [8, 8, 8]},
			"faces": {
				"east": {"uv": [2, 3, 3, 4], "texture": "#overlay", "cullface": "south"},
				"south": {"uv": [2, 3, 3, 4], "texture": "#overlay", "cullface": "south"},
				"west": {"uv": [2, 3, 3, 4], "texture": "#overlay", "cullface": "south"},
				"down": {"uv": [2, 3, 3, 4], "texture": "#overlay", "cullface": "south"}
			}
		},
		{
			"name": "bituminous_coal_9",
			"from": [7, 8, 16],
			"to": [8, 13, 16.25],
			"rotation": {"angle": 0, "axis": "x", "origin": [8, 8, 8]},
			"faces": {
				"east": {"uv": [7, 3, 8, 8], "texture": "#overlay", "cullface": "south"},
				"south": {"uv": [7, 3, 8, 8], "texture": "#overlay", "cullface": "south"},
				"west": {"uv": [7, 3, 8, 8], "texture": "#overlay", "cullface": "south"},
				"up": {"uv": [8, 3, 7, 4], "rotation": 180, "texture": "#overlay", "cullface": "south"},
				"down": {"uv": [7, 7, 8, 8], "texture": "#overlay", "cullface": "south"}
			}
		},
		{
			"name": "bituminous_coal_10",
			"from": [10, 10, 16],
			"to": [11, 13, 16.25],
			"rotation": {"angle": 0, "axis": "x", "origin": [8, 8, 8]},
			"faces": {
				"east": {"uv": [10, 3, 11, 6], "texture": "#overlay", "cullface": "south"},
				"south": {"uv": [10, 3, 11, 6], "texture": "#overlay", "cullface": "south"},
				"up": {"uv": [11, 3, 10, 4], "rotation": 180, "texture": "#overlay", "cullface": "south"},
				"down": {"uv": [10, 5, 11, 6], "texture": "#overlay", "cullface": "south"}
			}
		},
		{
			"name": "bituminous_coal_11",
			"from": [14, 4, 16],
			"to": [16, 13, 16.65],
			"rotation": {"angle": 0, "axis": "x", "origin": [8, 8, 8]},
			"faces": {
				"east": {"uv": [15, 3, 16, 12], "texture": "#overlay", "cullface": "south"},
				"south": {"uv": [14, 3, 16, 12], "texture": "#overlay", "cullface": "south"},
				"west": {"uv": [14, 3, 15, 12], "texture": "#overlay", "cullface": "south"},
				"up": {"uv": [16, 3, 14, 4], "rotation": 180, "texture": "#overlay", "cullface": "south"},
				"down": {"uv": [14, 11, 16, 12], "texture": "#overlay", "cullface": "south"}
			}
		},
		{
			"name": "bituminous_coal_12",
			"from": [11, 10, 16],
			"to": [14, 12, 16.25],
			"rotation": {"angle": 0, "axis": "x", "origin": [8, 8, 8]},
			"faces": {
				"south": {"uv": [11, 4, 14, 6], "texture": "#overlay", "cullface": "south"},
				"up": {"uv": [14, 4, 11, 5], "rotation": 180, "texture": "#overlay", "cullface": "south"},
				"down": {"uv": [11, 5, 14, 6], "texture": "#overlay", "cullface": "south"}
			}
		},
		{
			"name": "bituminous_coal_13",
			"from": [5, 8, 16],
			"to": [7, 11, 16.25],
			"rotation": {"angle": 0, "axis": "x", "origin": [8, 8, 8]},
			"faces": {
				"south": {"uv": [5, 5, 7, 8], "texture": "#overlay", "cullface": "south"},
				"west": {"uv": [5, 5, 6, 8], "texture": "#overlay", "cullface": "south"},
				"up": {"uv": [7, 5, 5, 6], "rotation": 180, "texture": "#overlay", "cullface": "south"},
				"down": {"uv": [5, 7, 7, 8], "texture": "#overlay", "cullface": "south"}
			}
		},
		{
			"name": "bituminous_coal_14",
			"from": [1, 7, 16],
			"to": [5, 10, 16.5],
			"rotation": {"angle": 0, "axis": "x", "origin": [8, 8, 8]},
			"faces": {
				"east": {"uv": [4, 6, 5, 9], "texture": "#overlay", "cullface": "south"},
				"south": {"uv": [1, 6, 5, 9], "texture": "#overlay", "cullface": "south"},
				"west": {"uv": [1, 6, 2, 9], "texture": "#overlay", "cullface": "south"},
				"up": {"uv": [5, 6, 1, 7], "rotation": 180, "texture": "#overlay", "cullface": "south"},
				"down": {"uv": [1, 8, 5, 9], "texture": "#overlay", "cullface": "south"}
			}
		},
		{
			"name": "bituminous_coal_15",
			"from": [12, 4, 16],
			"to": [14, 10, 16.5],
			"rotation": {"angle": 0, "axis": "x", "origin": [8, 8, 8]},
			"faces": {
				"east": {"uv": [13, 6, 14, 12], "texture": "#overlay", "cullface": "south"},
				"south": {"uv": [12, 6, 14, 12], "texture": "#overlay", "cullface": "south"},
				"west": {"uv": [12, 6, 13, 12], "texture": "#overlay", "cullface": "south"},
				"up": {"uv": [14, 6, 12, 7], "rotation": 180, "texture": "#overlay", "cullface": "south"},
				"down": {"uv": [12, 11, 14, 12], "texture": "#overlay", "cullface": "south"}
			}
		},
		{
			"name": "bituminous_coal_16",
			"from": [0, 4, 16],
			"to": [1, 9, 16.25],
			"rotation": {"angle": 0, "axis": "x", "origin": [8, 8, 8]},
			"faces": {
				"south": {"uv": [0, 7, 1, 12], "texture": "#overlay", "cullface": "south"},
				"west": {"uv": [0, 7, 1, 12], "texture": "#overlay", "cullface": "south"},
				"up": {"uv": [1, 7, 0, 8], "rotation": 180, "texture": "#overlay", "cullface": "south"},
				"down": {"uv": [0, 11, 1, 12], "texture": "#overlay", "cullface": "south"}
			}
		},
		{
			"name": "bituminous_coal_17",
			"from": [11, 0, 16],
			"to": [12, 8, 16.5],
			"rotation": {"angle": 0, "axis": "x", "origin": [8, 8, 8]},
			"faces": {
				"east": {"uv": [11, 8, 12, 16], "texture": "#overlay", "cullface": "south"},
				"south": {"uv": [11, 8, 12, 16], "texture": "#overlay", "cullface": "south"},
				"west": {"uv": [11, 8, 12, 16], "texture": "#overlay", "cullface": "south"},
				"up": {"uv": [12, 8, 11, 9], "rotation": 180, "texture": "#overlay", "cullface": "south"},
				"down": {"uv": [11, 15, 12, 16], "texture": "#overlay", "cullface": "south"}
			}
		},
		{
			"name": "bituminous_coal_18",
			"from": [1, 4, 16],
			"to": [4, 7, 16.5],
			"rotation": {"angle": 0, "axis": "x", "origin": [8, 8, 8]},
			"faces": {
				"east": {"uv": [3, 9, 4, 12], "texture": "#overlay", "cullface": "south"},
				"south": {"uv": [1, 9, 4, 12], "texture": "#overlay", "cullface": "south"},
				"west": {"uv": [1, 9, 2, 12], "texture": "#overlay", "cullface": "south"},
				"down": {"uv": [1, 11, 4, 12], "texture": "#overlay", "cullface": "south"}
			}
		},
		{
			"name": "bituminous_coal_19",
			"from": [6, 2, 16],
			"to": [11, 7, 16.65],
			"rotation": {"angle": 0, "axis": "x", "origin": [8, 8, 8]},
			"faces": {
				"east": {"uv": [10, 9, 11, 14], "texture": "#overlay", "cullface": "south"},
				"south": {"uv": [6, 9, 11, 14], "texture": "#overlay", "cullface": "south"},
				"west": {"uv": [6, 9, 7, 14], "texture": "#overlay", "cullface": "south"},
				"up": {"uv": [11, 9, 6, 10], "rotation": 180, "texture": "#overlay", "cullface": "south"},
				"down": {"uv": [6, 13, 11, 14], "texture": "#overlay", "cullface": "south"}
			}
		},
		{
			"name": "bituminous_coal_20",
			"from": [4, 3, 16],
			"to": [6, 6, 16.25],
			"rotation": {"angle": 0, "axis": "x", "origin": [8, 8, 8]},
			"faces": {
				"south": {"uv": [4, 10, 6, 13], "texture": "#overlay", "cullface": "south"},
				"west": {"uv": [4, 10, 5, 13], "texture": "#overlay", "cullface": "south"},
				"up": {"uv": [6, 10, 4, 11], "rotation": 180, "texture": "#overlay", "cullface": "south"},
				"down": {"uv": [4, 12, 6, 13], "texture": "#overlay", "cullface": "south"}
			}
		},
		{
			"name": "bituminous_coal_21",
			"from": [2, 3, 16],
			"to": [4, 4, 16.15],
			"rotation": {"angle": 0, "axis": "x", "origin": [8, 8, 8]},
			"faces": {
				"south": {"uv": [2, 12, 4, 13], "texture": "#overlay", "cullface": "south"},
				"west": {"uv": [2, 12, 3, 13], "texture": "#overlay", "cullface": "south"},
				"up": {"uv": [4, 12, 2, 13], "rotation": 180, "texture": "#overlay", "cullface": "south"},
				"down": {"uv": [2, 12, 4, 13], "texture": "#overlay", "cullface": "south"}
			}
		},
		{
			"name": "bituminous_coal_22",
			"from": [5, 2, 16],
			"to": [6, 3, 16.15],
			"rotation": {"angle": 0, "axis": "x", "origin": [8, 8, 8]},
			"faces": {
				"east": {"uv": [5, 13, 6, 14], "texture": "#overlay", "cullface": "south"},
				"south": {"uv": [5, 13, 6, 14], "texture": "#overlay", "cullface": "south"},
				"west": {"uv": [5, 13, 6, 14], "texture": "#overlay", "cullface": "south"},
				"up": {"uv": [6, 13, 5, 14], "rotation": 180, "texture": "#overlay", "cullface": "south"},
				"down": {"uv": [5, 13, 6, 14], "texture": "#overlay", "cullface": "south"}
			}
		},
		{
			"name": "bituminous_coal_23",
			"from": [12, 0, 16],
			"to": [13, 3, 16.25],
			"rotation": {"angle": 0, "axis": "x", "origin": [8, 8, 8]},
			"faces": {
				"east": {"uv": [12, 13, 13, 16], "texture": "#overlay", "cullface": "south"},
				"south": {"uv": [12, 13, 13, 16], "texture": "#overlay", "cullface": "south"},
				"up": {"uv": [13, 13, 12, 14], "rotation": 180, "texture": "#overlay", "cullface": "south"},
				"down": {"uv": [12, 15, 13, 16], "texture": "#overlay", "cullface": "south"}
			}
		},
		{
			"name": "bituminous_coal_24",
			"from": [0, 0, 16],
			"to": [4, 2, 16.5],
			"rotation": {"angle": 0, "axis": "x", "origin": [8, 8, 8]},
			"faces": {
				"east": {"uv": [3, 14, 4, 16], "texture": "#overlay", "cullface": "south"},
				"south": {"uv": [0, 14, 4, 16], "texture": "#overlay", "cullface": "south"},
				"west": {"uv": [0, 14, 1, 16], "texture": "#overlay", "cullface": "south"},
				"up": {"uv": [4, 14, 0, 15], "rotation": 180, "texture": "#overlay", "cullface": "south"},
				"down": {"uv": [0, 15, 4, 16], "texture": "#overlay", "cullface": "south"}
			}
		},
		{
			"name": "bituminous_coal_25",
			"from": [9, 0, 16],
			"to": [11, 2, 16.25],
			"rotation": {"angle": 0, "axis": "x", "origin": [8, 8, 8]},
			"faces": {
				"south": {"uv": [9, 14, 11, 16], "texture": "#overlay", "cullface": "south"},
				"west": {"uv": [9, 14, 10, 16], "texture": "#overlay", "cullface": "south"},
				"up": {"uv": [11, 14, 9, 15], "rotation": 180, "texture": "#overlay", "cullface": "south"},
				"down": {"uv": [9, 15, 11, 16], "texture": "#overlay", "cullface": "south"}
			}
		},
		{
			"name": "bituminous_coal_26",
			"from": [13, 0, 16],
			"to": [16, 2, 16.25],
			"rotation": {"angle": 0, "axis": "x", "origin": [8, 8, 8]},
			"faces": {
				"east": {"uv": [15, 14, 16, 16], "texture": "#overlay", "cullface": "south"},
				"south": {"uv": [13, 14, 16, 16], "texture": "#overlay", "cullface": "south"},
				"up": {"uv": [16, 14, 13, 15], "rotation": 180, "texture": "#overlay", "cullface": "south"},
				"down": {"uv": [13, 15, 16, 16], "texture": "#overlay", "cullface": "south"}
			}
		},
		{
			"name": "bituminous_coal_27",
			"from": [4, 0, 16],
			"to": [6, 1, 16.15],
			"rotation": {"angle": 0, "axis": "x", "origin": [8, 8, 8]},
			"faces": {
				"east": {"uv": [5, 15, 6, 16], "texture": "#overlay", "cullface": "south"},
				"south": {"uv": [4, 15, 6, 16], "texture": "#overlay", "cullface": "south"},
				"up": {"uv": [6, 15, 4, 16], "rotation": 180, "texture": "#overlay", "cullface": "south"},
				"down": {"uv": [4, 15, 6, 16], "texture": "#overlay", "cullface": "south"}
			}
		},
		{
			"name": "bituminous_coal_1",
			"from": [16, 13, 12],
			"to": [16.5, 16, 16],
			"rotation": {"angle": 0, "axis": "y", "origin": [8, 8, 8]},
			"faces": {
				"north": {"uv": [3, 0, 4, 3], "texture": "#overlay", "cullface": "east"},
				"east": {"uv": [0, 0, 4, 3], "texture": "#overlay", "cullface": "east"},
				"south": {"uv": [0, 0, 1, 3], "texture": "#overlay", "cullface": "east"},
				"up": {"uv": [4, 0, 0, 1], "rotation": 90, "texture": "#overlay", "cullface": "east"},
				"down": {"uv": [0, 2, 4, 3], "rotation": 90, "texture": "#overlay", "cullface": "east"}
			}
		},
		{
			"name": "bituminous_coal_2",
			"from": [16, 14, 10],
			"to": [16.25, 16, 12],
			"rotation": {"angle": 0, "axis": "y", "origin": [8, 8, 8]},
			"faces": {
				"north": {"uv": [5, 0, 6, 2], "texture": "#overlay", "cullface": "east"},
				"east": {"uv": [4, 0, 6, 2], "texture": "#overlay", "cullface": "east"},
				"south": {"uv": [4, 0, 5, 2], "texture": "#overlay", "cullface": "east"},
				"up": {"uv": [6, 0, 4, 1], "rotation": 90, "texture": "#overlay", "cullface": "east"},
				"down": {"uv": [4, 1, 6, 2], "rotation": 90, "texture": "#overlay", "cullface": "east"}
			}
		},
		{
			"name": "bituminous_coal_3",
			"from": [16, 15, 9],
			"to": [16.15, 16, 10],
			"rotation": {"angle": 0, "axis": "y", "origin": [8, 8, 8]},
			"faces": {
				"north": {"uv": [6, 0, 7, 1], "texture": "#overlay", "cullface": "east"},
				"east": {"uv": [6, 0, 7, 1], "texture": "#overlay", "cullface": "east"},
				"south": {"uv": [6, 0, 7, 1], "texture": "#overlay", "cullface": "east"},
				"up": {"uv": [7, 0, 6, 1], "rotation": 90, "texture": "#overlay", "cullface": "east"},
				"down": {"uv": [6, 0, 7, 1], "rotation": 90, "texture": "#overlay", "cullface": "east"}
			}
		},
		{
			"name": "bituminous_coal_4",
			"from": [16, 14, 0],
			"to": [16.5, 16, 6],
			"rotation": {"angle": 0, "axis": "y", "origin": [8, 8, 8]},
			"faces": {
				"north": {"uv": [15, 0, 16, 2], "texture": "#overlay", "cullface": "east"},
				"east": {"uv": [10, 0, 16, 2], "texture": "#overlay", "cullface": "east"},
				"south": {"uv": [10, 0, 11, 2], "texture": "#overlay", "cullface": "east"},
				"up": {"uv": [16, 0, 10, 1], "rotation": 90, "texture": "#overlay", "cullface": "east"},
				"down": {"uv": [10, 1, 16, 2], "rotation": 90, "texture": "#overlay", "cullface": "east"}
			}
		},
		{
			"name": "bituminous_coal_5",
			"from": [16, 9, 6],
			"to": [16.5, 15, 8],
			"rotation": {"angle": 0, "axis": "y", "origin": [8, 8, 8]},
			"faces": {
				"north": {"uv": [9, 1, 10, 7], "texture": "#overlay", "cullface": "east"},
				"east": {"uv": [8, 1, 10, 7], "texture": "#overlay", "cullface": "east"},
				"south": {"uv": [8, 1, 9, 7], "texture": "#overlay", "cullface": "east"},
				"up": {"uv": [10, 1, 8, 2], "rotation": 90, "texture": "#overlay", "cullface": "east"},
				"down": {"uv": [8, 6, 10, 7], "rotation": 90, "texture": "#overlay", "cullface": "east"}
			}
		},
		{
			"name": "bituminous_coal_6",
			"from": [16, 13, 4],
			"to": [16.15, 14, 6],
			"rotation": {"angle": 0, "axis": "y", "origin": [8, 8, 8]},
			"faces": {
				"north": {"uv": [11, 2, 12, 3], "texture": "#overlay", "cullface": "east"},
				"east": {"uv": [10, 2, 12, 3], "texture": "#overlay", "cullface": "east"},
				"down": {"uv": [10, 2, 12, 3], "rotation": 90, "texture": "#overlay", "cullface": "east"}
			}
		},
		{
			"name": "bituminous_coal_7",
			"from": [16, 13, 0],
			"to": [16.25, 14, 3],
			"rotation": {"angle": 0, "axis": "y", "origin": [8, 8, 8]},
			"faces": {
				"north": {"uv": [15, 2, 16, 3], "texture": "#overlay", "cullface": "east"},
				"east": {"uv": [13, 2, 16, 3], "texture": "#overlay", "cullface": "east"},
				"south": {"uv": [13, 2, 14, 3], "texture": "#overlay", "cullface": "east"},
				"down": {"uv": [13, 2, 16, 3], "rotation": 90, "texture": "#overlay", "cullface": "east"}
			}
		},
		{
			"name": "bituminous_coal_8",
			"from": [16, 11, 14],
			"to": [16.25, 13, 16],
			"rotation": {"angle": 0, "axis": "y", "origin": [8, 8, 8]},
			"faces": {
				"north": {"uv": [1, 3, 2, 5], "texture": "#overlay", "cullface": "east"},
				"east": {"uv": [0, 3, 2, 5], "texture": "#overlay", "cullface": "east"},
				"south": {"uv": [0, 3, 1, 5], "texture": "#overlay", "cullface": "east"},
				"down": {"uv": [0, 4, 2, 5], "rotation": 90, "texture": "#overlay", "cullface": "east"}
			}
		},
		{
			"name": "bituminous_coal_9",
			"from": [16, 12, 13],
			"to": [16.15, 13, 14],
			"rotation": {"angle": 0, "axis": "y", "origin": [8, 8, 8]},
			"faces": {
				"north": {"uv": [2, 3, 3, 4], "texture": "#overlay", "cullface": "east"},
				"east": {"uv": [2, 3, 3, 4], "texture": "#overlay", "cullface": "east"},
				"south": {"uv": [2, 3, 3, 4], "texture": "#overlay", "cullface": "east"},
				"down": {"uv": [2, 3, 3, 4], "rotation": 90, "texture": "#overlay", "cullface": "east"}
			}
		},
		{
			"name": "bituminous_coal_10",
			"from": [16, 8, 8],
			"to": [16.25, 13, 9],
			"rotation": {"angle": 0, "axis": "y", "origin": [8, 8, 8]},
			"faces": {
				"north": {"uv": [7, 3, 8, 8], "texture": "#overlay", "cullface": "east"},
				"east": {"uv": [7, 3, 8, 8], "texture": "#overlay", "cullface": "east"},
				"south": {"uv": [7, 3, 8, 8], "texture": "#overlay", "cullface": "east"},
				"up": {"uv": [8, 3, 7, 4], "rotation": 90, "texture": "#overlay", "cullface": "east"},
				"down": {"uv": [7, 7, 8, 8], "rotation": 90, "texture": "#overlay", "cullface": "east"}
			}
		},
		{
			"name": "bituminous_coal_11",
			"from": [16, 10, 5],
			"to": [16.25, 13, 6],
			"rotation": {"angle": 0, "axis": "y", "origin": [8, 8, 8]},
			"faces": {
				"north": {"uv": [10, 3, 11, 6], "texture": "#overlay", "cullface": "east"},
				"east": {"uv": [10, 3, 11, 6], "texture": "#overlay", "cullface": "east"},
				"up": {"uv": [11, 3, 10, 4], "rotation": 90, "texture": "#overlay", "cullface": "east"},
				"down": {"uv": [10, 5, 11, 6], "rotation": 90, "texture": "#overlay", "cullface": "east"}
			}
		},
		{
			"name": "bituminous_coal_12",
			"from": [16, 4, 0],
			"to": [16.65, 13, 2],
			"rotation": {"angle": 0, "axis": "y", "origin": [8, 8, 8]},
			"faces": {
				"north": {"uv": [15, 3, 16, 12], "texture": "#overlay", "cullface": "east"},
				"east": {"uv": [14, 3, 16, 12], "texture": "#overlay", "cullface": "east"},
				"south": {"uv": [14, 3, 15, 12], "texture": "#overlay", "cullface": "east"},
				"up": {"uv": [16, 3, 14, 4], "rotation": 90, "texture": "#overlay", "cullface": "east"},
				"down": {"uv": [14, 11, 16, 12], "rotation": 90, "texture": "#overlay", "cullface": "east"}
			}
		},
		{
			"name": "bituminous_coal_13",
			"from": [16, 10, 2],
			"to": [16.25, 12, 5],
			"rotation": {"angle": 0, "axis": "y", "origin": [8, 8, 8]},
			"faces": {
				"east": {"uv": [11, 4, 14, 6], "texture": "#overlay", "cullface": "east"},
				"up": {"uv": [14, 4, 11, 5], "rotation": 90, "texture": "#overlay", "cullface": "east"},
				"down": {"uv": [11, 5, 14, 6], "rotation": 90, "texture": "#overlay", "cullface": "east"}
			}
		},
		{
			"name": "bituminous_coal_14",
			"from": [16, 8, 9],
			"to": [16.25, 11, 11],
			"rotation": {"angle": 0, "axis": "y", "origin": [8, 8, 8]},
			"faces": {
				"east": {"uv": [5, 5, 7, 8], "texture": "#overlay", "cullface": "east"},
				"south": {"uv": [5, 5, 6, 8], "texture": "#overlay", "cullface": "east"},
				"up": {"uv": [7, 5, 5, 6], "rotation": 90, "texture": "#overlay", "cullface": "east"},
				"down": {"uv": [5, 7, 7, 8], "rotation": 90, "texture": "#overlay", "cullface": "east"}
			}
		},
		{
			"name": "bituminous_coal_15",
			"from": [16, 7, 11],
			"to": [16.5, 10, 15],
			"rotation": {"angle": 0, "axis": "y", "origin": [8, 8, 8]},
			"faces": {
				"north": {"uv": [4, 6, 5, 9], "texture": "#overlay", "cullface": "east"},
				"east": {"uv": [1, 6, 5, 9], "texture": "#overlay", "cullface": "east"},
				"south": {"uv": [1, 6, 2, 9], "texture": "#overlay", "cullface": "east"},
				"up": {"uv": [5, 6, 1, 7], "rotation": 90, "texture": "#overlay", "cullface": "east"},
				"down": {"uv": [1, 8, 5, 9], "rotation": 90, "texture": "#overlay", "cullface": "east"}
			}
		},
		{
			"name": "bituminous_coal_16",
			"from": [16, 4, 2],
			"to": [16.5, 10, 4],
			"rotation": {"angle": 0, "axis": "y", "origin": [8, 8, 8]},
			"faces": {
				"north": {"uv": [13, 6, 14, 12], "texture": "#overlay", "cullface": "east"},
				"east": {"uv": [12, 6, 14, 12], "texture": "#overlay", "cullface": "east"},
				"south": {"uv": [12, 6, 13, 12], "texture": "#overlay", "cullface": "east"},
				"up": {"uv": [14, 6, 12, 7], "rotation": 90, "texture": "#overlay", "cullface": "east"},
				"down": {"uv": [12, 11, 14, 12], "rotation": 90, "texture": "#overlay", "cullface": "east"}
			}
		},
		{
			"name": "bituminous_coal_17",
			"from": [16, 4, 15],
			"to": [16.25, 9, 16],
			"rotation": {"angle": 0, "axis": "y", "origin": [8, 8, 8]},
			"faces": {
				"east": {"uv": [0, 7, 1, 12], "texture": "#overlay", "cullface": "east"},
				"south": {"uv": [0, 7, 1, 12], "texture": "#overlay", "cullface": "east"},
				"up": {"uv": [1, 7, 0, 8], "rotation": 90, "texture": "#overlay", "cullface": "east"},
				"down": {"uv": [0, 11, 1, 12], "rotation": 90, "texture": "#overlay", "cullface": "east"}
			}
		},
		{
			"name": "bituminous_coal_18",
			"from": [16, 0, 4],
			"to": [16.5, 8, 5],
			"rotation": {"angle": 0, "axis": "y", "origin": [8, 8, 8]},
			"faces": {
				"north": {"uv": [11, 8, 12, 16], "texture": "#overlay", "cullface": "east"},
				"east": {"uv": [11, 8, 12, 16], "texture": "#overlay", "cullface": "east"},
				"south": {"uv": [11, 8, 12, 16], "texture": "#overlay", "cullface": "east"},
				"up": {"uv": [12, 8, 11, 9], "rotation": 90, "texture": "#overlay", "cullface": "east"},
				"down": {"uv": [11, 15, 12, 16], "rotation": 90, "texture": "#overlay", "cullface": "east"}
			}
		},
		{
			"name": "bituminous_coal_19",
			"from": [16, 4, 12],
			"to": [16.5, 7, 15],
			"rotation": {"angle": 0, "axis": "y", "origin": [8, 8, 8]},
			"faces": {
				"north": {"uv": [3, 9, 4, 12], "texture": "#overlay", "cullface": "east"},
				"east": {"uv": [1, 9, 4, 12], "texture": "#overlay", "cullface": "east"},
				"south": {"uv": [1, 9, 2, 12], "texture": "#overlay", "cullface": "east"},
				"down": {"uv": [1, 11, 4, 12], "rotation": 90, "texture": "#overlay", "cullface": "east"}
			}
		},
		{
			"name": "bituminous_coal_20",
			"from": [16, 2, 5],
			"to": [16.65, 7, 10],
			"rotation": {"angle": 0, "axis": "y", "origin": [8, 8, 8]},
			"faces": {
				"north": {"uv": [10, 9, 11, 14], "texture": "#overlay", "cullface": "east"},
				"east": {"uv": [6, 9, 11, 14], "texture": "#overlay", "cullface": "east"},
				"south": {"uv": [6, 9, 7, 14], "texture": "#overlay", "cullface": "east"},
				"up": {"uv": [11, 9, 6, 10], "rotation": 90, "texture": "#overlay", "cullface": "east"},
				"down": {"uv": [6, 13, 11, 14], "rotation": 90, "texture": "#overlay", "cullface": "east"}
			}
		},
		{
			"name": "bituminous_coal_21",
			"from": [16, 3, 10],
			"to": [16.25, 6, 12],
			"rotation": {"angle": 0, "axis": "y", "origin": [8, 8, 8]},
			"faces": {
				"east": {"uv": [4, 10, 6, 13], "texture": "#overlay", "cullface": "east"},
				"south": {"uv": [4, 10, 5, 13], "texture": "#overlay", "cullface": "east"},
				"up": {"uv": [6, 10, 4, 11], "rotation": 90, "texture": "#overlay", "cullface": "east"},
				"down": {"uv": [4, 12, 6, 13], "rotation": 90, "texture": "#overlay", "cullface": "east"}
			}
		},
		{
			"name": "bituminous_coal_22",
			"from": [16, 3, 12],
			"to": [16.15, 4, 14],
			"rotation": {"angle": 0, "axis": "y", "origin": [8, 8, 8]},
			"faces": {
				"east": {"uv": [2, 12, 4, 13], "texture": "#overlay", "cullface": "east"},
				"south": {"uv": [2, 12, 3, 13], "texture": "#overlay", "cullface": "east"},
				"up": {"uv": [4, 12, 2, 13], "rotation": 90, "texture": "#overlay", "cullface": "east"},
				"down": {"uv": [2, 12, 4, 13], "rotation": 90, "texture": "#overlay", "cullface": "east"}
			}
		},
		{
			"name": "bituminous_coal_23",
			"from": [16, 2, 10],
			"to": [16.15, 3, 11],
			"rotation": {"angle": 0, "axis": "y", "origin": [8, 8, 8]},
			"faces": {
				"north": {"uv": [5, 13, 6, 14], "texture": "#overlay", "cullface": "east"},
				"east": {"uv": [5, 13, 6, 14], "texture": "#overlay", "cullface": "east"},
				"south": {"uv": [5, 13, 6, 14], "texture": "#overlay", "cullface": "east"},
				"up": {"uv": [6, 13, 5, 14], "rotation": 90, "texture": "#overlay", "cullface": "east"},
				"down": {"uv": [5, 13, 6, 14], "rotation": 90, "texture": "#overlay", "cullface": "east"}
			}
		},
		{
			"name": "bituminous_coal_24",
			"from": [16, 0, 3],
			"to": [16.25, 3, 4],
			"rotation": {"angle": 0, "axis": "y", "origin": [8, 8, 8]},
			"faces": {
				"north": {"uv": [12, 13, 13, 16], "texture": "#overlay", "cullface": "east"},
				"east": {"uv": [12, 13, 13, 16], "texture": "#overlay", "cullface": "east"},
				"up": {"uv": [13, 13, 12, 14], "rotation": 90, "texture": "#overlay", "cullface": "east"},
				"down": {"uv": [12, 15, 13, 16], "rotation": 90, "texture": "#overlay", "cullface": "east"}
			}
		},
		{
			"name": "bituminous_coal_25",
			"from": [16, 0, 12],
			"to": [16.5, 2, 16],
			"rotation": {"angle": 0, "axis": "y", "origin": [8, 8, 8]},
			"faces": {
				"north": {"uv": [3, 14, 4, 16], "texture": "#overlay", "cullface": "east"},
				"east": {"uv": [0, 14, 4, 16], "texture": "#overlay", "cullface": "east"},
				"south": {"uv": [0, 14, 1, 16], "texture": "#overlay", "cullface": "east"},
				"up": {"uv": [4, 14, 0, 15], "rotation": 90, "texture": "#overlay", "cullface": "east"},
				"down": {"uv": [0, 15, 4, 16], "rotation": 90, "texture": "#overlay", "cullface": "east"}
			}
		},
		{
			"name": "bituminous_coal_26",
			"from": [16, 0, 5],
			"to": [16.25, 2, 7],
			"rotation": {"angle": 0, "axis": "y", "origin": [8, 8, 8]},
			"faces": {
				"east": {"uv": [9, 14, 11, 16], "texture": "#overlay", "cullface": "east"},
				"south": {"uv": [9, 14, 10, 16], "texture": "#overlay", "cullface": "east"},
				"up": {"uv": [11, 14, 9, 15], "rotation": 90, "texture": "#overlay", "cullface": "east"},
				"down": {"uv": [9, 15, 11, 16], "rotation": 90, "texture": "#overlay", "cullface": "east"}
			}
		},
		{
			"name": "bituminous_coal_27",
			"from": [16, 0, 0],
			"to": [16.25, 2, 3],
			"rotation": {"angle": 0, "axis": "y", "origin": [8, 8, 8]},
			"faces": {
				"north": {"uv": [15, 14, 16, 16], "texture": "#overlay", "cullface": "east"},
				"east": {"uv": [13, 14, 16, 16], "texture": "#overlay", "cullface": "east"},
				"up": {"uv": [16, 14, 13, 15], "rotation": 90, "texture": "#overlay", "cullface": "east"},
				"down": {"uv": [13, 15, 16, 16], "rotation": 90, "texture": "#overlay", "cullface": "east"}
			}
		},
		{
			"name": "bituminous_coal_28",
			"from": [16, 0, 10],
			"to": [16.15, 1, 12],
			"rotation": {"angle": 0, "axis": "y", "origin": [8, 8, 8]},
			"faces": {
				"north": {"uv": [5, 15, 6, 16], "texture": "#overlay", "cullface": "east"},
				"east": {"uv": [4, 15, 6, 16], "texture": "#overlay", "cullface": "east"},
				"up": {"uv": [6, 15, 4, 16], "rotation": 90, "texture": "#overlay", "cullface": "east"},
				"down": {"uv": [4, 15, 6, 16], "rotation": 90, "texture": "#overlay", "cullface": "east"}
			}
		},
		{
			"name": "bituminous_coal_1",
			"from": [12, 13, -0.5],
			"to": [16, 16, 0],
			"rotation": {"angle": 0, "axis": "y", "origin": [8, 8, 8]},
			"faces": {
				"north": {"uv": [0, 0, 4, 3], "texture": "#overlay", "cullface": "north"},
				"east": {"uv": [0, 0, 1, 3], "texture": "#overlay", "cullface": "north"},
				"west": {"uv": [3, 0, 4, 3], "texture": "#overlay", "cullface": "north"},
				"up": {"uv": [4, 0, 0, 1], "texture": "#overlay", "cullface": "north"},
				"down": {"uv": [0, 2, 4, 3], "rotation": 180, "texture": "#overlay", "cullface": "north"}
			}
		},
		{
			"name": "bituminous_coal_2",
			"from": [10, 14, -0.25],
			"to": [12, 16, 0],
			"rotation": {"angle": 0, "axis": "y", "origin": [8, 8, 8]},
			"faces": {
				"north": {"uv": [4, 0, 6, 2], "texture": "#overlay", "cullface": "north"},
				"east": {"uv": [4, 0, 5, 2], "texture": "#overlay", "cullface": "north"},
				"west": {"uv": [5, 0, 6, 2], "texture": "#overlay", "cullface": "north"},
				"up": {"uv": [6, 0, 4, 1], "texture": "#overlay", "cullface": "north"},
				"down": {"uv": [4, 1, 6, 2], "rotation": 180, "texture": "#overlay", "cullface": "north"}
			}
		},
		{
			"name": "bituminous_coal_3",
			"from": [9, 15, -0.15],
			"to": [10, 16, 0],
			"rotation": {"angle": 0, "axis": "y", "origin": [8, 8, 8]},
			"faces": {
				"north": {"uv": [6, 0, 7, 1], "texture": "#overlay", "cullface": "north"},
				"east": {"uv": [6, 0, 7, 1], "texture": "#overlay", "cullface": "north"},
				"west": {"uv": [6, 0, 7, 1], "texture": "#overlay", "cullface": "north"},
				"up": {"uv": [7, 0, 6, 1], "texture": "#overlay", "cullface": "north"},
				"down": {"uv": [6, 0, 7, 1], "rotation": 180, "texture": "#overlay", "cullface": "north"}
			}
		},
		{
			"name": "bituminous_coal_4",
			"from": [0, 14, -0.5],
			"to": [6, 16, 0],
			"rotation": {"angle": 0, "axis": "y", "origin": [8, 8, 8]},
			"faces": {
				"north": {"uv": [10, 0, 16, 2], "texture": "#overlay", "cullface": "north"},
				"east": {"uv": [10, 0, 11, 2], "texture": "#overlay", "cullface": "north"},
				"west": {"uv": [15, 0, 16, 2], "texture": "#overlay", "cullface": "north"},
				"up": {"uv": [16, 0, 10, 1], "texture": "#overlay", "cullface": "north"},
				"down": {"uv": [10, 1, 16, 2], "rotation": 180, "texture": "#overlay", "cullface": "north"}
			}
		},
		{
			"name": "bituminous_coal_5",
			"from": [6, 9, -0.5],
			"to": [8, 15, 0],
			"rotation": {"angle": 0, "axis": "y", "origin": [8, 8, 8]},
			"faces": {
				"north": {"uv": [8, 1, 10, 7], "texture": "#overlay", "cullface": "north"},
				"east": {"uv": [8, 1, 9, 7], "texture": "#overlay", "cullface": "north"},
				"west": {"uv": [9, 1, 10, 7], "texture": "#overlay", "cullface": "north"},
				"up": {"uv": [10, 1, 8, 2], "texture": "#overlay", "cullface": "north"},
				"down": {"uv": [8, 6, 10, 7], "rotation": 180, "texture": "#overlay", "cullface": "north"}
			}
		},
		{
			"name": "bituminous_coal_6",
			"from": [4, 13, -0.15],
			"to": [6, 14, 0],
			"rotation": {"angle": 0, "axis": "y", "origin": [8, 8, 8]},
			"faces": {
				"north": {"uv": [10, 2, 12, 3], "texture": "#overlay", "cullface": "north"},
				"west": {"uv": [11, 2, 12, 3], "texture": "#overlay", "cullface": "north"},
				"down": {"uv": [10, 2, 12, 3], "rotation": 180, "texture": "#overlay", "cullface": "north"}
			}
		},
		{
			"name": "bituminous_coal_7",
			"from": [0, 13, -0.25],
			"to": [3, 14, 0],
			"rotation": {"angle": 0, "axis": "y", "origin": [8, 8, 8]},
			"faces": {
				"north": {"uv": [13, 2, 16, 3], "texture": "#overlay", "cullface": "north"},
				"east": {"uv": [13, 2, 14, 3], "texture": "#overlay", "cullface": "north"},
				"west": {"uv": [15, 2, 16, 3], "texture": "#overlay", "cullface": "north"},
				"down": {"uv": [13, 2, 16, 3], "rotation": 180, "texture": "#overlay", "cullface": "north"}
			}
		},
		{
			"name": "bituminous_coal_8",
			"from": [14, 11, -0.25],
			"to": [16, 13, 0],
			"rotation": {"angle": 0, "axis": "y", "origin": [8, 8, 8]},
			"faces": {
				"north": {"uv": [0, 3, 2, 5], "texture": "#overlay", "cullface": "north"},
				"east": {"uv": [0, 3, 1, 5], "texture": "#overlay", "cullface": "north"},
				"west": {"uv": [1, 3, 2, 5], "texture": "#overlay", "cullface": "north"},
				"down": {"uv": [0, 4, 2, 5], "rotation": 180, "texture": "#overlay", "cullface": "north"}
			}
		},
		{
			"name": "bituminous_coal_9",
			"from": [13, 12, -0.15],
			"to": [14, 13, 0],
			"rotation": {"angle": 0, "axis": "y", "origin": [8, 8, 8]},
			"faces": {
				"north": {"uv": [2, 3, 3, 4], "texture": "#overlay", "cullface": "north"},
				"east": {"uv": [2, 3, 3, 4], "texture": "#overlay", "cullface": "north"},
				"west": {"uv": [2, 3, 3, 4], "texture": "#overlay", "cullface": "north"},
				"down": {"uv": [2, 3, 3, 4], "rotation": 180, "texture": "#overlay", "cullface": "north"}
			}
		},
		{
			"name": "bituminous_coal_10",
			"from": [8, 8, -0.25],
			"to": [9, 13, 0],
			"rotation": {"angle": 0, "axis": "y", "origin": [8, 8, 8]},
			"faces": {
				"north": {"uv": [7, 3, 8, 8], "texture": "#overlay", "cullface": "north"},
				"east": {"uv": [7, 3, 8, 8], "texture": "#overlay", "cullface": "north"},
				"west": {"uv": [7, 3, 8, 8], "texture": "#overlay", "cullface": "north"},
				"up": {"uv": [8, 3, 7, 4], "texture": "#overlay", "cullface": "north"},
				"down": {"uv": [7, 7, 8, 8], "rotation": 180, "texture": "#overlay", "cullface": "north"}
			}
		},
		{
			"name": "bituminous_coal_11",
			"from": [5, 10, -0.25],
			"to": [6, 13, 0],
			"rotation": {"angle": 0, "axis": "y", "origin": [8, 8, 8]},
			"faces": {
				"north": {"uv": [10, 3, 11, 6], "texture": "#overlay", "cullface": "north"},
				"west": {"uv": [10, 3, 11, 6], "texture": "#overlay", "cullface": "north"},
				"up": {"uv": [11, 3, 10, 4], "texture": "#overlay", "cullface": "north"},
				"down": {"uv": [10, 5, 11, 6], "rotation": 180, "texture": "#overlay", "cullface": "north"}
			}
		},
		{
			"name": "bituminous_coal_12",
			"from": [0, 4, -0.65],
			"to": [2, 13, 0],
			"rotation": {"angle": 0, "axis": "y", "origin": [8, 8, 8]},
			"faces": {
				"north": {"uv": [14, 3, 16, 12], "texture": "#overlay", "cullface": "north"},
				"east": {"uv": [14, 3, 15, 12], "texture": "#overlay", "cullface": "north"},
				"west": {"uv": [15, 3, 16, 12], "texture": "#overlay", "cullface": "north"},
				"up": {"uv": [16, 3, 14, 4], "texture": "#overlay", "cullface": "north"},
				"down": {"uv": [14, 11, 16, 12], "rotation": 180, "texture": "#overlay", "cullface": "north"}
			}
		},
		{
			"name": "bituminous_coal_13",
			"from": [2, 10, -0.25],
			"to": [5, 12, 0],
			"rotation": {"angle": 0, "axis": "y", "origin": [8, 8, 8]},
			"faces": {
				"north": {"uv": [11, 4, 14, 6], "texture": "#overlay", "cullface": "north"},
				"up": {"uv": [14, 4, 11, 5], "texture": "#overlay", "cullface": "north"},
				"down": {"uv": [11, 5, 14, 6], "rotation": 180, "texture": "#overlay", "cullface": "north"}
			}
		},
		{
			"name": "bituminous_coal_14",
			"from": [9, 8, -0.25],
			"to": [11, 11, 0],
			"rotation": {"angle": 0, "axis": "y", "origin": [8, 8, 8]},
			"faces": {
				"north": {"uv": [5, 5, 7, 8], "texture": "#overlay", "cullface": "north"},
				"east": {"uv": [5, 5, 6, 8], "texture": "#overlay", "cullface": "north"},
				"up": {"uv": [7, 5, 5, 6], "texture": "#overlay", "cullface": "north"},
				"down": {"uv": [5, 7, 7, 8], "rotation": 180, "texture": "#overlay", "cullface": "north"}
			}
		},
		{
			"name": "bituminous_coal_15",
			"from": [11, 7, -0.5],
			"to": [15, 10, 0],
			"rotation": {"angle": 0, "axis": "y", "origin": [8, 8, 8]},
			"faces": {
				"north": {"uv": [1, 6, 5, 9], "texture": "#overlay", "cullface": "north"},
				"east": {"uv": [1, 6, 2, 9], "texture": "#overlay", "cullface": "north"},
				"west": {"uv": [4, 6, 5, 9], "texture": "#overlay", "cullface": "north"},
				"up": {"uv": [5, 6, 1, 7], "texture": "#overlay", "cullface": "north"},
				"down": {"uv": [1, 8, 5, 9], "rotation": 180, "texture": "#overlay", "cullface": "north"}
			}
		},
		{
			"name": "bituminous_coal_16",
			"from": [2, 4, -0.5],
			"to": [4, 10, 0],
			"rotation": {"angle": 0, "axis": "y", "origin": [8, 8, 8]},
			"faces": {
				"north": {"uv": [12, 6, 14, 12], "texture": "#overlay", "cullface": "north"},
				"east": {"uv": [12, 6, 13, 12], "texture": "#overlay", "cullface": "north"},
				"west": {"uv": [13, 6, 14, 12], "texture": "#overlay", "cullface": "north"},
				"up": {"uv": [14, 6, 12, 7], "texture": "#overlay", "cullface": "north"},
				"down": {"uv": [12, 11, 14, 12], "rotation": 180, "texture": "#overlay", "cullface": "north"}
			}
		},
		{
			"name": "bituminous_coal_17",
			"from": [15, 4, -0.25],
			"to": [16, 9, 0],
			"rotation": {"angle": 0, "axis": "y", "origin": [8, 8, 8]},
			"faces": {
				"north": {"uv": [0, 7, 1, 12], "texture": "#overlay", "cullface": "north"},
				"east": {"uv": [0, 7, 1, 12], "texture": "#overlay", "cullface": "north"},
				"up": {"uv": [1, 7, 0, 8], "texture": "#overlay", "cullface": "north"},
				"down": {"uv": [0, 11, 1, 12], "rotation": 180, "texture": "#overlay", "cullface": "north"}
			}
		},
		{
			"name": "bituminous_coal_18",
			"from": [4, 0, -0.5],
			"to": [5, 8, 0],
			"rotation": {"angle": 0, "axis": "y", "origin": [8, 8, 8]},
			"faces": {
				"north": {"uv": [11, 8, 12, 16], "texture": "#overlay", "cullface": "north"},
				"east": {"uv": [11, 8, 12, 16], "texture": "#overlay", "cullface": "north"},
				"west": {"uv": [11, 8, 12, 16], "texture": "#overlay", "cullface": "north"},
				"up": {"uv": [12, 8, 11, 9], "texture": "#overlay", "cullface": "north"},
				"down": {"uv": [11, 15, 12, 16], "rotation": 180, "texture": "#overlay", "cullface": "north"}
			}
		},
		{
			"name": "bituminous_coal_19",
			"from": [12, 4, -0.5],
			"to": [15, 7, 0],
			"rotation": {"angle": 0, "axis": "y", "origin": [8, 8, 8]},
			"faces": {
				"north": {"uv": [1, 9, 4, 12], "texture": "#overlay", "cullface": "north"},
				"east": {"uv": [1, 9, 2, 12], "texture": "#overlay", "cullface": "north"},
				"west": {"uv": [3, 9, 4, 12], "texture": "#overlay", "cullface": "north"},
				"down": {"uv": [1, 11, 4, 12], "rotation": 180, "texture": "#overlay", "cullface": "north"}
			}
		},
		{
			"name": "bituminous_coal_20",
			"from": [5, 2, -0.65],
			"to": [10, 7, 0],
			"rotation": {"angle": 0, "axis": "y", "origin": [8, 8, 8]},
			"faces": {
				"north": {"uv": [6, 9, 11, 14], "texture": "#overlay", "cullface": "north"},
				"east": {"uv": [6, 9, 7, 14], "texture": "#overlay", "cullface": "north"},
				"west": {"uv": [10, 9, 11, 14], "texture": "#overlay", "cullface": "north"},
				"up": {"uv": [11, 9, 6, 10], "texture": "#overlay", "cullface": "north"},
				"down": {"uv": [6, 13, 11, 14], "rotation": 180, "texture": "#overlay", "cullface": "north"}
			}
		},
		{
			"name": "bituminous_coal_21",
			"from": [10, 3, -0.25],
			"to": [12, 6, 0],
			"rotation": {"angle": 0, "axis": "y", "origin": [8, 8, 8]},
			"faces": {
				"north": {"uv": [4, 10, 6, 13], "texture": "#overlay", "cullface": "north"},
				"east": {"uv": [4, 10, 5, 13], "texture": "#overlay", "cullface": "north"},
				"up": {"uv": [6, 10, 4, 11], "texture": "#overlay", "cullface": "north"},
				"down": {"uv": [4, 12, 6, 13], "rotation": 180, "texture": "#overlay", "cullface": "north"}
			}
		},
		{
			"name": "bituminous_coal_22",
			"from": [12, 3, -0.15],
			"to": [14, 4, 0],
			"rotation": {"angle": 0, "axis": "y", "origin": [8, 8, 8]},
			"faces": {
				"north": {"uv": [2, 12, 4, 13], "texture": "#overlay", "cullface": "north"},
				"east": {"uv": [2, 12, 3, 13], "texture": "#overlay", "cullface": "north"},
				"up": {"uv": [4, 12, 2, 13], "texture": "#overlay", "cullface": "north"},
				"down": {"uv": [2, 12, 4, 13], "rotation": 180, "texture": "#overlay", "cullface": "north"}
			}
		},
		{
			"name": "bituminous_coal_23",
			"from": [10, 2, -0.15],
			"to": [11, 3, 0],
			"rotation": {"angle": 0, "axis": "y", "origin": [8, 8, 8]},
			"faces": {
				"north": {"uv": [5, 13, 6, 14], "texture": "#overlay", "cullface": "north"},
				"east": {"uv": [5, 13, 6, 14], "texture": "#overlay", "cullface": "north"},
				"west": {"uv": [5, 13, 6, 14], "texture": "#overlay", "cullface": "north"},
				"up": {"uv": [6, 13, 5, 14], "texture": "#overlay", "cullface": "north"},
				"down": {"uv": [5, 13, 6, 14], "rotation": 180, "texture": "#overlay", "cullface": "north"}
			}
		},
		{
			"name": "bituminous_coal_24",
			"from": [3, 0, -0.25],
			"to": [4, 3, 0],
			"rotation": {"angle": 0, "axis": "y", "origin": [8, 8, 8]},
			"faces": {
				"north": {"uv": [12, 13, 13, 16], "texture": "#overlay", "cullface": "north"},
				"west": {"uv": [12, 13, 13, 16], "texture": "#overlay", "cullface": "north"},
				"up": {"uv": [13, 13, 12, 14], "texture": "#overlay", "cullface": "north"},
				"down": {"uv": [12, 15, 13, 16], "rotation": 180, "texture": "#overlay", "cullface": "north"}
			}
		},
		{
			"name": "bituminous_coal_25",
			"from": [12, 0, -0.5],
			"to": [16, 2, 0],
			"rotation": {"angle": 0, "axis": "y", "origin": [8, 8, 8]},
			"faces": {
				"north": {"uv": [0, 14, 4, 16], "texture": "#overlay", "cullface": "north"},
				"east": {"uv": [0, 14, 1, 16], "texture": "#overlay", "cullface": "north"},
				"west": {"uv": [3, 14, 4, 16], "texture": "#overlay", "cullface": "north"},
				"up": {"uv": [4, 14, 0, 15], "texture": "#overlay", "cullface": "north"},
				"down": {"uv": [0, 15, 4, 16], "rotation": 180, "texture": "#overlay", "cullface": "north"}
			}
		},
		{
			"name": "bituminous_coal_26",
			"from": [5, 0, -0.25],
			"to": [7, 2, 0],
			"rotation": {"angle": 0, "axis": "y", "origin": [8, 8, 8]},
			"faces": {
				"north": {"uv": [9, 14, 11, 16], "texture": "#overlay", "cullface": "north"},
				"east": {"uv": [9, 14, 10, 16], "texture": "#overlay", "cullface": "north"},
				"up": {"uv": [11, 14, 9, 15], "texture": "#overlay", "cullface": "north"},
				"down": {"uv": [9, 15, 11, 16], "rotation": 180, "texture": "#overlay", "cullface": "north"}
			}
		},
		{
			"name": "bituminous_coal_27",
			"from": [0, 0, -0.25],
			"to": [3, 2, 0],
			"rotation": {"angle": 0, "axis": "y", "origin": [8, 8, 8]},
			"faces": {
				"north": {"uv": [13, 14, 16, 16], "texture": "#overlay", "cullface": "north"},
				"west": {"uv": [15, 14, 16, 16], "texture": "#overlay", "cullface": "north"},
				"up": {"uv": [16, 14, 13, 15], "texture": "#overlay", "cullface": "north"},
				"down": {"uv": [13, 15, 16, 16], "rotation": 180, "texture": "#overlay", "cullface": "north"}
			}
		},
		{
			"name": "bituminous_coal_28",
			"from": [10, 0, -0.15],
			"to": [12, 1, 0],
			"rotation": {"angle": 0, "axis": "y", "origin": [8, 8, 8]},
			"faces": {
				"north": {"uv": [4, 15, 6, 16], "texture": "#overlay", "cullface": "north"},
				"west": {"uv": [5, 15, 6, 16], "texture": "#overlay", "cullface": "north"},
				"up": {"uv": [6, 15, 4, 16], "texture": "#overlay", "cullface": "north"},
				"down": {"uv": [4, 15, 6, 16], "rotation": 180, "texture": "#overlay", "cullface": "north"}
			}
		},
		{
			"name": "bituminous_coal_2",
			"from": [-0.5, 13, 0],
			"to": [0, 16, 4],
			"rotation": {"angle": 0, "axis": "y", "origin": [8, 8, 8]},
			"faces": {
				"north": {"uv": [0, 0, 1, 3], "texture": "#overlay", "cullface": "west"},
				"south": {"uv": [3, 0, 4, 3], "texture": "#overlay", "cullface": "west"},
				"west": {"uv": [0, 0, 4, 3], "texture": "#overlay", "cullface": "west"},
				"up": {"uv": [4, 0, 0, 1], "rotation": 270, "texture": "#overlay", "cullface": "west"},
				"down": {"uv": [0, 2, 4, 3], "rotation": 270, "texture": "#overlay", "cullface": "west"}
			}
		},
		{
			"name": "bituminous_coal_3",
			"from": [-0.25, 14, 4],
			"to": [0, 16, 6],
			"rotation": {"angle": 0, "axis": "y", "origin": [8, 8, 8]},
			"faces": {
				"north": {"uv": [4, 0, 5, 2], "texture": "#overlay", "cullface": "west"},
				"south": {"uv": [5, 0, 6, 2], "texture": "#overlay", "cullface": "west"},
				"west": {"uv": [4, 0, 6, 2], "texture": "#overlay", "cullface": "west"},
				"up": {"uv": [6, 0, 4, 1], "rotation": 270, "texture": "#overlay", "cullface": "west"},
				"down": {"uv": [4, 1, 6, 2], "rotation": 270, "texture": "#overlay", "cullface": "west"}
			}
		},
		{
			"name": "bituminous_coal_4",
			"from": [-0.15, 15, 6],
			"to": [0, 16, 7],
			"rotation": {"angle": 0, "axis": "y", "origin": [8, 8, 8]},
			"faces": {
				"north": {"uv": [6, 0, 7, 1], "texture": "#overlay", "cullface": "west"},
				"south": {"uv": [6, 0, 7, 1], "texture": "#overlay", "cullface": "west"},
				"west": {"uv": [6, 0, 7, 1], "texture": "#overlay", "cullface": "west"},
				"up": {"uv": [7, 0, 6, 1], "rotation": 270, "texture": "#overlay", "cullface": "west"},
				"down": {"uv": [6, 0, 7, 1], "rotation": 270, "texture": "#overlay", "cullface": "west"}
			}
		},
		{
			"name": "bituminous_coal_5",
			"from": [-0.5, 14, 10],
			"to": [0, 16, 16],
			"rotation": {"angle": 0, "axis": "y", "origin": [8, 8, 8]},
			"faces": {
				"north": {"uv": [10, 0, 11, 2], "texture": "#overlay", "cullface": "west"},
				"south": {"uv": [15, 0, 16, 2], "texture": "#overlay", "cullface": "west"},
				"west": {"uv": [10, 0, 16, 2], "texture": "#overlay", "cullface": "west"},
				"up": {"uv": [16, 0, 10, 1], "rotation": 270, "texture": "#overlay", "cullface": "west"},
				"down": {"uv": [10, 1, 16, 2], "rotation": 270, "texture": "#overlay", "cullface": "west"}
			}
		},
		{
			"name": "bituminous_coal_6",
			"from": [-0.5, 9, 8],
			"to": [0, 15, 10],
			"rotation": {"angle": 0, "axis": "y", "origin": [8, 8, 8]},
			"faces": {
				"north": {"uv": [8, 1, 9, 7], "texture": "#overlay", "cullface": "west"},
				"south": {"uv": [9, 1, 10, 7], "texture": "#overlay", "cullface": "west"},
				"west": {"uv": [8, 1, 10, 7], "texture": "#overlay", "cullface": "west"},
				"up": {"uv": [10, 1, 8, 2], "rotation": 270, "texture": "#overlay", "cullface": "west"},
				"down": {"uv": [8, 6, 10, 7], "rotation": 270, "texture": "#overlay", "cullface": "west"}
			}
		},
		{
			"name": "bituminous_coal_7",
			"from": [-0.15, 13, 10],
			"to": [0, 14, 12],
			"rotation": {"angle": 0, "axis": "y", "origin": [8, 8, 8]},
			"faces": {
				"south": {"uv": [11, 2, 12, 3], "texture": "#overlay", "cullface": "west"},
				"west": {"uv": [10, 2, 12, 3], "texture": "#overlay", "cullface": "west"},
				"down": {"uv": [10, 2, 12, 3], "rotation": 270, "texture": "#overlay", "cullface": "west"}
			}
		},
		{
			"name": "bituminous_coal_8",
			"from": [-0.25, 13, 13],
			"to": [0, 14, 16],
			"rotation": {"angle": 0, "axis": "y", "origin": [8, 8, 8]},
			"faces": {
				"north": {"uv": [13, 2, 14, 3], "texture": "#overlay", "cullface": "west"},
				"south": {"uv": [15, 2, 16, 3], "texture": "#overlay", "cullface": "west"},
				"west": {"uv": [13, 2, 16, 3], "texture": "#overlay", "cullface": "west"},
				"down": {"uv": [13, 2, 16, 3], "rotation": 270, "texture": "#overlay", "cullface": "west"}
			}
		},
		{
			"name": "bituminous_coal_9",
			"from": [-0.25, 11, 0],
			"to": [0, 13, 2],
			"rotation": {"angle": 0, "axis": "y", "origin": [8, 8, 8]},
			"faces": {
				"north": {"uv": [0, 3, 1, 5], "texture": "#overlay", "cullface": "west"},
				"south": {"uv": [1, 3, 2, 5], "texture": "#overlay", "cullface": "west"},
				"west": {"uv": [0, 3, 2, 5], "texture": "#overlay", "cullface": "west"},
				"down": {"uv": [0, 4, 2, 5], "rotation": 270, "texture": "#overlay", "cullface": "west"}
			}
		},
		{
			"name": "bituminous_coal_10",
			"from": [-0.15, 12, 2],
			"to": [0, 13, 3],
			"rotation": {"angle": 0, "axis": "y", "origin": [8, 8, 8]},
			"faces": {
				"north": {"uv": [2, 3, 3, 4], "texture": "#overlay", "cullface": "west"},
				"south": {"uv": [2, 3, 3, 4], "texture": "#overlay", "cullface": "west"},
				"west": {"uv": [2, 3, 3, 4], "texture": "#overlay", "cullface": "west"},
				"down": {"uv": [2, 3, 3, 4], "rotation": 270, "texture": "#overlay", "cullface": "west"}
			}
		},
		{
			"name": "bituminous_coal_11",
			"from": [-0.25, 8, 7],
			"to": [0, 13, 8],
			"rotation": {"angle": 0, "axis": "y", "origin": [8, 8, 8]},
			"faces": {
				"north": {"uv": [7, 3, 8, 8], "texture": "#overlay", "cullface": "west"},
				"south": {"uv": [7, 3, 8, 8], "texture": "#overlay", "cullface": "west"},
				"west": {"uv": [7, 3, 8, 8], "texture": "#overlay", "cullface": "west"},
				"up": {"uv": [8, 3, 7, 4], "rotation": 270, "texture": "#overlay", "cullface": "west"},
				"down": {"uv": [7, 7, 8, 8], "rotation": 270, "texture": "#overlay", "cullface": "west"}
			}
		},
		{
			"name": "bituminous_coal_12",
			"from": [-0.25, 10, 10],
			"to": [0, 13, 11],
			"rotation": {"angle": 0, "axis": "y", "origin": [8, 8, 8]},
			"faces": {
				"south": {"uv": [10, 3, 11, 6], "texture": "#overlay", "cullface": "west"},
				"west": {"uv": [10, 3, 11, 6], "texture": "#overlay", "cullface": "west"},
				"up": {"uv": [11, 3, 10, 4], "rotation": 270, "texture": "#overlay", "cullface": "west"},
				"down": {"uv": [10, 5, 11, 6], "rotation": 270, "texture": "#overlay", "cullface": "west"}
			}
		},
		{
			"name": "bituminous_coal_13",
			"from": [-0.65, 4, 14],
			"to": [0, 13, 16],
			"rotation": {"angle": 0, "axis": "y", "origin": [8, 8, 8]},
			"faces": {
				"north": {"uv": [14, 3, 15, 12], "texture": "#overlay", "cullface": "west"},
				"south": {"uv": [15, 3, 16, 12], "texture": "#overlay", "cullface": "west"},
				"west": {"uv": [14, 3, 16, 12], "texture": "#overlay", "cullface": "west"},
				"up": {"uv": [16, 3, 14, 4], "rotation": 270, "texture": "#overlay", "cullface": "west"},
				"down": {"uv": [14, 11, 16, 12], "rotation": 270, "texture": "#overlay", "cullface": "west"}
			}
		},
		{
			"name": "bituminous_coal_14",
			"from": [-0.25, 10, 11],
			"to": [0, 12, 14],
			"rotation": {"angle": 0, "axis": "y", "origin": [8, 8, 8]},
			"faces": {
				"west": {"uv": [11, 4, 14, 6], "texture": "#overlay", "cullface": "west"},
				"up": {"uv": [14, 4, 11, 5], "rotation": 270, "texture": "#overlay", "cullface": "west"},
				"down": {"uv": [11, 5, 14, 6], "rotation": 270, "texture": "#overlay", "cullface": "west"}
			}
		},
		{
			"name": "bituminous_coal_15",
			"from": [-0.25, 8, 5],
			"to": [0, 11, 7],
			"rotation": {"angle": 0, "axis": "y", "origin": [8, 8, 8]},
			"faces": {
				"north": {"uv": [5, 5, 6, 8], "texture": "#overlay", "cullface": "west"},
				"west": {"uv": [5, 5, 7, 8], "texture": "#overlay", "cullface": "west"},
				"up": {"uv": [7, 5, 5, 6], "rotation": 270, "texture": "#overlay", "cullface": "west"},
				"down": {"uv": [5, 7, 7, 8], "rotation": 270, "texture": "#overlay", "cullface": "west"}
			}
		},
		{
			"name": "bituminous_coal_16",
			"from": [-0.5, 7, 1],
			"to": [0, 10, 5],
			"rotation": {"angle": 0, "axis": "y", "origin": [8, 8, 8]},
			"faces": {
				"north": {"uv": [1, 6, 2, 9], "texture": "#overlay", "cullface": "west"},
				"south": {"uv": [4, 6, 5, 9], "texture": "#overlay", "cullface": "west"},
				"west": {"uv": [1, 6, 5, 9], "texture": "#overlay", "cullface": "west"},
				"up": {"uv": [5, 6, 1, 7], "rotation": 270, "texture": "#overlay", "cullface": "west"},
				"down": {"uv": [1, 8, 5, 9], "rotation": 270, "texture": "#overlay", "cullface": "west"}
			}
		},
		{
			"name": "bituminous_coal_17",
			"from": [-0.5, 4, 12],
			"to": [0, 10, 14],
			"rotation": {"angle": 0, "axis": "y", "origin": [8, 8, 8]},
			"faces": {
				"north": {"uv": [12, 6, 13, 12], "texture": "#overlay", "cullface": "west"},
				"south": {"uv": [13, 6, 14, 12], "texture": "#overlay", "cullface": "west"},
				"west": {"uv": [12, 6, 14, 12], "texture": "#overlay", "cullface": "west"},
				"up": {"uv": [14, 6, 12, 7], "rotation": 270, "texture": "#overlay", "cullface": "west"},
				"down": {"uv": [12, 11, 14, 12], "rotation": 270, "texture": "#overlay", "cullface": "west"}
			}
		},
		{
			"name": "bituminous_coal_18",
			"from": [-0.25, 4, 0],
			"to": [0, 9, 1],
			"rotation": {"angle": 0, "axis": "y", "origin": [8, 8, 8]},
			"faces": {
				"north": {"uv": [0, 7, 1, 12], "texture": "#overlay", "cullface": "west"},
				"west": {"uv": [0, 7, 1, 12], "texture": "#overlay", "cullface": "west"},
				"up": {"uv": [1, 7, 0, 8], "rotation": 270, "texture": "#overlay", "cullface": "west"},
				"down": {"uv": [0, 11, 1, 12], "rotation": 270, "texture": "#overlay", "cullface": "west"}
			}
		},
		{
			"name": "bituminous_coal_19",
			"from": [-0.5, 0, 11],
			"to": [0, 8, 12],
			"rotation": {"angle": 0, "axis": "y", "origin": [8, 8, 8]},
			"faces": {
				"north": {"uv": [11, 8, 12, 16], "texture": "#overlay", "cullface": "west"},
				"south": {"uv": [11, 8, 12, 16], "texture": "#overlay", "cullface": "west"},
				"west": {"uv": [11, 8, 12, 16], "texture": "#overlay", "cullface": "west"},
				"up": {"uv": [12, 8, 11, 9], "rotation": 270, "texture": "#overlay", "cullface": "west"},
				"down": {"uv": [11, 15, 12, 16], "rotation": 270, "texture": "#overlay", "cullface": "west"}
			}
		},
		{
			"name": "bituminous_coal_20",
			"from": [-0.5, 4, 1],
			"to": [0, 7, 4],
			"rotation": {"angle": 0, "axis": "y", "origin": [8, 8, 8]},
			"faces": {
				"north": {"uv": [1, 9, 2, 12], "texture": "#overlay", "cullface": "west"},
				"south": {"uv": [3, 9, 4, 12], "texture": "#overlay", "cullface": "west"},
				"west": {"uv": [1, 9, 4, 12], "texture": "#overlay", "cullface": "west"},
				"down": {"uv": [1, 11, 4, 12], "rotation": 270, "texture": "#overlay", "cullface": "west"}
			}
		},
		{
			"name": "bituminous_coal_21",
			"from": [-0.65, 2, 6],
			"to": [0, 7, 11],
			"rotation": {"angle": 0, "axis": "y", "origin": [8, 8, 8]},
			"faces": {
				"north": {"uv": [6, 9, 7, 14], "texture": "#overlay", "cullface": "west"},
				"south": {"uv": [10, 9, 11, 14], "texture": "#overlay", "cullface": "west"},
				"west": {"uv": [6, 9, 11, 14], "texture": "#overlay", "cullface": "west"},
				"up": {"uv": [11, 9, 6, 10], "rotation": 270, "texture": "#overlay", "cullface": "west"},
				"down": {"uv": [6, 13, 11, 14], "rotation": 270, "texture": "#overlay", "cullface": "west"}
			}
		},
		{
			"name": "bituminous_coal_22",
			"from": [-0.25, 3, 4],
			"to": [0, 6, 6],
			"rotation": {"angle": 0, "axis": "y", "origin": [8, 8, 8]},
			"faces": {
				"north": {"uv": [4, 10, 5, 13], "texture": "#overlay", "cullface": "west"},
				"west": {"uv": [4, 10, 6, 13], "texture": "#overlay", "cullface": "west"},
				"up": {"uv": [6, 10, 4, 11], "rotation": 270, "texture": "#overlay", "cullface": "west"},
				"down": {"uv": [4, 12, 6, 13], "rotation": 270, "texture": "#overlay", "cullface": "west"}
			}
		},
		{
			"name": "bituminous_coal_23",
			"from": [-0.15, 3, 2],
			"to": [0, 4, 4],
			"rotation": {"angle": 0, "axis": "y", "origin": [8, 8, 8]},
			"faces": {
				"north": {"uv": [2, 12, 3, 13], "texture": "#overlay", "cullface": "west"},
				"west": {"uv": [2, 12, 4, 13], "texture": "#overlay", "cullface": "west"},
				"up": {"uv": [4, 12, 2, 13], "rotation": 270, "texture": "#overlay", "cullface": "west"},
				"down": {"uv": [2, 12, 4, 13], "rotation": 270, "texture": "#overlay", "cullface": "west"}
			}
		},
		{
			"name": "bituminous_coal_24",
			"from": [-0.15, 2, 5],
			"to": [0, 3, 6],
			"rotation": {"angle": 0, "axis": "y", "origin": [8, 8, 8]},
			"faces": {
				"north": {"uv": [5, 13, 6, 14], "texture": "#overlay", "cullface": "west"},
				"south": {"uv": [5, 13, 6, 14], "texture": "#overlay", "cullface": "west"},
				"west": {"uv": [5, 13, 6, 14], "texture": "#overlay", "cullface": "west"},
				"up": {"uv": [6, 13, 5, 14], "rotation": 270, "texture": "#overlay", "cullface": "west"},
				"down": {"uv": [5, 13, 6, 14], "rotation": 270, "texture": "#overlay", "cullface": "west"}
			}
		},
		{
			"name": "bituminous_coal_25",
			"from": [-0.25, 0, 12],
			"to": [0, 3, 13],
			"rotation": {"angle": 0, "axis": "y", "origin": [8, 8, 8]},
			"faces": {
				"south": {"uv": [12, 13, 13, 16], "texture": "#overlay", "cullface": "west"},
				"west": {"uv": [12, 13, 13, 16], "texture": "#overlay", "cullface": "west"},
				"up": {"uv": [13, 13, 12, 14], "rotation": 270, "texture": "#overlay", "cullface": "west"},
				"down": {"uv": [12, 15, 13, 16], "rotation": 270, "texture": "#overlay", "cullface": "west"}
			}
		},
		{
			"name": "bituminous_coal_26",
			"from": [-0.5, 0, 0],
			"to": [0, 2, 4],
			"rotation": {"angle": 0, "axis": "y", "origin": [8, 8, 8]},
			"faces": {
				"north": {"uv": [0, 14, 1, 16], "texture": "#overlay", "cullface": "west"},
				"south": {"uv": [3, 14, 4, 16], "texture": "#overlay", "cullface": "west"},
				"west": {"uv": [0, 14, 4, 16], "texture": "#overlay", "cullface": "west"},
				"up": {"uv": [4, 14, 0, 15], "rotation": 270, "texture": "#overlay", "cullface": "west"},
				"down": {"uv": [0, 15, 4, 16], "rotation": 270, "texture": "#overlay", "cullface": "west"}
			}
		},
		{
			"name": "bituminous_coal_27",
			"from": [-0.25, 0, 9],
			"to": [0, 2, 11],
			"rotation": {"angle": 0, "axis": "y", "origin": [8, 8, 8]},
			"faces": {
				"north": {"uv": [9, 14, 10, 16], "texture": "#overlay", "cullface": "west"},
				"west": {"uv": [9, 14, 11, 16], "texture": "#overlay", "cullface": "west"},
				"up": {"uv": [11, 14, 9, 15], "rotation": 270, "texture": "#overlay", "cullface": "west"},
				"down": {"uv": [9, 15, 11, 16], "rotation": 270, "texture": "#overlay", "cullface": "west"}
			}
		},
		{
			"name": "bituminous_coal_28",
			"from": [-0.25, 0, 13],
			"to": [0, 2, 16],
			"rotation": {"angle": 0, "axis": "y", "origin": [8, 8, 8]},
			"faces": {
				"south": {"uv": [15, 14, 16, 16], "texture": "#overlay", "cullface": "west"},
				"west": {"uv": [13, 14, 16, 16], "texture": "#overlay", "cullface": "west"},
				"up": {"uv": [16, 14, 13, 15], "rotation": 270, "texture": "#overlay", "cullface": "west"},
				"down": {"uv": [13, 15, 16, 16], "rotation": 270, "texture": "#overlay", "cullface": "west"}
			}
		},
		{
			"name": "bituminous_coal_29",
			"from": [-0.15, 0, 4],
			"to": [0, 1, 6],
			"rotation": {"angle": 0, "axis": "y", "origin": [8, 8, 8]},
			"faces": {
				"south": {"uv": [5, 15, 6, 16], "texture": "#overlay", "cullface": "west"},
				"west": {"uv": [4, 15, 6, 16], "texture": "#overlay", "cullface": "west"},
				"up": {"uv": [6, 15, 4, 16], "rotation": 270, "texture": "#overlay", "cullface": "west"},
				"down": {"uv": [4, 15, 6, 16], "rotation": 270, "texture": "#overlay", "cullface": "west"}
			}
		}
	],
	"groups": [
		0,
		{
			"name": "group",
			"origin": [8, 8, 8],
			"color": 0,
			"children": [1, 2, 3, 4, 5, 6, 7, 8, 9, 10, 11, 12, 13, 14, 15, 16, 17, 18, 19, 20, 21, 22, 23, 24, 25, 26, 27, 28]
		},
		{
			"name": "group",
			"origin": [8, 8, 8],
			"color": 0,
			"children": [29, 30, 31, 32, 33, 34, 35, 36, 37, 38, 39, 40, 41, 42, 43, 44, 45, 46, 47, 48, 49, 50, 51, 52, 53, 54, 55, 56]
		},
		{
			"name": "group",
			"origin": [8, 8, 8],
			"color": 0,
			"children": [57, 58, 59, 60, 61, 62, 63, 64, 65, 66, 67, 68, 69, 70, 71, 72, 73, 74, 75, 76, 77, 78, 79, 80, 81, 82, 83, 84]
		},
		{
			"name": "group",
			"origin": [8, 8, 8],
			"color": 0,
			"children": [85, 86, 87, 88, 89, 90, 91, 92, 93, 94, 95, 96, 97, 98, 99, 100, 101, 102, 103, 104, 105, 106, 107, 108, 109, 110, 111, 112]
		},
		{
			"name": "group",
			"origin": [8, 8, 8],
			"color": 0,
			"children": [113, 114, 115, 116, 117, 118, 119, 120, 121, 122, 123, 124, 125, 126, 127, 128, 129, 130, 131, 132, 133, 134, 135, 136, 137, 138, 139, 140]
		},
		{
			"name": "group",
			"origin": [8, 8, 8],
			"color": 0,
			"children": [141, 142, 143, 144, 145, 146, 147, 148, 149, 150, 151, 152, 153, 154, 155, 156, 157, 158, 159, 160, 161, 162, 163, 164, 165, 166, 167, 168]
		}
	]
}