{
	"credit": "Made with Blockbench",
	"parent": "block/block",
	"elements": [
		{
			"from": [0, 0, 0],
			"to": [16, 16, 16],
			"rotation": {"angle": 0, "axis": "y", "origin": [8, 8, 8]},
			"faces": {
				"north": {"uv": [0, 0, 16, 16], "texture": "#all", "cullface": "north"},
				"east": {"uv": [0, 0, 16, 16], "texture": "#all", "cullface": "east"},
				"south": {"uv": [0, 0, 16, 16], "texture": "#all", "cullface": "south"},
				"west": {"uv": [0, 0, 16, 16], "texture": "#all", "cullface": "west"},
				"up": {"uv": [0, 0, 16, 16], "texture": "#all", "cullface": "up"},
				"down": {"uv": [0, 0, 16, 16], "texture": "#all", "cullface": "down"}
			}
		},
		{
			"name": "cinnabar_1",
			"from": [1, 16, 0],
			"to": [3, 16.25, 2],
			"rotation": {"angle": 0, "axis": "x", "origin": [8, 8, 8]},
			"faces": {
				"north": {"uv": [3, 0, 1, 1], "texture": "#overlay", "cullface": "up"},
				"east": {"uv": [2, 0, 3, 2], "rotation": 90, "texture": "#overlay", "cullface": "up"},
				"south": {"uv": [1, 1, 3, 2], "texture": "#overlay", "cullface": "up"},
				"west": {"uv": [1, 0, 2, 2], "rotation": 270, "texture": "#overlay", "cullface": "up"},
				"up": {"uv": [1, 0, 3, 2], "texture": "#overlay", "cullface": "up"}
			}
		},
		{
			"name": "cinnabar_2",
			"from": [3, 16, 0],
			"to": [5, 16.15, 1],
			"rotation": {"angle": 0, "axis": "x", "origin": [8, 8, 8]},
			"faces": {
				"north": {"uv": [5, 0, 3, 1], "texture": "#overlay", "cullface": "up"},
				"east": {"uv": [4, 0, 5, 1], "rotation": 90, "texture": "#overlay", "cullface": "up"},
				"south": {"uv": [3, 0, 5, 1], "texture": "#overlay", "cullface": "up"},
				"west": {"uv": [3, 0, 4, 1], "rotation": 270, "texture": "#overlay", "cullface": "up"},
				"up": {"uv": [3, 0, 5, 1], "texture": "#overlay", "cullface": "up"}
			}
		},
		{
			"name": "cinnabar_3",
			"from": [7, 16, 0],
			"to": [12, 16.35, 1],
			"rotation": {"angle": 0, "axis": "x", "origin": [8, 8, 8]},
			"faces": {
				"north": {"uv": [12, 0, 7, 1], "texture": "#overlay", "cullface": "up"},
				"east": {"uv": [11, 0, 12, 1], "rotation": 90, "texture": "#overlay", "cullface": "up"},
				"south": {"uv": [7, 0, 12, 1], "texture": "#overlay", "cullface": "up"},
				"west": {"uv": [7, 0, 8, 1], "rotation": 270, "texture": "#overlay", "cullface": "up"},
				"up": {"uv": [7, 0, 12, 1], "texture": "#overlay", "cullface": "up"}
			}
		},
		{
			"name": "cinnabar_4",
			"from": [8, 16, 1],
			"to": [11, 16.25, 2],
			"rotation": {"angle": 0, "axis": "x", "origin": [8, 8, 8]},
			"faces": {
				"north": {"uv": [11, 1, 8, 2], "texture": "#overlay", "cullface": "up"},
				"east": {"uv": [10, 1, 11, 2], "rotation": 90, "texture": "#overlay", "cullface": "up"},
				"south": {"uv": [8, 1, 11, 2], "texture": "#overlay", "cullface": "up"},
				"west": {"uv": [8, 1, 9, 2], "rotation": 270, "texture": "#overlay", "cullface": "up"},
				"up": {"uv": [8, 1, 11, 2], "texture": "#overlay", "cullface": "up"}
			}
		},
		{
			"name": "cinnabar_5",
			"from": [2, 16, 3],
			"to": [7, 16.65, 6],
			"rotation": {"angle": 0, "axis": "x", "origin": [8, 8, 8]},
			"faces": {
				"north": {"uv": [7, 3, 2, 4], "texture": "#overlay", "cullface": "up"},
				"east": {"uv": [6, 3, 7, 6], "rotation": 90, "texture": "#overlay", "cullface": "up"},
				"south": {"uv": [2, 5, 7, 6], "texture": "#overlay", "cullface": "up"},
				"west": {"uv": [2, 3, 3, 6], "rotation": 270, "texture": "#overlay", "cullface": "up"},
				"up": {"uv": [2, 3, 7, 6], "texture": "#overlay", "cullface": "up"}
			}
		},
		{
			"name": "cinnabar_6",
			"from": [11, 16, 3],
			"to": [15, 16.5, 5],
			"rotation": {"angle": 0, "axis": "x", "origin": [8, 8, 8]},
			"faces": {
				"north": {"uv": [15, 3, 11, 4], "texture": "#overlay", "cullface": "up"},
				"east": {"uv": [14, 3, 15, 5], "rotation": 90, "texture": "#overlay", "cullface": "up"},
				"south": {"uv": [11, 4, 15, 5], "texture": "#overlay", "cullface": "up"},
				"west": {"uv": [11, 3, 12, 5], "rotation": 270, "texture": "#overlay", "cullface": "up"},
				"up": {"uv": [11, 3, 15, 5], "texture": "#overlay", "cullface": "up"}
			}
		},
		{
			"name": "cinnabar_7",
			"from": [0, 16, 4],
			"to": [2, 16.25, 6],
			"rotation": {"angle": 0, "axis": "x", "origin": [8, 8, 8]},
			"faces": {
				"north": {"uv": [2, 4, 0, 5], "texture": "#overlay", "cullface": "up"},
				"east": {"uv": [1, 4, 2, 6], "rotation": 90, "texture": "#overlay", "cullface": "up"},
				"south": {"uv": [0, 5, 2, 6], "texture": "#overlay", "cullface": "up"},
				"west": {"uv": [0, 4, 1, 6], "rotation": 270, "texture": "#overlay", "cullface": "up"},
				"up": {"uv": [0, 4, 2, 6], "texture": "#overlay", "cullface": "up"}
			}
		},
		{
			"name": "cinnabar_8",
			"from": [7, 16, 4],
			"to": [8, 16.5, 9],
			"rotation": {"angle": 0, "axis": "x", "origin": [8, 8, 8]},
			"faces": {
				"north": {"uv": [8, 4, 7, 5], "texture": "#overlay", "cullface": "up"},
				"east": {"uv": [7, 4, 8, 9], "rotation": 90, "texture": "#overlay", "cullface": "up"},
				"south": {"uv": [7, 8, 8, 9], "texture": "#overlay", "cullface": "up"},
				"west": {"uv": [7, 4, 8, 9], "rotation": 270, "texture": "#overlay", "cullface": "up"},
				"up": {"uv": [7, 4, 8, 9], "texture": "#overlay", "cullface": "up"}
			}
		},
		{
			"name": "cinnabar_9",
			"from": [15, 16, 4],
			"to": [16, 16.15, 6],
			"rotation": {"angle": 0, "axis": "x", "origin": [8, 8, 8]},
			"faces": {
				"north": {"uv": [16, 4, 15, 5], "texture": "#overlay", "cullface": "up"},
				"east": {"uv": [15, 4, 16, 6], "rotation": 90, "texture": "#overlay", "cullface": "up"},
				"south": {"uv": [15, 5, 16, 6], "texture": "#overlay", "cullface": "up"},
				"west": {"uv": [15, 4, 16, 6], "rotation": 270, "texture": "#overlay", "cullface": "up"},
				"up": {"uv": [15, 4, 16, 6], "texture": "#overlay", "cullface": "up"}
			}
		},
		{
			"name": "cinnabar_10",
			"from": [12, 16, 5],
			"to": [15, 16.25, 6],
			"rotation": {"angle": 0, "axis": "x", "origin": [8, 8, 8]},
			"faces": {
				"north": {"uv": [15, 5, 12, 6], "texture": "#overlay", "cullface": "up"},
				"east": {"uv": [14, 5, 15, 6], "rotation": 90, "texture": "#overlay", "cullface": "up"},
				"south": {"uv": [12, 5, 15, 6], "texture": "#overlay", "cullface": "up"},
				"west": {"uv": [12, 5, 13, 6], "rotation": 270, "texture": "#overlay", "cullface": "up"},
				"up": {"uv": [12, 5, 15, 6], "texture": "#overlay", "cullface": "up"}
			}
		},
		{
			"name": "cinnabar_11",
			"from": [0, 16, 6],
			"to": [1, 16.15, 7],
			"rotation": {"angle": 0, "axis": "x", "origin": [8, 8, 8]},
			"faces": {
				"north": {"uv": [1, 6, 0, 7], "texture": "#overlay", "cullface": "up"},
				"east": {"uv": [0, 6, 1, 7], "rotation": 90, "texture": "#overlay", "cullface": "up"},
				"south": {"uv": [0, 6, 1, 7], "texture": "#overlay", "cullface": "up"},
				"west": {"uv": [0, 6, 1, 7], "rotation": 270, "texture": "#overlay", "cullface": "up"},
				"up": {"uv": [0, 6, 1, 7], "texture": "#overlay", "cullface": "up"}
			}
		},
		{
			"name": "cinnabar_12",
			"from": [3, 16, 6],
			"to": [7, 16.5, 8],
			"rotation": {"angle": 0, "axis": "x", "origin": [8, 8, 8]},
			"faces": {
				"north": {"uv": [7, 6, 3, 7], "texture": "#overlay", "cullface": "up"},
				"east": {"uv": [6, 6, 7, 8], "rotation": 90, "texture": "#overlay", "cullface": "up"},
				"south": {"uv": [3, 7, 7, 8], "texture": "#overlay", "cullface": "up"},
				"west": {"uv": [3, 6, 4, 8], "rotation": 270, "texture": "#overlay", "cullface": "up"},
				"up": {"uv": [3, 6, 7, 8], "texture": "#overlay", "cullface": "up"}
			}
		},
		{
			"name": "cinnabar_13",
			"from": [13, 16, 6],
			"to": [15, 16.15, 7],
			"rotation": {"angle": 0, "axis": "x", "origin": [8, 8, 8]},
			"faces": {
				"north": {"uv": [15, 6, 13, 7], "texture": "#overlay", "cullface": "up"},
				"east": {"uv": [14, 6, 15, 7], "rotation": 90, "texture": "#overlay", "cullface": "up"},
				"south": {"uv": [13, 6, 15, 7], "texture": "#overlay", "cullface": "up"},
				"west": {"uv": [13, 6, 14, 7], "rotation": 270, "texture": "#overlay", "cullface": "up"},
				"up": {"uv": [13, 6, 15, 7], "texture": "#overlay", "cullface": "up"}
			}
		},
		{
			"name": "cinnabar_14",
			"from": [6, 16, 8],
			"to": [7, 16.15, 9],
			"rotation": {"angle": 0, "axis": "x", "origin": [8, 8, 8]},
			"faces": {
				"north": {"uv": [7, 8, 6, 9], "texture": "#overlay", "cullface": "up"},
				"east": {"uv": [6, 8, 7, 9], "rotation": 90, "texture": "#overlay", "cullface": "up"},
				"south": {"uv": [6, 8, 7, 9], "texture": "#overlay", "cullface": "up"},
				"west": {"uv": [6, 8, 7, 9], "rotation": 270, "texture": "#overlay", "cullface": "up"},
				"up": {"uv": [6, 8, 7, 9], "texture": "#overlay", "cullface": "up"}
			}
		},
		{
			"name": "cinnabar_15",
			"from": [11, 16, 8],
			"to": [12, 16.35, 13],
			"rotation": {"angle": 0, "axis": "x", "origin": [8, 8, 8]},
			"faces": {
				"north": {"uv": [12, 8, 11, 9], "texture": "#overlay", "cullface": "up"},
				"east": {"uv": [11, 8, 12, 13], "rotation": 90, "texture": "#overlay", "cullface": "up"},
				"south": {"uv": [11, 12, 12, 13], "texture": "#overlay", "cullface": "up"},
				"west": {"uv": [11, 8, 12, 13], "rotation": 270, "texture": "#overlay", "cullface": "up"},
				"up": {"uv": [11, 8, 12, 13], "texture": "#overlay", "cullface": "up"}
			}
		},
		{
			"name": "cinnabar_16",
			"from": [10, 16, 9],
			"to": [11, 16.25, 12],
			"rotation": {"angle": 0, "axis": "x", "origin": [8, 8, 8]},
			"faces": {
				"north": {"uv": [11, 9, 10, 10], "texture": "#overlay", "cullface": "up"},
				"east": {"uv": [10, 9, 11, 12], "rotation": 90, "texture": "#overlay", "cullface": "up"},
				"south": {"uv": [10, 11, 11, 12], "texture": "#overlay", "cullface": "up"},
				"west": {"uv": [10, 9, 11, 12], "rotation": 270, "texture": "#overlay", "cullface": "up"},
				"up": {"uv": [10, 9, 11, 12], "texture": "#overlay", "cullface": "up"}
			}
		},
		{
			"name": "cinnabar_17",
			"from": [12, 16, 9],
			"to": [13, 16.25, 13],
			"rotation": {"angle": 0, "axis": "x", "origin": [8, 8, 8]},
			"faces": {
				"north": {"uv": [13, 9, 12, 10], "texture": "#overlay", "cullface": "up"},
				"east": {"uv": [12, 9, 13, 13], "rotation": 90, "texture": "#overlay", "cullface": "up"},
				"south": {"uv": [12, 12, 13, 13], "texture": "#overlay", "cullface": "up"},
				"west": {"uv": [12, 9, 13, 13], "rotation": 270, "texture": "#overlay", "cullface": "up"},
				"up": {"uv": [12, 9, 13, 13], "texture": "#overlay", "cullface": "up"}
			}
		},
		{
			"name": "cinnabar_18",
			"from": [9, 16, 10],
			"to": [10, 16.15, 11],
			"rotation": {"angle": 0, "axis": "x", "origin": [8, 8, 8]},
			"faces": {
				"north": {"uv": [10, 10, 9, 11], "texture": "#overlay", "cullface": "up"},
				"east": {"uv": [9, 10, 10, 11], "rotation": 90, "texture": "#overlay", "cullface": "up"},
				"south": {"uv": [9, 10, 10, 11], "texture": "#overlay", "cullface": "up"},
				"west": {"uv": [9, 10, 10, 11], "rotation": 270, "texture": "#overlay", "cullface": "up"},
				"up": {"uv": [9, 10, 10, 11], "texture": "#overlay", "cullface": "up"}
			}
		},
		{
			"name": "cinnabar_19",
			"from": [13, 16, 10],
			"to": [14, 16.15, 12],
			"rotation": {"angle": 0, "axis": "x", "origin": [8, 8, 8]},
			"faces": {
				"north": {"uv": [14, 10, 13, 11], "texture": "#overlay", "cullface": "up"},
				"east": {"uv": [13, 10, 14, 12], "rotation": 90, "texture": "#overlay", "cullface": "up"},
				"south": {"uv": [13, 11, 14, 12], "texture": "#overlay", "cullface": "up"},
				"west": {"uv": [13, 10, 14, 12], "rotation": 270, "texture": "#overlay", "cullface": "up"},
				"up": {"uv": [13, 10, 14, 12], "texture": "#overlay", "cullface": "up"}
			}
		},
		{
			"name": "cinnabar_20",
			"from": [3, 16, 11],
			"to": [6, 16.35, 13],
			"rotation": {"angle": 0, "axis": "x", "origin": [8, 8, 8]},
			"faces": {
				"north": {"uv": [6, 11, 3, 12], "texture": "#overlay", "cullface": "up"},
				"east": {"uv": [5, 11, 6, 13], "rotation": 90, "texture": "#overlay", "cullface": "up"},
				"south": {"uv": [3, 12, 6, 13], "texture": "#overlay", "cullface": "up"},
				"west": {"uv": [3, 11, 4, 13], "rotation": 270, "texture": "#overlay", "cullface": "up"},
				"up": {"uv": [3, 11, 6, 13], "texture": "#overlay", "cullface": "up"}
			}
		},
		{
			"name": "cinnabar_21",
			"from": [6, 16, 12],
			"to": [7, 16.25, 15],
			"rotation": {"angle": 0, "axis": "x", "origin": [8, 8, 8]},
			"faces": {
				"north": {"uv": [7, 12, 6, 13], "texture": "#overlay", "cullface": "up"},
				"east": {"uv": [6, 12, 7, 15], "rotation": 90, "texture": "#overlay", "cullface": "up"},
				"south": {"uv": [6, 14, 7, 15], "texture": "#overlay", "cullface": "up"},
				"west": {"uv": [6, 12, 7, 15], "rotation": 270, "texture": "#overlay", "cullface": "up"},
				"up": {"uv": [6, 12, 7, 15], "texture": "#overlay", "cullface": "up"}
			}
		},
		{
			"name": "cinnabar_22",
			"from": [5, 16, 13],
			"to": [6, 16.15, 15],
			"rotation": {"angle": 0, "axis": "x", "origin": [8, 8, 8]},
			"faces": {
				"north": {"uv": [6, 13, 5, 14], "texture": "#overlay", "cullface": "up"},
				"east": {"uv": [5, 13, 6, 15], "rotation": 90, "texture": "#overlay", "cullface": "up"},
				"south": {"uv": [5, 14, 6, 15], "texture": "#overlay", "cullface": "up"},
				"west": {"uv": [5, 13, 6, 15], "rotation": 270, "texture": "#overlay", "cullface": "up"},
				"up": {"uv": [5, 13, 6, 15], "texture": "#overlay", "cullface": "up"}
			}
		},
		{
			"name": "cinnabar_23",
			"from": [7, 16, 13],
			"to": [8, 16.25, 16],
			"rotation": {"angle": 0, "axis": "x", "origin": [8, 8, 8]},
			"faces": {
				"north": {"uv": [8, 13, 7, 14], "texture": "#overlay", "cullface": "up"},
				"east": {"uv": [7, 13, 8, 16], "rotation": 90, "texture": "#overlay", "cullface": "up"},
				"south": {"uv": [7, 15, 8, 16], "texture": "#overlay", "cullface": "up"},
				"west": {"uv": [7, 13, 8, 16], "rotation": 270, "texture": "#overlay", "cullface": "up"},
				"up": {"uv": [7, 13, 8, 16], "texture": "#overlay", "cullface": "up"}
			}
		},
		{
			"name": "cinnabar_24",
			"from": [1, 16, 14],
			"to": [3, 16.25, 16],
			"rotation": {"angle": 0, "axis": "x", "origin": [8, 8, 8]},
			"faces": {
				"north": {"uv": [3, 14, 1, 15], "texture": "#overlay", "cullface": "up"},
				"east": {"uv": [2, 14, 3, 16], "rotation": 90, "texture": "#overlay", "cullface": "up"},
				"south": {"uv": [1, 15, 3, 16], "texture": "#overlay", "cullface": "up"},
				"west": {"uv": [1, 14, 2, 16], "rotation": 270, "texture": "#overlay", "cullface": "up"},
				"up": {"uv": [1, 14, 3, 16], "texture": "#overlay", "cullface": "up"}
			}
		},
		{
			"name": "cinnabar_25",
			"from": [8, 16, 14],
			"to": [10, 16.25, 16],
			"rotation": {"angle": 0, "axis": "x", "origin": [8, 8, 8]},
			"faces": {
				"north": {"uv": [10, 14, 8, 15], "texture": "#overlay", "cullface": "up"},
				"east": {"uv": [9, 14, 10, 16], "rotation": 90, "texture": "#overlay", "cullface": "up"},
				"south": {"uv": [8, 15, 10, 16], "texture": "#overlay", "cullface": "up"},
				"west": {"uv": [8, 14, 9, 16], "rotation": 270, "texture": "#overlay", "cullface": "up"},
				"up": {"uv": [8, 14, 10, 16], "texture": "#overlay", "cullface": "up"}
			}
		},
		{
			"name": "cinnabar_26",
			"from": [3, 16, 15],
			"to": [4, 16.15, 16],
			"rotation": {"angle": 0, "axis": "x", "origin": [8, 8, 8]},
			"faces": {
				"north": {"uv": [4, 15, 3, 16], "texture": "#overlay", "cullface": "up"},
				"east": {"uv": [3, 15, 4, 16], "rotation": 90, "texture": "#overlay", "cullface": "up"},
				"south": {"uv": [3, 15, 4, 16], "texture": "#overlay", "cullface": "up"},
				"west": {"uv": [3, 15, 4, 16], "rotation": 270, "texture": "#overlay", "cullface": "up"},
				"up": {"uv": [3, 15, 4, 16], "texture": "#overlay", "cullface": "up"}
			}
		},
		{
			"name": "cinnabar_27",
			"from": [10, 16, 15],
			"to": [12, 16.15, 16],
			"rotation": {"angle": 0, "axis": "x", "origin": [8, 8, 8]},
			"faces": {
				"north": {"uv": [12, 15, 10, 16], "texture": "#overlay", "cullface": "up"},
				"east": {"uv": [11, 15, 12, 16], "rotation": 90, "texture": "#overlay", "cullface": "up"},
				"south": {"uv": [10, 15, 12, 16], "texture": "#overlay", "cullface": "up"},
				"west": {"uv": [10, 15, 11, 16], "rotation": 270, "texture": "#overlay", "cullface": "up"},
				"up": {"uv": [10, 15, 12, 16], "texture": "#overlay", "cullface": "up"}
			}
		},
		{
			"name": "cinnabar_1",
			"from": [1, -0.25, 14],
			"to": [3, 0, 16],
			"rotation": {"angle": 0, "axis": "x", "origin": [8, 8, 8]},
			"faces": {
				"north": {"uv": [1, 1, 3, 2], "rotation": 180, "texture": "#overlay", "cullface": "down"},
				"east": {"uv": [2, 0, 3, 2], "rotation": 270, "texture": "#overlay", "cullface": "down"},
				"south": {"uv": [3, 0, 1, 1], "rotation": 180, "texture": "#overlay", "cullface": "down"},
				"west": {"uv": [1, 0, 2, 2], "rotation": 90, "texture": "#overlay", "cullface": "down"},
				"down": {"uv": [1, 0, 3, 2], "texture": "#overlay", "cullface": "down"}
			}
		},
		{
			"name": "cinnabar_2",
			"from": [3, -0.15, 15],
			"to": [5, 0, 16],
			"rotation": {"angle": 0, "axis": "x", "origin": [8, 8, 8]},
			"faces": {
				"north": {"uv": [3, 0, 5, 1], "rotation": 180, "texture": "#overlay", "cullface": "down"},
				"east": {"uv": [4, 0, 5, 1], "rotation": 270, "texture": "#overlay", "cullface": "down"},
				"south": {"uv": [5, 0, 3, 1], "rotation": 180, "texture": "#overlay", "cullface": "down"},
				"west": {"uv": [3, 0, 4, 1], "rotation": 90, "texture": "#overlay", "cullface": "down"},
				"down": {"uv": [3, 0, 5, 1], "texture": "#overlay", "cullface": "down"}
			}
		},
		{
			"name": "cinnabar_3",
			"from": [7, -0.35, 15],
			"to": [12, 0, 16],
			"rotation": {"angle": 0, "axis": "x", "origin": [8, 8, 8]},
			"faces": {
				"north": {"uv": [7, 0, 12, 1], "rotation": 180, "texture": "#overlay", "cullface": "down"},
				"east": {"uv": [11, 0, 12, 1], "rotation": 270, "texture": "#overlay", "cullface": "down"},
				"south": {"uv": [12, 0, 7, 1], "rotation": 180, "texture": "#overlay", "cullface": "down"},
				"west": {"uv": [7, 0, 8, 1], "rotation": 90, "texture": "#overlay", "cullface": "down"},
				"down": {"uv": [7, 0, 12, 1], "texture": "#overlay", "cullface": "down"}
			}
		},
		{
			"name": "cinnabar_4",
			"from": [8, -0.25, 14],
			"to": [11, 0, 15],
			"rotation": {"angle": 0, "axis": "x", "origin": [8, 8, 8]},
			"faces": {
				"north": {"uv": [8, 1, 11, 2], "rotation": 180, "texture": "#overlay", "cullface": "down"},
				"east": {"uv": [10, 1, 11, 2], "rotation": 270, "texture": "#overlay", "cullface": "down"},
				"south": {"uv": [11, 1, 8, 2], "rotation": 180, "texture": "#overlay", "cullface": "down"},
				"west": {"uv": [8, 1, 9, 2], "rotation": 90, "texture": "#overlay", "cullface": "down"},
				"down": {"uv": [8, 1, 11, 2], "texture": "#overlay", "cullface": "down"}
			}
		},
		{
			"name": "cinnabar_5",
			"from": [2, -0.65, 10],
			"to": [7, 0, 13],
			"rotation": {"angle": 0, "axis": "x", "origin": [8, 8, 8]},
			"faces": {
				"north": {"uv": [2, 5, 7, 6], "rotation": 180, "texture": "#overlay", "cullface": "down"},
				"east": {"uv": [6, 3, 7, 6], "rotation": 270, "texture": "#overlay", "cullface": "down"},
				"south": {"uv": [7, 3, 2, 4], "rotation": 180, "texture": "#overlay", "cullface": "down"},
				"west": {"uv": [2, 3, 3, 6], "rotation": 90, "texture": "#overlay", "cullface": "down"},
				"down": {"uv": [2, 3, 7, 6], "texture": "#overlay", "cullface": "down"}
			}
		},
		{
			"name": "cinnabar_6",
			"from": [11, -0.5, 11],
			"to": [15, 0, 13],
			"rotation": {"angle": 0, "axis": "x", "origin": [8, 8, 8]},
			"faces": {
				"north": {"uv": [11, 4, 15, 5], "rotation": 180, "texture": "#overlay", "cullface": "down"},
				"east": {"uv": [14, 3, 15, 5], "rotation": 270, "texture": "#overlay", "cullface": "down"},
				"south": {"uv": [15, 3, 11, 4], "rotation": 180, "texture": "#overlay", "cullface": "down"},
				"west": {"uv": [11, 3, 12, 5], "rotation": 90, "texture": "#overlay", "cullface": "down"},
				"down": {"uv": [11, 3, 15, 5], "texture": "#overlay", "cullface": "down"}
			}
		},
		{
			"name": "cinnabar_7",
			"from": [0, -0.25, 10],
			"to": [2, 0, 12],
			"rotation": {"angle": 0, "axis": "x", "origin": [8, 8, 8]},
			"faces": {
				"north": {"uv": [0, 5, 2, 6], "rotation": 180, "texture": "#overlay", "cullface": "down"},
				"east": {"uv": [1, 4, 2, 6], "rotation": 270, "texture": "#overlay", "cullface": "down"},
				"south": {"uv": [2, 4, 0, 5], "rotation": 180, "texture": "#overlay", "cullface": "down"},
				"west": {"uv": [0, 4, 1, 6], "rotation": 90, "texture": "#overlay", "cullface": "down"},
				"down": {"uv": [0, 4, 2, 6], "texture": "#overlay", "cullface": "down"}
			}
		},
		{
			"name": "cinnabar_8",
			"from": [7, -0.5, 7],
			"to": [8, 0, 12],
			"rotation": {"angle": 0, "axis": "x", "origin": [8, 8, 8]},
			"faces": {
				"north": {"uv": [7, 8, 8, 9], "rotation": 180, "texture": "#overlay", "cullface": "down"},
				"east": {"uv": [7, 4, 8, 9], "rotation": 270, "texture": "#overlay", "cullface": "down"},
				"south": {"uv": [8, 4, 7, 5], "rotation": 180, "texture": "#overlay", "cullface": "down"},
				"west": {"uv": [7, 4, 8, 9], "rotation": 90, "texture": "#overlay", "cullface": "down"},
				"down": {"uv": [7, 4, 8, 9], "texture": "#overlay", "cullface": "down"}
			}
		},
		{
			"name": "cinnabar_9",
			"from": [15, -0.15, 10],
			"to": [16, 0, 12],
			"rotation": {"angle": 0, "axis": "x", "origin": [8, 8, 8]},
			"faces": {
				"north": {"uv": [15, 5, 16, 6], "rotation": 180, "texture": "#overlay", "cullface": "down"},
				"east": {"uv": [15, 4, 16, 6], "rotation": 270, "texture": "#overlay", "cullface": "down"},
				"south": {"uv": [16, 4, 15, 5], "rotation": 180, "texture": "#overlay", "cullface": "down"},
				"west": {"uv": [15, 4, 16, 6], "rotation": 90, "texture": "#overlay", "cullface": "down"},
				"down": {"uv": [15, 4, 16, 6], "texture": "#overlay", "cullface": "down"}
			}
		},
		{
			"name": "cinnabar_10",
			"from": [12, -0.25, 10],
			"to": [15, 0, 11],
			"rotation": {"angle": 0, "axis": "x", "origin": [8, 8, 8]},
			"faces": {
				"north": {"uv": [12, 5, 15, 6], "rotation": 180, "texture": "#overlay", "cullface": "down"},
				"east": {"uv": [14, 5, 15, 6], "rotation": 270, "texture": "#overlay", "cullface": "down"},
				"south": {"uv": [15, 5, 12, 6], "rotation": 180, "texture": "#overlay", "cullface": "down"},
				"west": {"uv": [12, 5, 13, 6], "rotation": 90, "texture": "#overlay", "cullface": "down"},
				"down": {"uv": [12, 5, 15, 6], "texture": "#overlay", "cullface": "down"}
			}
		},
		{
			"name": "cinnabar_11",
			"from": [0, -0.15, 9],
			"to": [1, 0, 10],
			"rotation": {"angle": 0, "axis": "x", "origin": [8, 8, 8]},
			"faces": {
				"north": {"uv": [0, 6, 1, 7], "rotation": 180, "texture": "#overlay", "cullface": "down"},
				"east": {"uv": [0, 6, 1, 7], "rotation": 270, "texture": "#overlay", "cullface": "down"},
				"south": {"uv": [1, 6, 0, 7], "rotation": 180, "texture": "#overlay", "cullface": "down"},
				"west": {"uv": [0, 6, 1, 7], "rotation": 90, "texture": "#overlay", "cullface": "down"},
				"down": {"uv": [0, 6, 1, 7], "texture": "#overlay", "cullface": "down"}
			}
		},
		{
			"name": "cinnabar_12",
			"from": [3, -0.5, 8],
			"to": [7, 0, 10],
			"rotation": {"angle": 0, "axis": "x", "origin": [8, 8, 8]},
			"faces": {
				"north": {"uv": [3, 7, 7, 8], "rotation": 180, "texture": "#overlay", "cullface": "down"},
				"east": {"uv": [6, 6, 7, 8], "rotation": 270, "texture": "#overlay", "cullface": "down"},
				"south": {"uv": [7, 6, 3, 7], "rotation": 180, "texture": "#overlay", "cullface": "down"},
				"west": {"uv": [3, 6, 4, 8], "rotation": 90, "texture": "#overlay", "cullface": "down"},
				"down": {"uv": [3, 6, 7, 8], "texture": "#overlay", "cullface": "down"}
			}
		},
		{
			"name": "cinnabar_13",
			"from": [13, -0.15, 9],
			"to": [15, 0, 10],
			"rotation": {"angle": 0, "axis": "x", "origin": [8, 8, 8]},
			"faces": {
				"north": {"uv": [13, 6, 15, 7], "rotation": 180, "texture": "#overlay", "cullface": "down"},
				"east": {"uv": [14, 6, 15, 7], "rotation": 270, "texture": "#overlay", "cullface": "down"},
				"south": {"uv": [15, 6, 13, 7], "rotation": 180, "texture": "#overlay", "cullface": "down"},
				"west": {"uv": [13, 6, 14, 7], "rotation": 90, "texture": "#overlay", "cullface": "down"},
				"down": {"uv": [13, 6, 15, 7], "texture": "#overlay", "cullface": "down"}
			}
		},
		{
			"name": "cinnabar_14",
			"from": [6, -0.15, 7],
			"to": [7, 0, 8],
			"rotation": {"angle": 0, "axis": "x", "origin": [8, 8, 8]},
			"faces": {
				"north": {"uv": [6, 8, 7, 9], "rotation": 180, "texture": "#overlay", "cullface": "down"},
				"east": {"uv": [6, 8, 7, 9], "rotation": 270, "texture": "#overlay", "cullface": "down"},
				"south": {"uv": [7, 8, 6, 9], "rotation": 180, "texture": "#overlay", "cullface": "down"},
				"west": {"uv": [6, 8, 7, 9], "rotation": 90, "texture": "#overlay", "cullface": "down"},
				"down": {"uv": [6, 8, 7, 9], "texture": "#overlay", "cullface": "down"}
			}
		},
		{
			"name": "cinnabar_15",
			"from": [11, -0.35, 3],
			"to": [12, 0, 8],
			"rotation": {"angle": 0, "axis": "x", "origin": [8, 8, 8]},
			"faces": {
				"north": {"uv": [11, 12, 12, 13], "rotation": 180, "texture": "#overlay", "cullface": "down"},
				"east": {"uv": [11, 8, 12, 13], "rotation": 270, "texture": "#overlay", "cullface": "down"},
				"south": {"uv": [12, 8, 11, 9], "rotation": 180, "texture": "#overlay", "cullface": "down"},
				"west": {"uv": [11, 8, 12, 13], "rotation": 90, "texture": "#overlay", "cullface": "down"},
				"down": {"uv": [11, 8, 12, 13], "texture": "#overlay", "cullface": "down"}
			}
		},
		{
			"name": "cinnabar_16",
			"from": [10, -0.25, 4],
			"to": [11, 0, 7],
			"rotation": {"angle": 0, "axis": "x", "origin": [8, 8, 8]},
			"faces": {
				"north": {"uv": [10, 11, 11, 12], "rotation": 180, "texture": "#overlay", "cullface": "down"},
				"east": {"uv": [10, 9, 11, 12], "rotation": 270, "texture": "#overlay", "cullface": "down"},
				"south": {"uv": [11, 9, 10, 10], "rotation": 180, "texture": "#overlay", "cullface": "down"},
				"west": {"uv": [10, 9, 11, 12], "rotation": 90, "texture": "#overlay", "cullface": "down"},
				"down": {"uv": [10, 9, 11, 12], "texture": "#overlay", "cullface": "down"}
			}
		},
		{
			"name": "cinnabar_17",
			"from": [12, -0.25, 3],
			"to": [13, 0, 7],
			"rotation": {"angle": 0, "axis": "x", "origin": [8, 8, 8]},
			"faces": {
				"north": {"uv": [12, 12, 13, 13], "rotation": 180, "texture": "#overlay", "cullface": "down"},
				"east": {"uv": [12, 9, 13, 13], "rotation": 270, "texture": "#overlay", "cullface": "down"},
				"south": {"uv": [13, 9, 12, 10], "rotation": 180, "texture": "#overlay", "cullface": "down"},
				"west": {"uv": [12, 9, 13, 13], "rotation": 90, "texture": "#overlay", "cullface": "down"},
				"down": {"uv": [12, 9, 13, 13], "texture": "#overlay", "cullface": "down"}
			}
		},
		{
			"name": "cinnabar_18",
			"from": [9, -0.15, 5],
			"to": [10, 0, 6],
			"rotation": {"angle": 0, "axis": "x", "origin": [8, 8, 8]},
			"faces": {
				"north": {"uv": [9, 10, 10, 11], "rotation": 180, "texture": "#overlay", "cullface": "down"},
				"east": {"uv": [9, 10, 10, 11], "rotation": 270, "texture": "#overlay", "cullface": "down"},
				"south": {"uv": [10, 10, 9, 11], "rotation": 180, "texture": "#overlay", "cullface": "down"},
				"west": {"uv": [9, 10, 10, 11], "rotation": 90, "texture": "#overlay", "cullface": "down"},
				"down": {"uv": [9, 10, 10, 11], "texture": "#overlay", "cullface": "down"}
			}
		},
		{
			"name": "cinnabar_19",
			"from": [13, -0.15, 4],
			"to": [14, 0, 6],
			"rotation": {"angle": 0, "axis": "x", "origin": [8, 8, 8]},
			"faces": {
				"north": {"uv": [13, 11, 14, 12], "rotation": 180, "texture": "#overlay", "cullface": "down"},
				"east": {"uv": [13, 10, 14, 12], "rotation": 270, "texture": "#overlay", "cullface": "down"},
				"south": {"uv": [14, 10, 13, 11], "rotation": 180, "texture": "#overlay", "cullface": "down"},
				"west": {"uv": [13, 10, 14, 12], "rotation": 90, "texture": "#overlay", "cullface": "down"},
				"down": {"uv": [13, 10, 14, 12], "texture": "#overlay", "cullface": "down"}
			}
		},
		{
			"name": "cinnabar_20",
			"from": [3, -0.35, 3],
			"to": [6, 0, 5],
			"rotation": {"angle": 0, "axis": "x", "origin": [8, 8, 8]},
			"faces": {
				"north": {"uv": [3, 12, 6, 13], "rotation": 180, "texture": "#overlay", "cullface": "down"},
				"east": {"uv": [5, 11, 6, 13], "rotation": 270, "texture": "#overlay", "cullface": "down"},
				"south": {"uv": [6, 11, 3, 12], "rotation": 180, "texture": "#overlay", "cullface": "down"},
				"west": {"uv": [3, 11, 4, 13], "rotation": 90, "texture": "#overlay", "cullface": "down"},
				"down": {"uv": [3, 11, 6, 13], "texture": "#overlay", "cullface": "down"}
			}
		},
		{
			"name": "cinnabar_21",
			"from": [6, -0.25, 1],
			"to": [7, 0, 4],
			"rotation": {"angle": 0, "axis": "x", "origin": [8, 8, 8]},
			"faces": {
				"north": {"uv": [6, 14, 7, 15], "rotation": 180, "texture": "#overlay", "cullface": "down"},
				"east": {"uv": [6, 12, 7, 15], "rotation": 270, "texture": "#overlay", "cullface": "down"},
				"south": {"uv": [7, 12, 6, 13], "rotation": 180, "texture": "#overlay", "cullface": "down"},
				"west": {"uv": [6, 12, 7, 15], "rotation": 90, "texture": "#overlay", "cullface": "down"},
				"down": {"uv": [6, 12, 7, 15], "texture": "#overlay", "cullface": "down"}
			}
		},
		{
			"name": "cinnabar_22",
			"from": [5, -0.15, 1],
			"to": [6, 0, 3],
			"rotation": {"angle": 0, "axis": "x", "origin": [8, 8, 8]},
			"faces": {
				"north": {"uv": [5, 14, 6, 15], "rotation": 180, "texture": "#overlay", "cullface": "down"},
				"east": {"uv": [5, 13, 6, 15], "rotation": 270, "texture": "#overlay", "cullface": "down"},
				"south": {"uv": [6, 13, 5, 14], "rotation": 180, "texture": "#overlay", "cullface": "down"},
				"west": {"uv": [5, 13, 6, 15], "rotation": 90, "texture": "#overlay", "cullface": "down"},
				"down": {"uv": [5, 13, 6, 15], "texture": "#overlay", "cullface": "down"}
			}
		},
		{
			"name": "cinnabar_23",
			"from": [7, -0.25, 0],
			"to": [8, 0, 3],
			"rotation": {"angle": 0, "axis": "x", "origin": [8, 8, 8]},
			"faces": {
				"north": {"uv": [7, 15, 8, 16], "rotation": 180, "texture": "#overlay", "cullface": "down"},
				"east": {"uv": [7, 13, 8, 16], "rotation": 270, "texture": "#overlay", "cullface": "down"},
				"south": {"uv": [8, 13, 7, 14], "rotation": 180, "texture": "#overlay", "cullface": "down"},
				"west": {"uv": [7, 13, 8, 16], "rotation": 90, "texture": "#overlay", "cullface": "down"},
				"down": {"uv": [7, 13, 8, 16], "texture": "#overlay", "cullface": "down"}
			}
		},
		{
			"name": "cinnabar_24",
			"from": [1, -0.25, 0],
			"to": [3, 0, 2],
			"rotation": {"angle": 0, "axis": "x", "origin": [8, 8, 8]},
			"faces": {
				"north": {"uv": [1, 15, 3, 16], "rotation": 180, "texture": "#overlay", "cullface": "down"},
				"east": {"uv": [2, 14, 3, 16], "rotation": 270, "texture": "#overlay", "cullface": "down"},
				"south": {"uv": [3, 14, 1, 15], "rotation": 180, "texture": "#overlay", "cullface": "down"},
				"west": {"uv": [1, 14, 2, 16], "rotation": 90, "texture": "#overlay", "cullface": "down"},
				"down": {"uv": [1, 14, 3, 16], "texture": "#overlay", "cullface": "down"}
			}
		},
		{
			"name": "cinnabar_25",
			"from": [8, -0.25, 0],
			"to": [10, 0, 2],
			"rotation": {"angle": 0, "axis": "x", "origin": [8, 8, 8]},
			"faces": {
				"north": {"uv": [8, 15, 10, 16], "rotation": 180, "texture": "#overlay", "cullface": "down"},
				"east": {"uv": [9, 14, 10, 16], "rotation": 270, "texture": "#overlay", "cullface": "down"},
				"south": {"uv": [10, 14, 8, 15], "rotation": 180, "texture": "#overlay", "cullface": "down"},
				"west": {"uv": [8, 14, 9, 16], "rotation": 90, "texture": "#overlay", "cullface": "down"},
				"down": {"uv": [8, 14, 10, 16], "texture": "#overlay", "cullface": "down"}
			}
		},
		{
			"name": "cinnabar_26",
			"from": [3, -0.15, 0],
			"to": [4, 0, 1],
			"rotation": {"angle": 0, "axis": "x", "origin": [8, 8, 8]},
			"faces": {
				"north": {"uv": [3, 15, 4, 16], "rotation": 180, "texture": "#overlay", "cullface": "down"},
				"east": {"uv": [3, 15, 4, 16], "rotation": 270, "texture": "#overlay", "cullface": "down"},
				"south": {"uv": [4, 15, 3, 16], "rotation": 180, "texture": "#overlay", "cullface": "down"},
				"west": {"uv": [3, 15, 4, 16], "rotation": 90, "texture": "#overlay", "cullface": "down"},
				"down": {"uv": [3, 15, 4, 16], "texture": "#overlay", "cullface": "down"}
			}
		},
		{
			"name": "cinnabar_27",
			"from": [10, -0.15, 0],
			"to": [12, 0, 1],
			"rotation": {"angle": 0, "axis": "x", "origin": [8, 8, 8]},
			"faces": {
				"north": {"uv": [10, 15, 12, 16], "rotation": 180, "texture": "#overlay", "cullface": "down"},
				"east": {"uv": [11, 15, 12, 16], "rotation": 270, "texture": "#overlay", "cullface": "down"},
				"south": {"uv": [12, 15, 10, 16], "rotation": 180, "texture": "#overlay", "cullface": "down"},
				"west": {"uv": [10, 15, 11, 16], "rotation": 90, "texture": "#overlay", "cullface": "down"},
				"down": {"uv": [10, 15, 12, 16], "texture": "#overlay", "cullface": "down"}
			}
		},
		{
			"name": "cinnabar_0",
			"from": [1, 14, 16],
			"to": [3, 16, 16.25],
			"rotation": {"angle": 0, "axis": "x", "origin": [8, 8, 8]},
			"faces": {
				"east": {"uv": [2, 0, 3, 2], "texture": "#overlay", "cullface": "south"},
				"south": {"uv": [1, 0, 3, 2], "texture": "#overlay", "cullface": "south"},
				"west": {"uv": [1, 0, 2, 2], "texture": "#overlay", "cullface": "south"},
				"up": {"uv": [3, 0, 1, 1], "rotation": 180, "texture": "#overlay", "cullface": "south"},
				"down": {"uv": [1, 1, 3, 2], "texture": "#overlay", "cullface": "south"}
			}
		},
		{
			"name": "cinnabar_1",
			"from": [3, 15, 16],
			"to": [5, 16, 16.15],
			"rotation": {"angle": 0, "axis": "x", "origin": [8, 8, 8]},
			"faces": {
				"east": {"uv": [4, 0, 5, 1], "texture": "#overlay", "cullface": "south"},
				"south": {"uv": [3, 0, 5, 1], "texture": "#overlay", "cullface": "south"},
				"west": {"uv": [3, 0, 4, 1], "texture": "#overlay", "cullface": "south"},
				"up": {"uv": [5, 0, 3, 1], "rotation": 180, "texture": "#overlay", "cullface": "south"},
				"down": {"uv": [3, 0, 5, 1], "texture": "#overlay", "cullface": "south"}
			}
		},
		{
			"name": "cinnabar_2",
			"from": [7, 15, 16],
			"to": [12, 16, 16.35],
			"rotation": {"angle": 0, "axis": "x", "origin": [8, 8, 8]},
			"faces": {
				"east": {"uv": [11, 0, 12, 1], "texture": "#overlay", "cullface": "south"},
				"south": {"uv": [7, 0, 12, 1], "texture": "#overlay", "cullface": "south"},
				"west": {"uv": [7, 0, 8, 1], "texture": "#overlay", "cullface": "south"},
				"up": {"uv": [12, 0, 7, 1], "rotation": 180, "texture": "#overlay", "cullface": "south"},
				"down": {"uv": [7, 0, 12, 1], "texture": "#overlay", "cullface": "south"}
			}
		},
		{
			"name": "cinnabar_3",
			"from": [8, 14, 16],
			"to": [11, 15, 16.25],
			"rotation": {"angle": 0, "axis": "x", "origin": [8, 8, 8]},
			"faces": {
				"east": {"uv": [10, 1, 11, 2], "texture": "#overlay", "cullface": "south"},
				"south": {"uv": [8, 1, 11, 2], "texture": "#overlay", "cullface": "south"},
				"west": {"uv": [8, 1, 9, 2], "texture": "#overlay", "cullface": "south"},
				"up": {"uv": [11, 1, 8, 2], "rotation": 180, "texture": "#overlay", "cullface": "south"},
				"down": {"uv": [8, 1, 11, 2], "texture": "#overlay", "cullface": "south"}
			}
		},
		{
			"name": "cinnabar_4",
			"from": [2, 10, 16],
			"to": [7, 13, 16.65],
			"rotation": {"angle": 0, "axis": "x", "origin": [8, 8, 8]},
			"faces": {
				"east": {"uv": [6, 3, 7, 6], "texture": "#overlay", "cullface": "south"},
				"south": {"uv": [2, 3, 7, 6], "texture": "#overlay", "cullface": "south"},
				"west": {"uv": [2, 3, 3, 6], "texture": "#overlay", "cullface": "south"},
				"up": {"uv": [7, 3, 2, 4], "rotation": 180, "texture": "#overlay", "cullface": "south"},
				"down": {"uv": [2, 5, 7, 6], "texture": "#overlay", "cullface": "south"}
			}
		},
		{
			"name": "cinnabar_5",
			"from": [11, 11, 16],
			"to": [15, 13, 16.5],
			"rotation": {"angle": 0, "axis": "x", "origin": [8, 8, 8]},
			"faces": {
				"east": {"uv": [14, 3, 15, 5], "texture": "#overlay", "cullface": "south"},
				"south": {"uv": [11, 3, 15, 5], "texture": "#overlay", "cullface": "south"},
				"west": {"uv": [11, 3, 12, 5], "texture": "#overlay", "cullface": "south"},
				"up": {"uv": [15, 3, 11, 4], "rotation": 180, "texture": "#overlay", "cullface": "south"},
				"down": {"uv": [11, 4, 15, 5], "texture": "#overlay", "cullface": "south"}
			}
		},
		{
			"name": "cinnabar_6",
			"from": [0, 10, 16],
			"to": [2, 12, 16.25],
			"rotation": {"angle": 0, "axis": "x", "origin": [8, 8, 8]},
			"faces": {
				"east": {"uv": [1, 4, 2, 6], "texture": "#overlay", "cullface": "south"},
				"south": {"uv": [0, 4, 2, 6], "texture": "#overlay", "cullface": "south"},
				"west": {"uv": [0, 4, 1, 6], "texture": "#overlay", "cullface": "south"},
				"up": {"uv": [2, 4, 0, 5], "rotation": 180, "texture": "#overlay", "cullface": "south"},
				"down": {"uv": [0, 5, 2, 6], "texture": "#overlay", "cullface": "south"}
			}
		},
		{
			"name": "cinnabar_7",
			"from": [7, 7, 16],
			"to": [8, 12, 16.5],
			"rotation": {"angle": 0, "axis": "x", "origin": [8, 8, 8]},
			"faces": {
				"east": {"uv": [7, 4, 8, 9], "texture": "#overlay", "cullface": "south"},
				"south": {"uv": [7, 4, 8, 9], "texture": "#overlay", "cullface": "south"},
				"west": {"uv": [7, 4, 8, 9], "texture": "#overlay", "cullface": "south"},
				"up": {"uv": [8, 4, 7, 5], "rotation": 180, "texture": "#overlay", "cullface": "south"},
				"down": {"uv": [7, 8, 8, 9], "texture": "#overlay", "cullface": "south"}
			}
		},
		{
			"name": "cinnabar_8",
			"from": [15, 10, 16],
			"to": [16, 12, 16.15],
			"rotation": {"angle": 0, "axis": "x", "origin": [8, 8, 8]},
			"faces": {
				"east": {"uv": [15, 4, 16, 6], "texture": "#overlay", "cullface": "south"},
				"south": {"uv": [15, 4, 16, 6], "texture": "#overlay", "cullface": "south"},
				"west": {"uv": [15, 4, 16, 6], "texture": "#overlay", "cullface": "south"},
				"up": {"uv": [16, 4, 15, 5], "rotation": 180, "texture": "#overlay", "cullface": "south"},
				"down": {"uv": [15, 5, 16, 6], "texture": "#overlay", "cullface": "south"}
			}
		},
		{
			"name": "cinnabar_9",
			"from": [12, 10, 16],
			"to": [15, 11, 16.25],
			"rotation": {"angle": 0, "axis": "x", "origin": [8, 8, 8]},
			"faces": {
				"east": {"uv": [14, 5, 15, 6], "texture": "#overlay", "cullface": "south"},
				"south": {"uv": [12, 5, 15, 6], "texture": "#overlay", "cullface": "south"},
				"west": {"uv": [12, 5, 13, 6], "texture": "#overlay", "cullface": "south"},
				"up": {"uv": [15, 5, 12, 6], "rotation": 180, "texture": "#overlay", "cullface": "south"},
				"down": {"uv": [12, 5, 15, 6], "texture": "#overlay", "cullface": "south"}
			}
		},
		{
			"name": "cinnabar_10",
			"from": [0, 9, 16],
			"to": [1, 10, 16.15],
			"rotation": {"angle": 0, "axis": "x", "origin": [8, 8, 8]},
			"faces": {
				"east": {"uv": [0, 6, 1, 7], "texture": "#overlay", "cullface": "south"},
				"south": {"uv": [0, 6, 1, 7], "texture": "#overlay", "cullface": "south"},
				"west": {"uv": [0, 6, 1, 7], "texture": "#overlay", "cullface": "south"},
				"up": {"uv": [1, 6, 0, 7], "rotation": 180, "texture": "#overlay", "cullface": "south"},
				"down": {"uv": [0, 6, 1, 7], "texture": "#overlay", "cullface": "south"}
			}
		},
		{
			"name": "cinnabar_11",
			"from": [3, 8, 16],
			"to": [7, 10, 16.5],
			"rotation": {"angle": 0, "axis": "x", "origin": [8, 8, 8]},
			"faces": {
				"east": {"uv": [6, 6, 7, 8], "texture": "#overlay", "cullface": "south"},
				"south": {"uv": [3, 6, 7, 8], "texture": "#overlay", "cullface": "south"},
				"west": {"uv": [3, 6, 4, 8], "texture": "#overlay", "cullface": "south"},
				"up": {"uv": [7, 6, 3, 7], "rotation": 180, "texture": "#overlay", "cullface": "south"},
				"down": {"uv": [3, 7, 7, 8], "texture": "#overlay", "cullface": "south"}
			}
		},
		{
			"name": "cinnabar_12",
			"from": [13, 9, 16],
			"to": [15, 10, 16.15],
			"rotation": {"angle": 0, "axis": "x", "origin": [8, 8, 8]},
			"faces": {
				"east": {"uv": [14, 6, 15, 7], "texture": "#overlay", "cullface": "south"},
				"south": {"uv": [13, 6, 15, 7], "texture": "#overlay", "cullface": "south"},
				"west": {"uv": [13, 6, 14, 7], "texture": "#overlay", "cullface": "south"},
				"up": {"uv": [15, 6, 13, 7], "rotation": 180, "texture": "#overlay", "cullface": "south"},
				"down": {"uv": [13, 6, 15, 7], "texture": "#overlay", "cullface": "south"}
			}
		},
		{
			"name": "cinnabar_13",
			"from": [6, 7, 16],
			"to": [7, 8, 16.15],
			"rotation": {"angle": 0, "axis": "x", "origin": [8, 8, 8]},
			"faces": {
				"east": {"uv": [6, 8, 7, 9], "texture": "#overlay", "cullface": "south"},
				"south": {"uv": [6, 8, 7, 9], "texture": "#overlay", "cullface": "south"},
				"west": {"uv": [6, 8, 7, 9], "texture": "#overlay", "cullface": "south"},
				"up": {"uv": [7, 8, 6, 9], "rotation": 180, "texture": "#overlay", "cullface": "south"},
				"down": {"uv": [6, 8, 7, 9], "texture": "#overlay", "cullface": "south"}
			}
		},
		{
			"name": "cinnabar_14",
			"from": [11, 3, 16],
			"to": [12, 8, 16.35],
			"rotation": {"angle": 0, "axis": "x", "origin": [8, 8, 8]},
			"faces": {
				"east": {"uv": [11, 8, 12, 13], "texture": "#overlay", "cullface": "south"},
				"south": {"uv": [11, 8, 12, 13], "texture": "#overlay", "cullface": "south"},
				"west": {"uv": [11, 8, 12, 13], "texture": "#overlay", "cullface": "south"},
				"up": {"uv": [12, 8, 11, 9], "rotation": 180, "texture": "#overlay", "cullface": "south"},
				"down": {"uv": [11, 12, 12, 13], "texture": "#overlay", "cullface": "south"}
			}
		},
		{
			"name": "cinnabar_15",
			"from": [10, 4, 16],
			"to": [11, 7, 16.25],
			"rotation": {"angle": 0, "axis": "x", "origin": [8, 8, 8]},
			"faces": {
				"east": {"uv": [10, 9, 11, 12], "texture": "#overlay", "cullface": "south"},
				"south": {"uv": [10, 9, 11, 12], "texture": "#overlay", "cullface": "south"},
				"west": {"uv": [10, 9, 11, 12], "texture": "#overlay", "cullface": "south"},
				"up": {"uv": [11, 9, 10, 10], "rotation": 180, "texture": "#overlay", "cullface": "south"},
				"down": {"uv": [10, 11, 11, 12], "texture": "#overlay", "cullface": "south"}
			}
		},
		{
			"name": "cinnabar_16",
			"from": [12, 3, 16],
			"to": [13, 7, 16.25],
			"rotation": {"angle": 0, "axis": "x", "origin": [8, 8, 8]},
			"faces": {
				"east": {"uv": [12, 9, 13, 13], "texture": "#overlay", "cullface": "south"},
				"south": {"uv": [12, 9, 13, 13], "texture": "#overlay", "cullface": "south"},
				"west": {"uv": [12, 9, 13, 13], "texture": "#overlay", "cullface": "south"},
				"up": {"uv": [13, 9, 12, 10], "rotation": 180, "texture": "#overlay", "cullface": "south"},
				"down": {"uv": [12, 12, 13, 13], "texture": "#overlay", "cullface": "south"}
			}
		},
		{
			"name": "cinnabar_17",
			"from": [9, 5, 16],
			"to": [10, 6, 16.15],
			"rotation": {"angle": 0, "axis": "x", "origin": [8, 8, 8]},
			"faces": {
				"east": {"uv": [9, 10, 10, 11], "texture": "#overlay", "cullface": "south"},
				"south": {"uv": [9, 10, 10, 11], "texture": "#overlay", "cullface": "south"},
				"west": {"uv": [9, 10, 10, 11], "texture": "#overlay", "cullface": "south"},
				"up": {"uv": [10, 10, 9, 11], "rotation": 180, "texture": "#overlay", "cullface": "south"},
				"down": {"uv": [9, 10, 10, 11], "texture": "#overlay", "cullface": "south"}
			}
		},
		{
			"name": "cinnabar_18",
			"from": [13, 4, 16],
			"to": [14, 6, 16.15],
			"rotation": {"angle": 0, "axis": "x", "origin": [8, 8, 8]},
			"faces": {
				"east": {"uv": [13, 10, 14, 12], "texture": "#overlay", "cullface": "south"},
				"south": {"uv": [13, 10, 14, 12], "texture": "#overlay", "cullface": "south"},
				"west": {"uv": [13, 10, 14, 12], "texture": "#overlay", "cullface": "south"},
				"up": {"uv": [14, 10, 13, 11], "rotation": 180, "texture": "#overlay", "cullface": "south"},
				"down": {"uv": [13, 11, 14, 12], "texture": "#overlay", "cullface": "south"}
			}
		},
		{
			"name": "cinnabar_19",
			"from": [3, 3, 16],
			"to": [6, 5, 16.35],
			"rotation": {"angle": 0, "axis": "x", "origin": [8, 8, 8]},
			"faces": {
				"east": {"uv": [5, 11, 6, 13], "texture": "#overlay", "cullface": "south"},
				"south": {"uv": [3, 11, 6, 13], "texture": "#overlay", "cullface": "south"},
				"west": {"uv": [3, 11, 4, 13], "texture": "#overlay", "cullface": "south"},
				"up": {"uv": [6, 11, 3, 12], "rotation": 180, "texture": "#overlay", "cullface": "south"},
				"down": {"uv": [3, 12, 6, 13], "texture": "#overlay", "cullface": "south"}
			}
		},
		{
			"name": "cinnabar_20",
			"from": [6, 1, 16],
			"to": [7, 4, 16.25],
			"rotation": {"angle": 0, "axis": "x", "origin": [8, 8, 8]},
			"faces": {
				"east": {"uv": [6, 12, 7, 15], "texture": "#overlay", "cullface": "south"},
				"south": {"uv": [6, 12, 7, 15], "texture": "#overlay", "cullface": "south"},
				"west": {"uv": [6, 12, 7, 15], "texture": "#overlay", "cullface": "south"},
				"up": {"uv": [7, 12, 6, 13], "rotation": 180, "texture": "#overlay", "cullface": "south"},
				"down": {"uv": [6, 14, 7, 15], "texture": "#overlay", "cullface": "south"}
			}
		},
		{
			"name": "cinnabar_21",
			"from": [5, 1, 16],
			"to": [6, 3, 16.15],
			"rotation": {"angle": 0, "axis": "x", "origin": [8, 8, 8]},
			"faces": {
				"east": {"uv": [5, 13, 6, 15], "texture": "#overlay", "cullface": "south"},
				"south": {"uv": [5, 13, 6, 15], "texture": "#overlay", "cullface": "south"},
				"west": {"uv": [5, 13, 6, 15], "texture": "#overlay", "cullface": "south"},
				"up": {"uv": [6, 13, 5, 14], "rotation": 180, "texture": "#overlay", "cullface": "south"},
				"down": {"uv": [5, 14, 6, 15], "texture": "#overlay", "cullface": "south"}
			}
		},
		{
			"name": "cinnabar_22",
			"from": [7, 0, 16],
			"to": [8, 3, 16.25],
			"rotation": {"angle": 0, "axis": "x", "origin": [8, 8, 8]},
			"faces": {
				"east": {"uv": [7, 13, 8, 16], "texture": "#overlay", "cullface": "south"},
				"south": {"uv": [7, 13, 8, 16], "texture": "#overlay", "cullface": "south"},
				"west": {"uv": [7, 13, 8, 16], "texture": "#overlay", "cullface": "south"},
				"up": {"uv": [8, 13, 7, 14], "rotation": 180, "texture": "#overlay", "cullface": "south"},
				"down": {"uv": [7, 15, 8, 16], "texture": "#overlay", "cullface": "south"}
			}
		},
		{
			"name": "cinnabar_23",
			"from": [1, 0, 16],
			"to": [3, 2, 16.25],
			"rotation": {"angle": 0, "axis": "x", "origin": [8, 8, 8]},
			"faces": {
				"east": {"uv": [2, 14, 3, 16], "texture": "#overlay", "cullface": "south"},
				"south": {"uv": [1, 14, 3, 16], "texture": "#overlay", "cullface": "south"},
				"west": {"uv": [1, 14, 2, 16], "texture": "#overlay", "cullface": "south"},
				"up": {"uv": [3, 14, 1, 15], "rotation": 180, "texture": "#overlay", "cullface": "south"},
				"down": {"uv": [1, 15, 3, 16], "texture": "#overlay", "cullface": "south"}
			}
		},
		{
			"name": "cinnabar_24",
			"from": [8, 0, 16],
			"to": [10, 2, 16.25],
			"rotation": {"angle": 0, "axis": "x", "origin": [8, 8, 8]},
			"faces": {
				"east": {"uv": [9, 14, 10, 16], "texture": "#overlay", "cullface": "south"},
				"south": {"uv": [8, 14, 10, 16], "texture": "#overlay", "cullface": "south"},
				"west": {"uv": [8, 14, 9, 16], "texture": "#overlay", "cullface": "south"},
				"up": {"uv": [10, 14, 8, 15], "rotation": 180, "texture": "#overlay", "cullface": "south"},
				"down": {"uv": [8, 15, 10, 16], "texture": "#overlay", "cullface": "south"}
			}
		},
		{
			"name": "cinnabar_25",
			"from": [3, 0, 16],
			"to": [4, 1, 16.15],
			"rotation": {"angle": 0, "axis": "x", "origin": [8, 8, 8]},
			"faces": {
				"east": {"uv": [3, 15, 4, 16], "texture": "#overlay", "cullface": "south"},
				"south": {"uv": [3, 15, 4, 16], "texture": "#overlay", "cullface": "south"},
				"west": {"uv": [3, 15, 4, 16], "texture": "#overlay", "cullface": "south"},
				"up": {"uv": [4, 15, 3, 16], "rotation": 180, "texture": "#overlay", "cullface": "south"},
				"down": {"uv": [3, 15, 4, 16], "texture": "#overlay", "cullface": "south"}
			}
		},
		{
			"name": "cinnabar_26",
			"from": [10, 0, 16],
			"to": [12, 1, 16.15],
			"rotation": {"angle": 0, "axis": "x", "origin": [8, 8, 8]},
			"faces": {
				"east": {"uv": [11, 15, 12, 16], "texture": "#overlay", "cullface": "south"},
				"south": {"uv": [10, 15, 12, 16], "texture": "#overlay", "cullface": "south"},
				"west": {"uv": [10, 15, 11, 16], "texture": "#overlay", "cullface": "south"},
				"up": {"uv": [12, 15, 10, 16], "rotation": 180, "texture": "#overlay", "cullface": "south"},
				"down": {"uv": [10, 15, 12, 16], "texture": "#overlay", "cullface": "south"}
			}
		},
		{
			"name": "cinnabar_1",
			"from": [16, 14, 13],
			"to": [16.25, 16, 15],
			"rotation": {"angle": 0, "axis": "y", "origin": [8, 8, 8]},
			"faces": {
				"north": {"uv": [2, 0, 3, 2], "texture": "#overlay", "cullface": "east"},
				"east": {"uv": [1, 0, 3, 2], "texture": "#overlay", "cullface": "east"},
				"south": {"uv": [1, 0, 2, 2], "texture": "#overlay", "cullface": "east"},
				"up": {"uv": [3, 0, 1, 1], "rotation": 90, "texture": "#overlay", "cullface": "east"},
				"down": {"uv": [1, 1, 3, 2], "rotation": 90, "texture": "#overlay", "cullface": "east"}
			}
		},
		{
			"name": "cinnabar_2",
			"from": [16, 15, 11],
			"to": [16.15, 16, 13],
			"rotation": {"angle": 0, "axis": "y", "origin": [8, 8, 8]},
			"faces": {
				"north": {"uv": [4, 0, 5, 1], "texture": "#overlay", "cullface": "east"},
				"east": {"uv": [3, 0, 5, 1], "texture": "#overlay", "cullface": "east"},
				"south": {"uv": [3, 0, 4, 1], "texture": "#overlay", "cullface": "east"},
				"up": {"uv": [5, 0, 3, 1], "rotation": 90, "texture": "#overlay", "cullface": "east"},
				"down": {"uv": [3, 0, 5, 1], "rotation": 90, "texture": "#overlay", "cullface": "east"}
			}
		},
		{
			"name": "cinnabar_3",
			"from": [16, 15, 4],
			"to": [16.35, 16, 9],
			"rotation": {"angle": 0, "axis": "y", "origin": [8, 8, 8]},
			"faces": {
				"north": {"uv": [11, 0, 12, 1], "texture": "#overlay", "cullface": "east"},
				"east": {"uv": [7, 0, 12, 1], "texture": "#overlay", "cullface": "east"},
				"south": {"uv": [7, 0, 8, 1], "texture": "#overlay", "cullface": "east"},
				"up": {"uv": [12, 0, 7, 1], "rotation": 90, "texture": "#overlay", "cullface": "east"},
				"down": {"uv": [7, 0, 12, 1], "rotation": 90, "texture": "#overlay", "cullface": "east"}
			}
		},
		{
			"name": "cinnabar_4",
			"from": [16, 14, 5],
			"to": [16.25, 15, 8],
			"rotation": {"angle": 0, "axis": "y", "origin": [8, 8, 8]},
			"faces": {
				"north": {"uv": [10, 1, 11, 2], "texture": "#overlay", "cullface": "east"},
				"east": {"uv": [8, 1, 11, 2], "texture": "#overlay", "cullface": "east"},
				"south": {"uv": [8, 1, 9, 2], "texture": "#overlay", "cullface": "east"},
				"up": {"uv": [11, 1, 8, 2], "rotation": 90, "texture": "#overlay", "cullface": "east"},
				"down": {"uv": [8, 1, 11, 2], "rotation": 90, "texture": "#overlay", "cullface": "east"}
			}
		},
		{
			"name": "cinnabar_5",
			"from": [16, 10, 9],
			"to": [16.65, 13, 14],
			"rotation": {"angle": 0, "axis": "y", "origin": [8, 8, 8]},
			"faces": {
				"north": {"uv": [6, 3, 7, 6], "texture": "#overlay", "cullface": "east"},
				"east": {"uv": [2, 3, 7, 6], "texture": "#overlay", "cullface": "east"},
				"south": {"uv": [2, 3, 3, 6], "texture": "#overlay", "cullface": "east"},
				"up": {"uv": [7, 3, 2, 4], "rotation": 90, "texture": "#overlay", "cullface": "east"},
				"down": {"uv": [2, 5, 7, 6], "rotation": 90, "texture": "#overlay", "cullface": "east"}
			}
		},
		{
			"name": "cinnabar_6",
			"from": [16, 11, 1],
			"to": [16.5, 13, 5],
			"rotation": {"angle": 0, "axis": "y", "origin": [8, 8, 8]},
			"faces": {
				"north": {"uv": [14, 3, 15, 5], "texture": "#overlay", "cullface": "east"},
				"east": {"uv": [11, 3, 15, 5], "texture": "#overlay", "cullface": "east"},
				"south": {"uv": [11, 3, 12, 5], "texture": "#overlay", "cullface": "east"},
				"up": {"uv": [15, 3, 11, 4], "rotation": 90, "texture": "#overlay", "cullface": "east"},
				"down": {"uv": [11, 4, 15, 5], "rotation": 90, "texture": "#overlay", "cullface": "east"}
			}
		},
		{
			"name": "cinnabar_7",
			"from": [16, 10, 14],
			"to": [16.25, 12, 16],
			"rotation": {"angle": 0, "axis": "y", "origin": [8, 8, 8]},
			"faces": {
				"north": {"uv": [1, 4, 2, 6], "texture": "#overlay", "cullface": "east"},
				"east": {"uv": [0, 4, 2, 6], "texture": "#overlay", "cullface": "east"},
				"south": {"uv": [0, 4, 1, 6], "texture": "#overlay", "cullface": "east"},
				"up": {"uv": [2, 4, 0, 5], "rotation": 90, "texture": "#overlay", "cullface": "east"},
				"down": {"uv": [0, 5, 2, 6], "rotation": 90, "texture": "#overlay", "cullface": "east"}
			}
		},
		{
			"name": "cinnabar_8",
			"from": [16, 7, 8],
			"to": [16.5, 12, 9],
			"rotation": {"angle": 0, "axis": "y", "origin": [8, 8, 8]},
			"faces": {
				"north": {"uv": [7, 4, 8, 9], "texture": "#overlay", "cullface": "east"},
				"east": {"uv": [7, 4, 8, 9], "texture": "#overlay", "cullface": "east"},
				"south": {"uv": [7, 4, 8, 9], "texture": "#overlay", "cullface": "east"},
				"up": {"uv": [8, 4, 7, 5], "rotation": 90, "texture": "#overlay", "cullface": "east"},
				"down": {"uv": [7, 8, 8, 9], "rotation": 90, "texture": "#overlay", "cullface": "east"}
			}
		},
		{
			"name": "cinnabar_9",
			"from": [16, 10, 0],
			"to": [16.15, 12, 1],
			"rotation": {"angle": 0, "axis": "y", "origin": [8, 8, 8]},
			"faces": {
				"north": {"uv": [15, 4, 16, 6], "texture": "#overlay", "cullface": "east"},
				"east": {"uv": [15, 4, 16, 6], "texture": "#overlay", "cullface": "east"},
				"south": {"uv": [15, 4, 16, 6], "texture": "#overlay", "cullface": "east"},
				"up": {"uv": [16, 4, 15, 5], "rotation": 90, "texture": "#overlay", "cullface": "east"},
				"down": {"uv": [15, 5, 16, 6], "rotation": 90, "texture": "#overlay", "cullface": "east"}
			}
		},
		{
			"name": "cinnabar_10",
			"from": [16, 10, 1],
			"to": [16.25, 11, 4],
			"rotation": {"angle": 0, "axis": "y", "origin": [8, 8, 8]},
			"faces": {
				"north": {"uv": [14, 5, 15, 6], "texture": "#overlay", "cullface": "east"},
				"east": {"uv": [12, 5, 15, 6], "texture": "#overlay", "cullface": "east"},
				"south": {"uv": [12, 5, 13, 6], "texture": "#overlay", "cullface": "east"},
				"up": {"uv": [15, 5, 12, 6], "rotation": 90, "texture": "#overlay", "cullface": "east"},
				"down": {"uv": [12, 5, 15, 6], "rotation": 90, "texture": "#overlay", "cullface": "east"}
			}
		},
		{
			"name": "cinnabar_11",
			"from": [16, 9, 15],
			"to": [16.15, 10, 16],
			"rotation": {"angle": 0, "axis": "y", "origin": [8, 8, 8]},
			"faces": {
				"north": {"uv": [0, 6, 1, 7], "texture": "#overlay", "cullface": "east"},
				"east": {"uv": [0, 6, 1, 7], "texture": "#overlay", "cullface": "east"},
				"south": {"uv": [0, 6, 1, 7], "texture": "#overlay", "cullface": "east"},
				"up": {"uv": [1, 6, 0, 7], "rotation": 90, "texture": "#overlay", "cullface": "east"},
				"down": {"uv": [0, 6, 1, 7], "rotation": 90, "texture": "#overlay", "cullface": "east"}
			}
		},
		{
			"name": "cinnabar_12",
			"from": [16, 8, 9],
			"to": [16.5, 10, 13],
			"rotation": {"angle": 0, "axis": "y", "origin": [8, 8, 8]},
			"faces": {
				"north": {"uv": [6, 6, 7, 8], "texture": "#overlay", "cullface": "east"},
				"east": {"uv": [3, 6, 7, 8], "texture": "#overlay", "cullface": "east"},
				"south": {"uv": [3, 6, 4, 8], "texture": "#overlay", "cullface": "east"},
				"up": {"uv": [7, 6, 3, 7], "rotation": 90, "texture": "#overlay", "cullface": "east"},
				"down": {"uv": [3, 7, 7, 8], "rotation": 90, "texture": "#overlay", "cullface": "east"}
			}
		},
		{
			"name": "cinnabar_13",
			"from": [16, 9, 1],
			"to": [16.15, 10, 3],
			"rotation": {"angle": 0, "axis": "y", "origin": [8, 8, 8]},
			"faces": {
				"north": {"uv": [14, 6, 15, 7], "texture": "#overlay", "cullface": "east"},
				"east": {"uv": [13, 6, 15, 7], "texture": "#overlay", "cullface": "east"},
				"south": {"uv": [13, 6, 14, 7], "texture": "#overlay", "cullface": "east"},
				"up": {"uv": [15, 6, 13, 7], "rotation": 90, "texture": "#overlay", "cullface": "east"},
				"down": {"uv": [13, 6, 15, 7], "rotation": 90, "texture": "#overlay", "cullface": "east"}
			}
		},
		{
			"name": "cinnabar_14",
			"from": [16, 7, 9],
			"to": [16.15, 8, 10],
			"rotation": {"angle": 0, "axis": "y", "origin": [8, 8, 8]},
			"faces": {
				"north": {"uv": [6, 8, 7, 9], "texture": "#overlay", "cullface": "east"},
				"east": {"uv": [6, 8, 7, 9], "texture": "#overlay", "cullface": "east"},
				"south": {"uv": [6, 8, 7, 9], "texture": "#overlay", "cullface": "east"},
				"up": {"uv": [7, 8, 6, 9], "rotation": 90, "texture": "#overlay", "cullface": "east"},
				"down": {"uv": [6, 8, 7, 9], "rotation": 90, "texture": "#overlay", "cullface": "east"}
			}
		},
		{
			"name": "cinnabar_15",
			"from": [16, 3, 4],
			"to": [16.35, 8, 5],
			"rotation": {"angle": 0, "axis": "y", "origin": [8, 8, 8]},
			"faces": {
				"north": {"uv": [11, 8, 12, 13], "texture": "#overlay", "cullface": "east"},
				"east": {"uv": [11, 8, 12, 13], "texture": "#overlay", "cullface": "east"},
				"south": {"uv": [11, 8, 12, 13], "texture": "#overlay", "cullface": "east"},
				"up": {"uv": [12, 8, 11, 9], "rotation": 90, "texture": "#overlay", "cullface": "east"},
				"down": {"uv": [11, 12, 12, 13], "rotation": 90, "texture": "#overlay", "cullface": "east"}
			}
		},
		{
			"name": "cinnabar_16",
			"from": [16, 4, 5],
			"to": [16.25, 7, 6],
			"rotation": {"angle": 0, "axis": "y", "origin": [8, 8, 8]},
			"faces": {
				"north": {"uv": [10, 9, 11, 12], "texture": "#overlay", "cullface": "east"},
				"east": {"uv": [10, 9, 11, 12], "texture": "#overlay", "cullface": "east"},
				"south": {"uv": [10, 9, 11, 12], "texture": "#overlay", "cullface": "east"},
				"up": {"uv": [11, 9, 10, 10], "rotation": 90, "texture": "#overlay", "cullface": "east"},
				"down": {"uv": [10, 11, 11, 12], "rotation": 90, "texture": "#overlay", "cullface": "east"}
			}
		},
		{
			"name": "cinnabar_17",
			"from": [16, 3, 3],
			"to": [16.25, 7, 4],
			"rotation": {"angle": 0, "axis": "y", "origin": [8, 8, 8]},
			"faces": {
				"north": {"uv": [12, 9, 13, 13], "texture": "#overlay", "cullface": "east"},
				"east": {"uv": [12, 9, 13, 13], "texture": "#overlay", "cullface": "east"},
				"south": {"uv": [12, 9, 13, 13], "texture": "#overlay", "cullface": "east"},
				"up": {"uv": [13, 9, 12, 10], "rotation": 90, "texture": "#overlay", "cullface": "east"},
				"down": {"uv": [12, 12, 13, 13], "rotation": 90, "texture": "#overlay", "cullface": "east"}
			}
		},
		{
			"name": "cinnabar_18",
			"from": [16, 5, 6],
			"to": [16.15, 6, 7],
			"rotation": {"angle": 0, "axis": "y", "origin": [8, 8, 8]},
			"faces": {
				"north": {"uv": [9, 10, 10, 11], "texture": "#overlay", "cullface": "east"},
				"east": {"uv": [9, 10, 10, 11], "texture": "#overlay", "cullface": "east"},
				"south": {"uv": [9, 10, 10, 11], "texture": "#overlay", "cullface": "east"},
				"up": {"uv": [10, 10, 9, 11], "rotation": 90, "texture": "#overlay", "cullface": "east"},
				"down": {"uv": [9, 10, 10, 11], "rotation": 90, "texture": "#overlay", "cullface": "east"}
			}
		},
		{
			"name": "cinnabar_19",
			"from": [16, 4, 2],
			"to": [16.15, 6, 3],
			"rotation": {"angle": 0, "axis": "y", "origin": [8, 8, 8]},
			"faces": {
				"north": {"uv": [13, 10, 14, 12], "texture": "#overlay", "cullface": "east"},
				"east": {"uv": [13, 10, 14, 12], "texture": "#overlay", "cullface": "east"},
				"south": {"uv": [13, 10, 14, 12], "texture": "#overlay", "cullface": "east"},
				"up": {"uv": [14, 10, 13, 11], "rotation": 90, "texture": "#overlay", "cullface": "east"},
				"down": {"uv": [13, 11, 14, 12], "rotation": 90, "texture": "#overlay", "cullface": "east"}
			}
		},
		{
			"name": "cinnabar_20",
			"from": [16, 3, 10],
			"to": [16.35, 5, 13],
			"rotation": {"angle": 0, "axis": "y", "origin": [8, 8, 8]},
			"faces": {
				"north": {"uv": [5, 11, 6, 13], "texture": "#overlay", "cullface": "east"},
				"east": {"uv": [3, 11, 6, 13], "texture": "#overlay", "cullface": "east"},
				"south": {"uv": [3, 11, 4, 13], "texture": "#overlay", "cullface": "east"},
				"up": {"uv": [6, 11, 3, 12], "rotation": 90, "texture": "#overlay", "cullface": "east"},
				"down": {"uv": [3, 12, 6, 13], "rotation": 90, "texture": "#overlay", "cullface": "east"}
			}
		},
		{
			"name": "cinnabar_21",
			"from": [16, 1, 9],
			"to": [16.25, 4, 10],
			"rotation": {"angle": 0, "axis": "y", "origin": [8, 8, 8]},
			"faces": {
				"north": {"uv": [6, 12, 7, 15], "texture": "#overlay", "cullface": "east"},
				"east": {"uv": [6, 12, 7, 15], "texture": "#overlay", "cullface": "east"},
				"south": {"uv": [6, 12, 7, 15], "texture": "#overlay", "cullface": "east"},
				"up": {"uv": [7, 12, 6, 13], "rotation": 90, "texture": "#overlay", "cullface": "east"},
				"down": {"uv": [6, 14, 7, 15], "rotation": 90, "texture": "#overlay", "cullface": "east"}
			}
		},
		{
			"name": "cinnabar_22",
			"from": [16, 1, 10],
			"to": [16.15, 3, 11],
			"rotation": {"angle": 0, "axis": "y", "origin": [8, 8, 8]},
			"faces": {
				"north": {"uv": [5, 13, 6, 15], "texture": "#overlay", "cullface": "east"},
				"east": {"uv": [5, 13, 6, 15], "texture": "#overlay", "cullface": "east"},
				"south": {"uv": [5, 13, 6, 15], "texture": "#overlay", "cullface": "east"},
				"up": {"uv": [6, 13, 5, 14], "rotation": 90, "texture": "#overlay", "cullface": "east"},
				"down": {"uv": [5, 14, 6, 15], "rotation": 90, "texture": "#overlay", "cullface": "east"}
			}
		},
		{
			"name": "cinnabar_23",
			"from": [16, 0, 8],
			"to": [16.25, 3, 9],
			"rotation": {"angle": 0, "axis": "y", "origin": [8, 8, 8]},
			"faces": {
				"north": {"uv": [7, 13, 8, 16], "texture": "#overlay", "cullface": "east"},
				"east": {"uv": [7, 13, 8, 16], "texture": "#overlay", "cullface": "east"},
				"south": {"uv": [7, 13, 8, 16], "texture": "#overlay", "cullface": "east"},
				"up": {"uv": [8, 13, 7, 14], "rotation": 90, "texture": "#overlay", "cullface": "east"},
				"down": {"uv": [7, 15, 8, 16], "rotation": 90, "texture": "#overlay", "cullface": "east"}
			}
		},
		{
			"name": "cinnabar_24",
			"from": [16, 0, 13],
			"to": [16.25, 2, 15],
			"rotation": {"angle": 0, "axis": "y", "origin": [8, 8, 8]},
			"faces": {
				"north": {"uv": [2, 14, 3, 16], "texture": "#overlay", "cullface": "east"},
				"east": {"uv": [1, 14, 3, 16], "texture": "#overlay", "cullface": "east"},
				"south": {"uv": [1, 14, 2, 16], "texture": "#overlay", "cullface": "east"},
				"up": {"uv": [3, 14, 1, 15], "rotation": 90, "texture": "#overlay", "cullface": "east"},
				"down": {"uv": [1, 15, 3, 16], "rotation": 90, "texture": "#overlay", "cullface": "east"}
			}
		},
		{
			"name": "cinnabar_25",
			"from": [16, 0, 6],
			"to": [16.25, 2, 8],
			"rotation": {"angle": 0, "axis": "y", "origin": [8, 8, 8]},
			"faces": {
				"north": {"uv": [9, 14, 10, 16], "texture": "#overlay", "cullface": "east"},
				"east": {"uv": [8, 14, 10, 16], "texture": "#overlay", "cullface": "east"},
				"south": {"uv": [8, 14, 9, 16], "texture": "#overlay", "cullface": "east"},
				"up": {"uv": [10, 14, 8, 15], "rotation": 90, "texture": "#overlay", "cullface": "east"},
				"down": {"uv": [8, 15, 10, 16], "rotation": 90, "texture": "#overlay", "cullface": "east"}
			}
		},
		{
			"name": "cinnabar_26",
			"from": [16, 0, 12],
			"to": [16.15, 1, 13],
			"rotation": {"angle": 0, "axis": "y", "origin": [8, 8, 8]},
			"faces": {
				"north": {"uv": [3, 15, 4, 16], "texture": "#overlay", "cullface": "east"},
				"east": {"uv": [3, 15, 4, 16], "texture": "#overlay", "cullface": "east"},
				"south": {"uv": [3, 15, 4, 16], "texture": "#overlay", "cullface": "east"},
				"up": {"uv": [4, 15, 3, 16], "rotation": 90, "texture": "#overlay", "cullface": "east"},
				"down": {"uv": [3, 15, 4, 16], "rotation": 90, "texture": "#overlay", "cullface": "east"}
			}
		},
		{
			"name": "cinnabar_27",
			"from": [16, 0, 4],
			"to": [16.15, 1, 6],
			"rotation": {"angle": 0, "axis": "y", "origin": [8, 8, 8]},
			"faces": {
				"north": {"uv": [11, 15, 12, 16], "texture": "#overlay", "cullface": "east"},
				"east": {"uv": [10, 15, 12, 16], "texture": "#overlay", "cullface": "east"},
				"south": {"uv": [10, 15, 11, 16], "texture": "#overlay", "cullface": "east"},
				"up": {"uv": [12, 15, 10, 16], "rotation": 90, "texture": "#overlay", "cullface": "east"},
				"down": {"uv": [10, 15, 12, 16], "rotation": 90, "texture": "#overlay", "cullface": "east"}
			}
		},
		{
			"name": "cinnabar_1",
			"from": [13, 14, -0.25],
			"to": [15, 16, 0],
			"rotation": {"angle": 0, "axis": "y", "origin": [8, 8, 8]},
			"faces": {
				"north": {"uv": [1, 0, 3, 2], "texture": "#overlay", "cullface": "north"},
				"east": {"uv": [1, 0, 2, 2], "texture": "#overlay", "cullface": "north"},
				"west": {"uv": [2, 0, 3, 2], "texture": "#overlay", "cullface": "north"},
				"up": {"uv": [3, 0, 1, 1], "texture": "#overlay", "cullface": "north"},
				"down": {"uv": [1, 1, 3, 2], "rotation": 180, "texture": "#overlay", "cullface": "north"}
			}
		},
		{
			"name": "cinnabar_2",
			"from": [11, 15, -0.15],
			"to": [13, 16, 0],
			"rotation": {"angle": 0, "axis": "y", "origin": [8, 8, 8]},
			"faces": {
				"north": {"uv": [3, 0, 5, 1], "texture": "#overlay", "cullface": "north"},
				"east": {"uv": [3, 0, 4, 1], "texture": "#overlay", "cullface": "north"},
				"west": {"uv": [4, 0, 5, 1], "texture": "#overlay", "cullface": "north"},
				"up": {"uv": [5, 0, 3, 1], "texture": "#overlay", "cullface": "north"},
				"down": {"uv": [3, 0, 5, 1], "rotation": 180, "texture": "#overlay", "cullface": "north"}
			}
		},
		{
			"name": "cinnabar_3",
			"from": [4, 15, -0.35],
			"to": [9, 16, 0],
			"rotation": {"angle": 0, "axis": "y", "origin": [8, 8, 8]},
			"faces": {
				"north": {"uv": [7, 0, 12, 1], "texture": "#overlay", "cullface": "north"},
				"east": {"uv": [7, 0, 8, 1], "texture": "#overlay", "cullface": "north"},
				"west": {"uv": [11, 0, 12, 1], "texture": "#overlay", "cullface": "north"},
				"up": {"uv": [12, 0, 7, 1], "texture": "#overlay", "cullface": "north"},
				"down": {"uv": [7, 0, 12, 1], "rotation": 180, "texture": "#overlay", "cullface": "north"}
			}
		},
		{
			"name": "cinnabar_4",
			"from": [5, 14, -0.25],
			"to": [8, 15, 0],
			"rotation": {"angle": 0, "axis": "y", "origin": [8, 8, 8]},
			"faces": {
				"north": {"uv": [8, 1, 11, 2], "texture": "#overlay", "cullface": "north"},
				"east": {"uv": [8, 1, 9, 2], "texture": "#overlay", "cullface": "north"},
				"west": {"uv": [10, 1, 11, 2], "texture": "#overlay", "cullface": "north"},
				"up": {"uv": [11, 1, 8, 2], "texture": "#overlay", "cullface": "north"},
				"down": {"uv": [8, 1, 11, 2], "rotation": 180, "texture": "#overlay", "cullface": "north"}
			}
		},
		{
			"name": "cinnabar_5",
			"from": [9, 10, -0.65],
			"to": [14, 13, 0],
			"rotation": {"angle": 0, "axis": "y", "origin": [8, 8, 8]},
			"faces": {
				"north": {"uv": [2, 3, 7, 6], "texture": "#overlay", "cullface": "north"},
				"east": {"uv": [2, 3, 3, 6], "texture": "#overlay", "cullface": "north"},
				"west": {"uv": [6, 3, 7, 6], "texture": "#overlay", "cullface": "north"},
				"up": {"uv": [7, 3, 2, 4], "texture": "#overlay", "cullface": "north"},
				"down": {"uv": [2, 5, 7, 6], "rotation": 180, "texture": "#overlay", "cullface": "north"}
			}
		},
		{
			"name": "cinnabar_6",
			"from": [1, 11, -0.5],
			"to": [5, 13, 0],
			"rotation": {"angle": 0, "axis": "y", "origin": [8, 8, 8]},
			"faces": {
				"north": {"uv": [11, 3, 15, 5], "texture": "#overlay", "cullface": "north"},
				"east": {"uv": [11, 3, 12, 5], "texture": "#overlay", "cullface": "north"},
				"west": {"uv": [14, 3, 15, 5], "texture": "#overlay", "cullface": "north"},
				"up": {"uv": [15, 3, 11, 4], "texture": "#overlay", "cullface": "north"},
				"down": {"uv": [11, 4, 15, 5], "rotation": 180, "texture": "#overlay", "cullface": "north"}
			}
		},
		{
			"name": "cinnabar_7",
			"from": [14, 10, -0.25],
			"to": [16, 12, 0],
			"rotation": {"angle": 0, "axis": "y", "origin": [8, 8, 8]},
			"faces": {
				"north": {"uv": [0, 4, 2, 6], "texture": "#overlay", "cullface": "north"},
				"east": {"uv": [0, 4, 1, 6], "texture": "#overlay", "cullface": "north"},
				"west": {"uv": [1, 4, 2, 6], "texture": "#overlay", "cullface": "north"},
				"up": {"uv": [2, 4, 0, 5], "texture": "#overlay", "cullface": "north"},
				"down": {"uv": [0, 5, 2, 6], "rotation": 180, "texture": "#overlay", "cullface": "north"}
			}
		},
		{
			"name": "cinnabar_8",
			"from": [8, 7, -0.5],
			"to": [9, 12, 0],
			"rotation": {"angle": 0, "axis": "y", "origin": [8, 8, 8]},
			"faces": {
				"north": {"uv": [7, 4, 8, 9], "texture": "#overlay", "cullface": "north"},
				"east": {"uv": [7, 4, 8, 9], "texture": "#overlay", "cullface": "north"},
				"west": {"uv": [7, 4, 8, 9], "texture": "#overlay", "cullface": "north"},
				"up": {"uv": [8, 4, 7, 5], "texture": "#overlay", "cullface": "north"},
				"down": {"uv": [7, 8, 8, 9], "rotation": 180, "texture": "#overlay", "cullface": "north"}
			}
		},
		{
			"name": "cinnabar_9",
			"from": [0, 10, -0.15],
			"to": [1, 12, 0],
			"rotation": {"angle": 0, "axis": "y", "origin": [8, 8, 8]},
			"faces": {
				"north": {"uv": [15, 4, 16, 6], "texture": "#overlay", "cullface": "north"},
				"east": {"uv": [15, 4, 16, 6], "texture": "#overlay", "cullface": "north"},
				"west": {"uv": [15, 4, 16, 6], "texture": "#overlay", "cullface": "north"},
				"up": {"uv": [16, 4, 15, 5], "texture": "#overlay", "cullface": "north"},
				"down": {"uv": [15, 5, 16, 6], "rotation": 180, "texture": "#overlay", "cullface": "north"}
			}
		},
		{
			"name": "cinnabar_10",
			"from": [1, 10, -0.25],
			"to": [4, 11, 0],
			"rotation": {"angle": 0, "axis": "y", "origin": [8, 8, 8]},
			"faces": {
				"north": {"uv": [12, 5, 15, 6], "texture": "#overlay", "cullface": "north"},
				"east": {"uv": [12, 5, 13, 6], "texture": "#overlay", "cullface": "north"},
				"west": {"uv": [14, 5, 15, 6], "texture": "#overlay", "cullface": "north"},
				"up": {"uv": [15, 5, 12, 6], "texture": "#overlay", "cullface": "north"},
				"down": {"uv": [12, 5, 15, 6], "rotation": 180, "texture": "#overlay", "cullface": "north"}
			}
		},
		{
			"name": "cinnabar_11",
			"from": [15, 9, -0.15],
			"to": [16, 10, 0],
			"rotation": {"angle": 0, "axis": "y", "origin": [8, 8, 8]},
			"faces": {
				"north": {"uv": [0, 6, 1, 7], "texture": "#overlay", "cullface": "north"},
				"east": {"uv": [0, 6, 1, 7], "texture": "#overlay", "cullface": "north"},
				"west": {"uv": [0, 6, 1, 7], "texture": "#overlay", "cullface": "north"},
				"up": {"uv": [1, 6, 0, 7], "texture": "#overlay", "cullface": "north"},
				"down": {"uv": [0, 6, 1, 7], "rotation": 180, "texture": "#overlay", "cullface": "north"}
			}
		},
		{
			"name": "cinnabar_12",
			"from": [9, 8, -0.5],
			"to": [13, 10, 0],
			"rotation": {"angle": 0, "axis": "y", "origin": [8, 8, 8]},
			"faces": {
				"north": {"uv": [3, 6, 7, 8], "texture": "#overlay", "cullface": "north"},
				"east": {"uv": [3, 6, 4, 8], "texture": "#overlay", "cullface": "north"},
				"west": {"uv": [6, 6, 7, 8], "texture": "#overlay", "cullface": "north"},
				"up": {"uv": [7, 6, 3, 7], "texture": "#overlay", "cullface": "north"},
				"down": {"uv": [3, 7, 7, 8], "rotation": 180, "texture": "#overlay", "cullface": "north"}
			}
		},
		{
			"name": "cinnabar_13",
			"from": [1, 9, -0.15],
			"to": [3, 10, 0],
			"rotation": {"angle": 0, "axis": "y", "origin": [8, 8, 8]},
			"faces": {
				"north": {"uv": [13, 6, 15, 7], "texture": "#overlay", "cullface": "north"},
				"east": {"uv": [13, 6, 14, 7], "texture": "#overlay", "cullface": "north"},
				"west": {"uv": [14, 6, 15, 7], "texture": "#overlay", "cullface": "north"},
				"up": {"uv": [15, 6, 13, 7], "texture": "#overlay", "cullface": "north"},
				"down": {"uv": [13, 6, 15, 7], "rotation": 180, "texture": "#overlay", "cullface": "north"}
			}
		},
		{
			"name": "cinnabar_14",
			"from": [9, 7, -0.15],
			"to": [10, 8, 0],
			"rotation": {"angle": 0, "axis": "y", "origin": [8, 8, 8]},
			"faces": {
				"north": {"uv": [6, 8, 7, 9], "texture": "#overlay", "cullface": "north"},
				"east": {"uv": [6, 8, 7, 9], "texture": "#overlay", "cullface": "north"},
				"west": {"uv": [6, 8, 7, 9], "texture": "#overlay", "cullface": "north"},
				"up": {"uv": [7, 8, 6, 9], "texture": "#overlay", "cullface": "north"},
				"down": {"uv": [6, 8, 7, 9], "rotation": 180, "texture": "#overlay", "cullface": "north"}
			}
		},
		{
			"name": "cinnabar_15",
			"from": [4, 3, -0.35],
			"to": [5, 8, 0],
			"rotation": {"angle": 0, "axis": "y", "origin": [8, 8, 8]},
			"faces": {
				"north": {"uv": [11, 8, 12, 13], "texture": "#overlay", "cullface": "north"},
				"east": {"uv": [11, 8, 12, 13], "texture": "#overlay", "cullface": "north"},
				"west": {"uv": [11, 8, 12, 13], "texture": "#overlay", "cullface": "north"},
				"up": {"uv": [12, 8, 11, 9], "texture": "#overlay", "cullface": "north"},
				"down": {"uv": [11, 12, 12, 13], "rotation": 180, "texture": "#overlay", "cullface": "north"}
			}
		},
		{
			"name": "cinnabar_16",
			"from": [5, 4, -0.25],
			"to": [6, 7, 0],
			"rotation": {"angle": 0, "axis": "y", "origin": [8, 8, 8]},
			"faces": {
				"north": {"uv": [10, 9, 11, 12], "texture": "#overlay", "cullface": "north"},
				"east": {"uv": [10, 9, 11, 12], "texture": "#overlay", "cullface": "north"},
				"west": {"uv": [10, 9, 11, 12], "texture": "#overlay", "cullface": "north"},
				"up": {"uv": [11, 9, 10, 10], "texture": "#overlay", "cullface": "north"},
				"down": {"uv": [10, 11, 11, 12], "rotation": 180, "texture": "#overlay", "cullface": "north"}
			}
		},
		{
			"name": "cinnabar_17",
			"from": [3, 3, -0.25],
			"to": [4, 7, 0],
			"rotation": {"angle": 0, "axis": "y", "origin": [8, 8, 8]},
			"faces": {
				"north": {"uv": [12, 9, 13, 13], "texture": "#overlay", "cullface": "north"},
				"east": {"uv": [12, 9, 13, 13], "texture": "#overlay", "cullface": "north"},
				"west": {"uv": [12, 9, 13, 13], "texture": "#overlay", "cullface": "north"},
				"up": {"uv": [13, 9, 12, 10], "texture": "#overlay", "cullface": "north"},
				"down": {"uv": [12, 12, 13, 13], "rotation": 180, "texture": "#overlay", "cullface": "north"}
			}
		},
		{
			"name": "cinnabar_18",
			"from": [6, 5, -0.15],
			"to": [7, 6, 0],
			"rotation": {"angle": 0, "axis": "y", "origin": [8, 8, 8]},
			"faces": {
				"north": {"uv": [9, 10, 10, 11], "texture": "#overlay", "cullface": "north"},
				"east": {"uv": [9, 10, 10, 11], "texture": "#overlay", "cullface": "north"},
				"west": {"uv": [9, 10, 10, 11], "texture": "#overlay", "cullface": "north"},
				"up": {"uv": [10, 10, 9, 11], "texture": "#overlay", "cullface": "north"},
				"down": {"uv": [9, 10, 10, 11], "rotation": 180, "texture": "#overlay", "cullface": "north"}
			}
		},
		{
			"name": "cinnabar_19",
			"from": [2, 4, -0.15],
			"to": [3, 6, 0],
			"rotation": {"angle": 0, "axis": "y", "origin": [8, 8, 8]},
			"faces": {
				"north": {"uv": [13, 10, 14, 12], "texture": "#overlay", "cullface": "north"},
				"east": {"uv": [13, 10, 14, 12], "texture": "#overlay", "cullface": "north"},
				"west": {"uv": [13, 10, 14, 12], "texture": "#overlay", "cullface": "north"},
				"up": {"uv": [14, 10, 13, 11], "texture": "#overlay", "cullface": "north"},
				"down": {"uv": [13, 11, 14, 12], "rotation": 180, "texture": "#overlay", "cullface": "north"}
			}
		},
		{
			"name": "cinnabar_20",
			"from": [10, 3, -0.35],
			"to": [13, 5, 0],
			"rotation": {"angle": 0, "axis": "y", "origin": [8, 8, 8]},
			"faces": {
				"north": {"uv": [3, 11, 6, 13], "texture": "#overlay", "cullface": "north"},
				"east": {"uv": [3, 11, 4, 13], "texture": "#overlay", "cullface": "north"},
				"west": {"uv": [5, 11, 6, 13], "texture": "#overlay", "cullface": "north"},
				"up": {"uv": [6, 11, 3, 12], "texture": "#overlay", "cullface": "north"},
				"down": {"uv": [3, 12, 6, 13], "rotation": 180, "texture": "#overlay", "cullface": "north"}
			}
		},
		{
			"name": "cinnabar_21",
			"from": [9, 1, -0.25],
			"to": [10, 4, 0],
			"rotation": {"angle": 0, "axis": "y", "origin": [8, 8, 8]},
			"faces": {
				"north": {"uv": [6, 12, 7, 15], "texture": "#overlay", "cullface": "north"},
				"east": {"uv": [6, 12, 7, 15], "texture": "#overlay", "cullface": "north"},
				"west": {"uv": [6, 12, 7, 15], "texture": "#overlay", "cullface": "north"},
				"up": {"uv": [7, 12, 6, 13], "texture": "#overlay", "cullface": "north"},
				"down": {"uv": [6, 14, 7, 15], "rotation": 180, "texture": "#overlay", "cullface": "north"}
			}
		},
		{
			"name": "cinnabar_22",
			"from": [10, 1, -0.15],
			"to": [11, 3, 0],
			"rotation": {"angle": 0, "axis": "y", "origin": [8, 8, 8]},
			"faces": {
				"north": {"uv": [5, 13, 6, 15], "texture": "#overlay", "cullface": "north"},
				"east": {"uv": [5, 13, 6, 15], "texture": "#overlay", "cullface": "north"},
				"west": {"uv": [5, 13, 6, 15], "texture": "#overlay", "cullface": "north"},
				"up": {"uv": [6, 13, 5, 14], "texture": "#overlay", "cullface": "north"},
				"down": {"uv": [5, 14, 6, 15], "rotation": 180, "texture": "#overlay", "cullface": "north"}
			}
		},
		{
			"name": "cinnabar_23",
			"from": [8, 0, -0.25],
			"to": [9, 3, 0],
			"rotation": {"angle": 0, "axis": "y", "origin": [8, 8, 8]},
			"faces": {
				"north": {"uv": [7, 13, 8, 16], "texture": "#overlay", "cullface": "north"},
				"east": {"uv": [7, 13, 8, 16], "texture": "#overlay", "cullface": "north"},
				"west": {"uv": [7, 13, 8, 16], "texture": "#overlay", "cullface": "north"},
				"up": {"uv": [8, 13, 7, 14], "texture": "#overlay", "cullface": "north"},
				"down": {"uv": [7, 15, 8, 16], "rotation": 180, "texture": "#overlay", "cullface": "north"}
			}
		},
		{
			"name": "cinnabar_24",
			"from": [13, 0, -0.25],
			"to": [15, 2, 0],
			"rotation": {"angle": 0, "axis": "y", "origin": [8, 8, 8]},
			"faces": {
				"north": {"uv": [1, 14, 3, 16], "texture": "#overlay", "cullface": "north"},
				"east": {"uv": [1, 14, 2, 16], "texture": "#overlay", "cullface": "north"},
				"west": {"uv": [2, 14, 3, 16], "texture": "#overlay", "cullface": "north"},
				"up": {"uv": [3, 14, 1, 15], "texture": "#overlay", "cullface": "north"},
				"down": {"uv": [1, 15, 3, 16], "rotation": 180, "texture": "#overlay", "cullface": "north"}
			}
		},
		{
			"name": "cinnabar_25",
			"from": [6, 0, -0.25],
			"to": [8, 2, 0],
			"rotation": {"angle": 0, "axis": "y", "origin": [8, 8, 8]},
			"faces": {
				"north": {"uv": [8, 14, 10, 16], "texture": "#overlay", "cullface": "north"},
				"east": {"uv": [8, 14, 9, 16], "texture": "#overlay", "cullface": "north"},
				"west": {"uv": [9, 14, 10, 16], "texture": "#overlay", "cullface": "north"},
				"up": {"uv": [10, 14, 8, 15], "texture": "#overlay", "cullface": "north"},
				"down": {"uv": [8, 15, 10, 16], "rotation": 180, "texture": "#overlay", "cullface": "north"}
			}
		},
		{
			"name": "cinnabar_26",
			"from": [12, 0, -0.15],
			"to": [13, 1, 0],
			"rotation": {"angle": 0, "axis": "y", "origin": [8, 8, 8]},
			"faces": {
				"north": {"uv": [3, 15, 4, 16], "texture": "#overlay", "cullface": "north"},
				"east": {"uv": [3, 15, 4, 16], "texture": "#overlay", "cullface": "north"},
				"west": {"uv": [3, 15, 4, 16], "texture": "#overlay", "cullface": "north"},
				"up": {"uv": [4, 15, 3, 16], "texture": "#overlay", "cullface": "north"},
				"down": {"uv": [3, 15, 4, 16], "rotation": 180, "texture": "#overlay", "cullface": "north"}
			}
		},
		{
			"name": "cinnabar_27",
			"from": [4, 0, -0.15],
			"to": [6, 1, 0],
			"rotation": {"angle": 0, "axis": "y", "origin": [8, 8, 8]},
			"faces": {
				"north": {"uv": [10, 15, 12, 16], "texture": "#overlay", "cullface": "north"},
				"east": {"uv": [10, 15, 11, 16], "texture": "#overlay", "cullface": "north"},
				"west": {"uv": [11, 15, 12, 16], "texture": "#overlay", "cullface": "north"},
				"up": {"uv": [12, 15, 10, 16], "texture": "#overlay", "cullface": "north"},
				"down": {"uv": [10, 15, 12, 16], "rotation": 180, "texture": "#overlay", "cullface": "north"}
			}
		},
		{
			"name": "cinnabar_2",
			"from": [-0.25, 14, 1],
			"to": [0, 16, 3],
			"rotation": {"angle": 0, "axis": "y", "origin": [8, 8, 8]},
			"faces": {
				"north": {"uv": [1, 0, 2, 2], "texture": "#overlay", "cullface": "west"},
				"south": {"uv": [2, 0, 3, 2], "texture": "#overlay", "cullface": "west"},
				"west": {"uv": [1, 0, 3, 2], "texture": "#overlay", "cullface": "west"},
				"up": {"uv": [3, 0, 1, 1], "rotation": 270, "texture": "#overlay", "cullface": "west"},
				"down": {"uv": [1, 1, 3, 2], "rotation": 270, "texture": "#overlay", "cullface": "west"}
			}
		},
		{
			"name": "cinnabar_3",
			"from": [-0.15, 15, 3],
			"to": [0, 16, 5],
			"rotation": {"angle": 0, "axis": "y", "origin": [8, 8, 8]},
			"faces": {
				"north": {"uv": [3, 0, 4, 1], "texture": "#overlay", "cullface": "west"},
				"south": {"uv": [4, 0, 5, 1], "texture": "#overlay", "cullface": "west"},
				"west": {"uv": [3, 0, 5, 1], "texture": "#overlay", "cullface": "west"},
				"up": {"uv": [5, 0, 3, 1], "rotation": 270, "texture": "#overlay", "cullface": "west"},
				"down": {"uv": [3, 0, 5, 1], "rotation": 270, "texture": "#overlay", "cullface": "west"}
			}
		},
		{
			"name": "cinnabar_4",
			"from": [-0.35, 15, 7],
			"to": [0, 16, 12],
			"rotation": {"angle": 0, "axis": "y", "origin": [8, 8, 8]},
			"faces": {
				"north": {"uv": [7, 0, 8, 1], "texture": "#overlay", "cullface": "west"},
				"south": {"uv": [11, 0, 12, 1], "texture": "#overlay", "cullface": "west"},
				"west": {"uv": [7, 0, 12, 1], "texture": "#overlay", "cullface": "west"},
				"up": {"uv": [12, 0, 7, 1], "rotation": 270, "texture": "#overlay", "cullface": "west"},
				"down": {"uv": [7, 0, 12, 1], "rotation": 270, "texture": "#overlay", "cullface": "west"}
			}
		},
		{
			"name": "cinnabar_5",
			"from": [-0.25, 14, 8],
			"to": [0, 15, 11],
			"rotation": {"angle": 0, "axis": "y", "origin": [8, 8, 8]},
			"faces": {
				"north": {"uv": [8, 1, 9, 2], "texture": "#overlay", "cullface": "west"},
				"south": {"uv": [10, 1, 11, 2], "texture": "#overlay", "cullface": "west"},
				"west": {"uv": [8, 1, 11, 2], "texture": "#overlay", "cullface": "west"},
				"up": {"uv": [11, 1, 8, 2], "rotation": 270, "texture": "#overlay", "cullface": "west"},
				"down": {"uv": [8, 1, 11, 2], "rotation": 270, "texture": "#overlay", "cullface": "west"}
			}
		},
		{
			"name": "cinnabar_6",
			"from": [-0.65, 10, 2],
			"to": [0, 13, 7],
			"rotation": {"angle": 0, "axis": "y", "origin": [8, 8, 8]},
			"faces": {
				"north": {"uv": [2, 3, 3, 6], "texture": "#overlay", "cullface": "west"},
				"south": {"uv": [6, 3, 7, 6], "texture": "#overlay", "cullface": "west"},
				"west": {"uv": [2, 3, 7, 6], "texture": "#overlay", "cullface": "west"},
				"up": {"uv": [7, 3, 2, 4], "rotation": 270, "texture": "#overlay", "cullface": "west"},
				"down": {"uv": [2, 5, 7, 6], "rotation": 270, "texture": "#overlay", "cullface": "west"}
			}
		},
		{
			"name": "cinnabar_7",
			"from": [-0.5, 11, 11],
			"to": [0, 13, 15],
			"rotation": {"angle": 0, "axis": "y", "origin": [8, 8, 8]},
			"faces": {
				"north": {"uv": [11, 3, 12, 5], "texture": "#overlay", "cullface": "west"},
				"south": {"uv": [14, 3, 15, 5], "texture": "#overlay", "cullface": "west"},
				"west": {"uv": [11, 3, 15, 5], "texture": "#overlay", "cullface": "west"},
				"up": {"uv": [15, 3, 11, 4], "rotation": 270, "texture": "#overlay", "cullface": "west"},
				"down": {"uv": [11, 4, 15, 5], "rotation": 270, "texture": "#overlay", "cullface": "west"}
			}
		},
		{
			"name": "cinnabar_8",
			"from": [-0.25, 10, 0],
			"to": [0, 12, 2],
			"rotation": {"angle": 0, "axis": "y", "origin": [8, 8, 8]},
			"faces": {
				"north": {"uv": [0, 4, 1, 6], "texture": "#overlay", "cullface": "west"},
				"south": {"uv": [1, 4, 2, 6], "texture": "#overlay", "cullface": "west"},
				"west": {"uv": [0, 4, 2, 6], "texture": "#overlay", "cullface": "west"},
				"up": {"uv": [2, 4, 0, 5], "rotation": 270, "texture": "#overlay", "cullface": "west"},
				"down": {"uv": [0, 5, 2, 6], "rotation": 270, "texture": "#overlay", "cullface": "west"}
			}
		},
		{
			"name": "cinnabar_9",
			"from": [-0.5, 7, 7],
			"to": [0, 12, 8],
			"rotation": {"angle": 0, "axis": "y", "origin": [8, 8, 8]},
			"faces": {
				"north": {"uv": [7, 4, 8, 9], "texture": "#overlay", "cullface": "west"},
				"south": {"uv": [7, 4, 8, 9], "texture": "#overlay", "cullface": "west"},
				"west": {"uv": [7, 4, 8, 9], "texture": "#overlay", "cullface": "west"},
				"up": {"uv": [8, 4, 7, 5], "rotation": 270, "texture": "#overlay", "cullface": "west"},
				"down": {"uv": [7, 8, 8, 9], "rotation": 270, "texture": "#overlay", "cullface": "west"}
			}
		},
		{
			"name": "cinnabar_10",
			"from": [-0.15, 10, 15],
			"to": [0, 12, 16],
			"rotation": {"angle": 0, "axis": "y", "origin": [8, 8, 8]},
			"faces": {
				"north": {"uv": [15, 4, 16, 6], "texture": "#overlay", "cullface": "west"},
				"south": {"uv": [15, 4, 16, 6], "texture": "#overlay", "cullface": "west"},
				"west": {"uv": [15, 4, 16, 6], "texture": "#overlay", "cullface": "west"},
				"up": {"uv": [16, 4, 15, 5], "rotation": 270, "texture": "#overlay", "cullface": "west"},
				"down": {"uv": [15, 5, 16, 6], "rotation": 270, "texture": "#overlay", "cullface": "west"}
			}
		},
		{
			"name": "cinnabar_11",
			"from": [-0.25, 10, 12],
			"to": [0, 11, 15],
			"rotation": {"angle": 0, "axis": "y", "origin": [8, 8, 8]},
			"faces": {
				"north": {"uv": [12, 5, 13, 6], "texture": "#overlay", "cullface": "west"},
				"south": {"uv": [14, 5, 15, 6], "texture": "#overlay", "cullface": "west"},
				"west": {"uv": [12, 5, 15, 6], "texture": "#overlay", "cullface": "west"},
				"up": {"uv": [15, 5, 12, 6], "rotation": 270, "texture": "#overlay", "cullface": "west"},
				"down": {"uv": [12, 5, 15, 6], "rotation": 270, "texture": "#overlay", "cullface": "west"}
			}
		},
		{
			"name": "cinnabar_12",
			"from": [-0.15, 9, 0],
			"to": [0, 10, 1],
			"rotation": {"angle": 0, "axis": "y", "origin": [8, 8, 8]},
			"faces": {
				"north": {"uv": [0, 6, 1, 7], "texture": "#overlay", "cullface": "west"},
				"south": {"uv": [0, 6, 1, 7], "texture": "#overlay", "cullface": "west"},
				"west": {"uv": [0, 6, 1, 7], "texture": "#overlay", "cullface": "west"},
				"up": {"uv": [1, 6, 0, 7], "rotation": 270, "texture": "#overlay", "cullface": "west"},
				"down": {"uv": [0, 6, 1, 7], "rotation": 270, "texture": "#overlay", "cullface": "west"}
			}
		},
		{
			"name": "cinnabar_13",
			"from": [-0.5, 8, 3],
			"to": [0, 10, 7],
			"rotation": {"angle": 0, "axis": "y", "origin": [8, 8, 8]},
			"faces": {
				"north": {"uv": [3, 6, 4, 8], "texture": "#overlay", "cullface": "west"},
				"south": {"uv": [6, 6, 7, 8], "texture": "#overlay", "cullface": "west"},
				"west": {"uv": [3, 6, 7, 8], "texture": "#overlay", "cullface": "west"},
				"up": {"uv": [7, 6, 3, 7], "rotation": 270, "texture": "#overlay", "cullface": "west"},
				"down": {"uv": [3, 7, 7, 8], "rotation": 270, "texture": "#overlay", "cullface": "west"}
			}
		},
		{
			"name": "cinnabar_14",
			"from": [-0.15, 9, 13],
			"to": [0, 10, 15],
			"rotation": {"angle": 0, "axis": "y", "origin": [8, 8, 8]},
			"faces": {
				"north": {"uv": [13, 6, 14, 7], "texture": "#overlay", "cullface": "west"},
				"south": {"uv": [14, 6, 15, 7], "texture": "#overlay", "cullface": "west"},
				"west": {"uv": [13, 6, 15, 7], "texture": "#overlay", "cullface": "west"},
				"up": {"uv": [15, 6, 13, 7], "rotation": 270, "texture": "#overlay", "cullface": "west"},
				"down": {"uv": [13, 6, 15, 7], "rotation": 270, "texture": "#overlay", "cullface": "west"}
			}
		},
		{
			"name": "cinnabar_15",
			"from": [-0.15, 7, 6],
			"to": [0, 8, 7],
			"rotation": {"angle": 0, "axis": "y", "origin": [8, 8, 8]},
			"faces": {
				"north": {"uv": [6, 8, 7, 9], "texture": "#overlay", "cullface": "west"},
				"south": {"uv": [6, 8, 7, 9], "texture": "#overlay", "cullface": "west"},
				"west": {"uv": [6, 8, 7, 9], "texture": "#overlay", "cullface": "west"},
				"up": {"uv": [7, 8, 6, 9], "rotation": 270, "texture": "#overlay", "cullface": "west"},
				"down": {"uv": [6, 8, 7, 9], "rotation": 270, "texture": "#overlay", "cullface": "west"}
			}
		},
		{
			"name": "cinnabar_16",
			"from": [-0.35, 3, 11],
			"to": [0, 8, 12],
			"rotation": {"angle": 0, "axis": "y", "origin": [8, 8, 8]},
			"faces": {
				"north": {"uv": [11, 8, 12, 13], "texture": "#overlay", "cullface": "west"},
				"south": {"uv": [11, 8, 12, 13], "texture": "#overlay", "cullface": "west"},
				"west": {"uv": [11, 8, 12, 13], "texture": "#overlay", "cullface": "west"},
				"up": {"uv": [12, 8, 11, 9], "rotation": 270, "texture": "#overlay", "cullface": "west"},
				"down": {"uv": [11, 12, 12, 13], "rotation": 270, "texture": "#overlay", "cullface": "west"}
			}
		},
		{
			"name": "cinnabar_17",
			"from": [-0.25, 4, 10],
			"to": [0, 7, 11],
			"rotation": {"angle": 0, "axis": "y", "origin": [8, 8, 8]},
			"faces": {
				"north": {"uv": [10, 9, 11, 12], "texture": "#overlay", "cullface": "west"},
				"south": {"uv": [10, 9, 11, 12], "texture": "#overlay", "cullface": "west"},
				"west": {"uv": [10, 9, 11, 12], "texture": "#overlay", "cullface": "west"},
				"up": {"uv": [11, 9, 10, 10], "rotation": 270, "texture": "#overlay", "cullface": "west"},
				"down": {"uv": [10, 11, 11, 12], "rotation": 270, "texture": "#overlay", "cullface": "west"}
			}
		},
		{
			"name": "cinnabar_18",
			"from": [-0.25, 3, 12],
			"to": [0, 7, 13],
			"rotation": {"angle": 0, "axis": "y", "origin": [8, 8, 8]},
			"faces": {
				"north": {"uv": [12, 9, 13, 13], "texture": "#overlay", "cullface": "west"},
				"south": {"uv": [12, 9, 13, 13], "texture": "#overlay", "cullface": "west"},
				"west": {"uv": [12, 9, 13, 13], "texture": "#overlay", "cullface": "west"},
				"up": {"uv": [13, 9, 12, 10], "rotation": 270, "texture": "#overlay", "cullface": "west"},
				"down": {"uv": [12, 12, 13, 13], "rotation": 270, "texture": "#overlay", "cullface": "west"}
			}
		},
		{
			"name": "cinnabar_19",
			"from": [-0.15, 5, 9],
			"to": [0, 6, 10],
			"rotation": {"angle": 0, "axis": "y", "origin": [8, 8, 8]},
			"faces": {
				"north": {"uv": [9, 10, 10, 11], "texture": "#overlay", "cullface": "west"},
				"south": {"uv": [9, 10, 10, 11], "texture": "#overlay", "cullface": "west"},
				"west": {"uv": [9, 10, 10, 11], "texture": "#overlay", "cullface": "west"},
				"up": {"uv": [10, 10, 9, 11], "rotation": 270, "texture": "#overlay", "cullface": "west"},
				"down": {"uv": [9, 10, 10, 11], "rotation": 270, "texture": "#overlay", "cullface": "west"}
			}
		},
		{
			"name": "cinnabar_20",
			"from": [-0.15, 4, 13],
			"to": [0, 6, 14],
			"rotation": {"angle": 0, "axis": "y", "origin": [8, 8, 8]},
			"faces": {
				"north": {"uv": [13, 10, 14, 12], "texture": "#overlay", "cullface": "west"},
				"south": {"uv": [13, 10, 14, 12], "texture": "#overlay", "cullface": "west"},
				"west": {"uv": [13, 10, 14, 12], "texture": "#overlay", "cullface": "west"},
				"up": {"uv": [14, 10, 13, 11], "rotation": 270, "texture": "#overlay", "cullface": "west"},
				"down": {"uv": [13, 11, 14, 12], "rotation": 270, "texture": "#overlay", "cullface": "west"}
			}
		},
		{
			"name": "cinnabar_21",
			"from": [-0.35, 3, 3],
			"to": [0, 5, 6],
			"rotation": {"angle": 0, "axis": "y", "origin": [8, 8, 8]},
			"faces": {
				"north": {"uv": [3, 11, 4, 13], "texture": "#overlay", "cullface": "west"},
				"south": {"uv": [5, 11, 6, 13], "texture": "#overlay", "cullface": "west"},
				"west": {"uv": [3, 11, 6, 13], "texture": "#overlay", "cullface": "west"},
				"up": {"uv": [6, 11, 3, 12], "rotation": 270, "texture": "#overlay", "cullface": "west"},
				"down": {"uv": [3, 12, 6, 13], "rotation": 270, "texture": "#overlay", "cullface": "west"}
			}
		},
		{
			"name": "cinnabar_22",
			"from": [-0.25, 1, 6],
			"to": [0, 4, 7],
			"rotation": {"angle": 0, "axis": "y", "origin": [8, 8, 8]},
			"faces": {
				"north": {"uv": [6, 12, 7, 15], "texture": "#overlay", "cullface": "west"},
				"south": {"uv": [6, 12, 7, 15], "texture": "#overlay", "cullface": "west"},
				"west": {"uv": [6, 12, 7, 15], "texture": "#overlay", "cullface": "west"},
				"up": {"uv": [7, 12, 6, 13], "rotation": 270, "texture": "#overlay", "cullface": "west"},
				"down": {"uv": [6, 14, 7, 15], "rotation": 270, "texture": "#overlay", "cullface": "west"}
			}
		},
		{
			"name": "cinnabar_23",
			"from": [-0.15, 1, 5],
			"to": [0, 3, 6],
			"rotation": {"angle": 0, "axis": "y", "origin": [8, 8, 8]},
			"faces": {
				"north": {"uv": [5, 13, 6, 15], "texture": "#overlay", "cullface": "west"},
				"south": {"uv": [5, 13, 6, 15], "texture": "#overlay", "cullface": "west"},
				"west": {"uv": [5, 13, 6, 15], "texture": "#overlay", "cullface": "west"},
				"up": {"uv": [6, 13, 5, 14], "rotation": 270, "texture": "#overlay", "cullface": "west"},
				"down": {"uv": [5, 14, 6, 15], "rotation": 270, "texture": "#overlay", "cullface": "west"}
			}
		},
		{
			"name": "cinnabar_24",
			"from": [-0.25, 0, 7],
			"to": [0, 3, 8],
			"rotation": {"angle": 0, "axis": "y", "origin": [8, 8, 8]},
			"faces": {
				"north": {"uv": [7, 13, 8, 16], "texture": "#overlay", "cullface": "west"},
				"south": {"uv": [7, 13, 8, 16], "texture": "#overlay", "cullface": "west"},
				"west": {"uv": [7, 13, 8, 16], "texture": "#overlay", "cullface": "west"},
				"up": {"uv": [8, 13, 7, 14], "rotation": 270, "texture": "#overlay", "cullface": "west"},
				"down": {"uv": [7, 15, 8, 16], "rotation": 270, "texture": "#overlay", "cullface": "west"}
			}
		},
		{
			"name": "cinnabar_25",
			"from": [-0.25, 0, 1],
			"to": [0, 2, 3],
			"rotation": {"angle": 0, "axis": "y", "origin": [8, 8, 8]},
			"faces": {
				"north": {"uv": [1, 14, 2, 16], "texture": "#overlay", "cullface": "west"},
				"south": {"uv": [2, 14, 3, 16], "texture": "#overlay", "cullface": "west"},
				"west": {"uv": [1, 14, 3, 16], "texture": "#overlay", "cullface": "west"},
				"up": {"uv": [3, 14, 1, 15], "rotation": 270, "texture": "#overlay", "cullface": "west"},
				"down": {"uv": [1, 15, 3, 16], "rotation": 270, "texture": "#overlay", "cullface": "west"}
			}
		},
		{
			"name": "cinnabar_26",
			"from": [-0.25, 0, 8],
			"to": [0, 2, 10],
			"rotation": {"angle": 0, "axis": "y", "origin": [8, 8, 8]},
			"faces": {
				"north": {"uv": [8, 14, 9, 16], "texture": "#overlay", "cullface": "west"},
				"south": {"uv": [9, 14, 10, 16], "texture": "#overlay", "cullface": "west"},
				"west": {"uv": [8, 14, 10, 16], "texture": "#overlay", "cullface": "west"},
				"up": {"uv": [10, 14, 8, 15], "rotation": 270, "texture": "#overlay", "cullface": "west"},
				"down": {"uv": [8, 15, 10, 16], "rotation": 270, "texture": "#overlay", "cullface": "west"}
			}
		},
		{
			"name": "cinnabar_27",
			"from": [-0.15, 0, 3],
			"to": [0, 1, 4],
			"rotation": {"angle": 0, "axis": "y", "origin": [8, 8, 8]},
			"faces": {
				"north": {"uv": [3, 15, 4, 16], "texture": "#overlay", "cullface": "west"},
				"south": {"uv": [3, 15, 4, 16], "texture": "#overlay", "cullface": "west"},
				"west": {"uv": [3, 15, 4, 16], "texture": "#overlay", "cullface": "west"},
				"up": {"uv": [4, 15, 3, 16], "rotation": 270, "texture": "#overlay", "cullface": "west"},
				"down": {"uv": [3, 15, 4, 16], "rotation": 270, "texture": "#overlay", "cullface": "west"}
			}
		},
		{
			"name": "cinnabar_28",
			"from": [-0.15, 0, 10],
			"to": [0, 1, 12],
			"rotation": {"angle": 0, "axis": "y", "origin": [8, 8, 8]},
			"faces": {
				"north": {"uv": [10, 15, 11, 16], "texture": "#overlay", "cullface": "west"},
				"south": {"uv": [11, 15, 12, 16], "texture": "#overlay", "cullface": "west"},
				"west": {"uv": [10, 15, 12, 16], "texture": "#overlay", "cullface": "west"},
				"up": {"uv": [12, 15, 10, 16], "rotation": 270, "texture": "#overlay", "cullface": "west"},
				"down": {"uv": [10, 15, 12, 16], "rotation": 270, "texture": "#overlay", "cullface": "west"}
			}
		}
	],
	"groups": [
		0,
		{
			"name": "group",
			"origin": [8, 8, 8],
			"color": 0,
			"children": [1, 2, 3, 4, 5, 6, 7, 8, 9, 10, 11, 12, 13, 14, 15, 16, 17, 18, 19, 20, 21, 22, 23, 24, 25, 26, 27]
		},
		{
			"name": "group",
			"origin": [8, 8, 8],
			"color": 0,
			"children": [28, 29, 30, 31, 32, 33, 34, 35, 36, 37, 38, 39, 40, 41, 42, 43, 44, 45, 46, 47, 48, 49, 50, 51, 52, 53, 54]
		},
		{
			"name": "group",
			"origin": [8, 8, 8],
			"color": 0,
			"children": [55, 56, 57, 58, 59, 60, 61, 62, 63, 64, 65, 66, 67, 68, 69, 70, 71, 72, 73, 74, 75, 76, 77, 78, 79, 80, 81]
		},
		{
			"name": "group",
			"origin": [8, 8, 8],
			"color": 0,
			"children": [82, 83, 84, 85, 86, 87, 88, 89, 90, 91, 92, 93, 94, 95, 96, 97, 98, 99, 100, 101, 102, 103, 104, 105, 106, 107, 108]
		},
		{
			"name": "group",
			"origin": [8, 8, 8],
			"color": 0,
			"children": [109, 110, 111, 112, 113, 114, 115, 116, 117, 118, 119, 120, 121, 122, 123, 124, 125, 126, 127, 128, 129, 130, 131, 132, 133, 134, 135]
		},
		{
			"name": "group",
			"origin": [8, 8, 8],
			"color": 0,
			"children": [136, 137, 138, 139, 140, 141, 142, 143, 144, 145, 146, 147, 148, 149, 150, 151, 152, 153, 154, 155, 156, 157, 158, 159, 160, 161, 162]
		}
	]
}