{
	"credit": "Made with Blockbench",
	"parent": "block/block",
	"elements": [
		{
			"from": [0, 0, 0],
			"to": [16, 16, 16],
			"rotation": {"angle": 0, "axis": "x", "origin": [8, 8, 8]},
			"faces": {
				"north": {"uv": [0, 0, 16, 16], "texture": "#all", "cullface": "north"},
				"east": {"uv": [0, 0, 16, 16], "texture": "#all", "cullface": "east"},
				"south": {"uv": [0, 0, 16, 16], "texture": "#all", "cullface": "south"},
				"west": {"uv": [0, 0, 16, 16], "texture": "#all", "cullface": "west"},
				"up": {"uv": [0, 0, 16, 16], "texture": "#all", "cullface": "up"},
				"down": {"uv": [0, 0, 16, 16], "texture": "#all", "cullface": "down"}
			}
		},
		{
			"name": "emerald_1",
			"from": [2, 16, 2],
			"to": [4, 16.35, 4],
			"rotation": {"angle": 0, "axis": "x", "origin": [8, 8, 8]},
			"faces": {
				"north": {"uv": [4, 2, 2, 3], "texture": "#overlay", "cullface": "up"},
				"east": {"uv": [3, 2, 4, 4], "rotation": 90, "texture": "#overlay", "cullface": "up"},
				"south": {"uv": [2, 3, 4, 4], "texture": "#overlay", "cullface": "up"},
				"west": {"uv": [2, 2, 3, 4], "rotation": 270, "texture": "#overlay", "cullface": "up"},
				"up": {"uv": [2, 2, 4, 4], "texture": "#overlay", "cullface": "up"}
			}
		},
		{
			"name": "emerald_2",
			"from": [10, 16, 2],
			"to": [12, 16.35, 4],
			"rotation": {"angle": 0, "axis": "x", "origin": [8, 8, 8]},
			"faces": {
				"north": {"uv": [12, 2, 10, 3], "texture": "#overlay", "cullface": "up"},
				"east": {"uv": [11, 2, 12, 4], "rotation": 90, "texture": "#overlay", "cullface": "up"},
				"south": {"uv": [10, 3, 12, 4], "texture": "#overlay", "cullface": "up"},
				"west": {"uv": [10, 2, 11, 4], "rotation": 270, "texture": "#overlay", "cullface": "up"},
				"up": {"uv": [10, 2, 12, 4], "texture": "#overlay", "cullface": "up"}
			}
		},
		{
			"name": "emerald_3",
			"from": [6, 16, 4],
			"to": [7, 16.65, 8],
			"rotation": {"angle": 0, "axis": "x", "origin": [8, 8, 8]},
			"faces": {
				"north": {"uv": [7, 4, 6, 5], "texture": "#overlay", "cullface": "up"},
				"east": {"uv": [6, 4, 7, 8], "rotation": 90, "texture": "#overlay", "cullface": "up"},
				"south": {"uv": [6, 7, 7, 8], "texture": "#overlay", "cullface": "up"},
				"west": {"uv": [6, 4, 7, 8], "rotation": 270, "texture": "#overlay", "cullface": "up"},
				"up": {"uv": [6, 4, 7, 8], "texture": "#overlay", "cullface": "up"}
			}
		},
		{
			"name": "emerald_4",
			"from": [5, 16, 5],
			"to": [6, 16.5, 9],
			"rotation": {"angle": 0, "axis": "x", "origin": [8, 8, 8]},
			"faces": {
				"north": {"uv": [6, 5, 5, 6], "texture": "#overlay", "cullface": "up"},
				"east": {"uv": [5, 5, 6, 9], "rotation": 90, "texture": "#overlay", "cullface": "up"},
				"south": {"uv": [5, 8, 6, 9], "texture": "#overlay", "cullface": "up"},
				"west": {"uv": [5, 5, 6, 9], "rotation": 270, "texture": "#overlay", "cullface": "up"},
				"up": {"uv": [5, 5, 6, 9], "texture": "#overlay", "cullface": "up"}
			}
		},
		{
			"name": "emerald_5",
			"from": [7, 16, 5],
			"to": [8, 16.5, 8],
			"rotation": {"angle": 0, "axis": "x", "origin": [8, 8, 8]},
			"faces": {
				"north": {"uv": [8, 5, 7, 6], "texture": "#overlay", "cullface": "up"},
				"east": {"uv": [7, 5, 8, 8], "rotation": 90, "texture": "#overlay", "cullface": "up"},
				"south": {"uv": [7, 7, 8, 8], "texture": "#overlay", "cullface": "up"},
				"west": {"uv": [7, 5, 8, 8], "rotation": 270, "texture": "#overlay", "cullface": "up"},
				"up": {"uv": [7, 5, 8, 8], "texture": "#overlay", "cullface": "up"}
			}
		},
		{
			"name": "emerald_6",
			"from": [3, 16, 6],
			"to": [5, 16.35, 8],
			"rotation": {"angle": 0, "axis": "x", "origin": [8, 8, 8]},
			"faces": {
				"north": {"uv": [5, 6, 3, 7], "texture": "#overlay", "cullface": "up"},
				"east": {"uv": [4, 6, 5, 8], "rotation": 90, "texture": "#overlay", "cullface": "up"},
				"south": {"uv": [3, 7, 5, 8], "texture": "#overlay", "cullface": "up"},
				"west": {"uv": [3, 6, 4, 8], "rotation": 270, "texture": "#overlay", "cullface": "up"},
				"up": {"uv": [3, 6, 5, 8], "texture": "#overlay", "cullface": "up"}
			}
		},
		{
			"name": "emerald_7",
			"from": [8, 16, 6],
			"to": [9, 16.15, 8],
			"rotation": {"angle": 0, "axis": "x", "origin": [8, 8, 8]},
			"faces": {
				"north": {"uv": [9, 6, 8, 7], "texture": "#overlay", "cullface": "up"},
				"east": {"uv": [8, 6, 9, 8], "rotation": 90, "texture": "#overlay", "cullface": "up"},
				"south": {"uv": [8, 7, 9, 8], "texture": "#overlay", "cullface": "up"},
				"west": {"uv": [8, 6, 9, 8], "rotation": 270, "texture": "#overlay", "cullface": "up"},
				"up": {"uv": [8, 6, 9, 8], "texture": "#overlay", "cullface": "up"}
			}
		},
		{
			"name": "emerald_8",
			"from": [13, 16, 7],
			"to": [15, 16.25, 9],
			"rotation": {"angle": 0, "axis": "x", "origin": [8, 8, 8]},
			"faces": {
				"north": {"uv": [15, 7, 13, 8], "texture": "#overlay", "cullface": "up"},
				"east": {"uv": [14, 7, 15, 9], "rotation": 90, "texture": "#overlay", "cullface": "up"},
				"south": {"uv": [13, 8, 15, 9], "texture": "#overlay", "cullface": "up"},
				"west": {"uv": [13, 7, 14, 9], "rotation": 270, "texture": "#overlay", "cullface": "up"},
				"up": {"uv": [13, 7, 15, 9], "texture": "#overlay", "cullface": "up"}
			}
		},
		{
			"name": "emerald_9",
			"from": [1, 16, 8],
			"to": [3, 16.15, 10],
			"rotation": {"angle": 0, "axis": "x", "origin": [8, 8, 8]},
			"faces": {
				"north": {"uv": [3, 8, 1, 9], "texture": "#overlay", "cullface": "up"},
				"east": {"uv": [2, 8, 3, 10], "rotation": 90, "texture": "#overlay", "cullface": "up"},
				"south": {"uv": [1, 9, 3, 10], "texture": "#overlay", "cullface": "up"},
				"west": {"uv": [1, 8, 2, 10], "rotation": 270, "texture": "#overlay", "cullface": "up"},
				"up": {"uv": [1, 8, 3, 10], "texture": "#overlay", "cullface": "up"}
			}
		},
		{
			"name": "emerald_10",
			"from": [4, 16, 8],
			"to": [5, 16.15, 9],
			"rotation": {"angle": 0, "axis": "x", "origin": [8, 8, 8]},
			"faces": {
				"north": {"uv": [5, 8, 4, 9], "texture": "#overlay", "cullface": "up"},
				"east": {"uv": [4, 8, 5, 9], "rotation": 90, "texture": "#overlay", "cullface": "up"},
				"south": {"uv": [4, 8, 5, 9], "texture": "#overlay", "cullface": "up"},
				"west": {"uv": [4, 8, 5, 9], "rotation": 270, "texture": "#overlay", "cullface": "up"},
				"up": {"uv": [4, 8, 5, 9], "texture": "#overlay", "cullface": "up"}
			}
		},
		{
			"name": "emerald_11",
			"from": [9, 16, 10],
			"to": [12, 16.5, 13],
			"rotation": {"angle": 0, "axis": "x", "origin": [8, 8, 8]},
			"faces": {
				"north": {"uv": [12, 10, 9, 11], "texture": "#overlay", "cullface": "up"},
				"east": {"uv": [11, 10, 12, 13], "rotation": 90, "texture": "#overlay", "cullface": "up"},
				"south": {"uv": [9, 12, 12, 13], "texture": "#overlay", "cullface": "up"},
				"west": {"uv": [9, 10, 10, 13], "rotation": 270, "texture": "#overlay", "cullface": "up"},
				"up": {"uv": [9, 10, 12, 13], "texture": "#overlay", "cullface": "up"}
			}
		},
		{
			"name": "emerald_12",
			"from": [8, 16, 11],
			"to": [9, 16.15, 13],
			"rotation": {"angle": 0, "axis": "x", "origin": [8, 8, 8]},
			"faces": {
				"north": {"uv": [9, 11, 8, 12], "texture": "#overlay", "cullface": "up"},
				"east": {"uv": [8, 11, 9, 13], "rotation": 90, "texture": "#overlay", "cullface": "up"},
				"south": {"uv": [8, 12, 9, 13], "texture": "#overlay", "cullface": "up"},
				"west": {"uv": [8, 11, 9, 13], "rotation": 270, "texture": "#overlay", "cullface": "up"},
				"up": {"uv": [8, 11, 9, 13], "texture": "#overlay", "cullface": "up"}
			}
		},
		{
			"name": "emerald_13",
			"from": [12, 16, 11],
			"to": [13, 16.15, 13],
			"rotation": {"angle": 0, "axis": "x", "origin": [8, 8, 8]},
			"faces": {
				"north": {"uv": [13, 11, 12, 12], "texture": "#overlay", "cullface": "up"},
				"east": {"uv": [12, 11, 13, 13], "rotation": 90, "texture": "#overlay", "cullface": "up"},
				"south": {"uv": [12, 12, 13, 13], "texture": "#overlay", "cullface": "up"},
				"west": {"uv": [12, 11, 13, 13], "rotation": 270, "texture": "#overlay", "cullface": "up"},
				"up": {"uv": [12, 11, 13, 13], "texture": "#overlay", "cullface": "up"}
			}
		},
		{
			"name": "emerald_14",
			"from": [4, 16, 13],
			"to": [6, 16.25, 15],
			"rotation": {"angle": 0, "axis": "x", "origin": [8, 8, 8]},
			"faces": {
				"north": {"uv": [6, 13, 4, 14], "texture": "#overlay", "cullface": "up"},
				"east": {"uv": [5, 13, 6, 15], "rotation": 90, "texture": "#overlay", "cullface": "up"},
				"south": {"uv": [4, 14, 6, 15], "texture": "#overlay", "cullface": "up"},
				"west": {"uv": [4, 13, 5, 15], "rotation": 270, "texture": "#overlay", "cullface": "up"},
				"up": {"uv": [4, 13, 6, 15], "texture": "#overlay", "cullface": "up"}
			}
		},
		{
			"name": "emerald_15",
			"from": [9, 16, 13],
			"to": [11, 16.35, 14],
			"rotation": {"angle": 0, "axis": "x", "origin": [8, 8, 8]},
			"faces": {
				"north": {"uv": [11, 13, 9, 14], "texture": "#overlay", "cullface": "up"},
				"east": {"uv": [10, 13, 11, 14], "rotation": 90, "texture": "#overlay", "cullface": "up"},
				"south": {"uv": [9, 13, 11, 14], "texture": "#overlay", "cullface": "up"},
				"west": {"uv": [9, 13, 10, 14], "rotation": 270, "texture": "#overlay", "cullface": "up"},
				"up": {"uv": [9, 13, 11, 14], "texture": "#overlay", "cullface": "up"}
			}
		},
		{
			"name": "emerald_1",
			"from": [2, -0.35, 12],
			"to": [4, 0, 14],
			"rotation": {"angle": 0, "axis": "x", "origin": [8, 8, 8]},
			"faces": {
				"north": {"uv": [2, 3, 4, 4], "rotation": 180, "texture": "#overlay", "cullface": "down"},
				"east": {"uv": [3, 2, 4, 4], "rotation": 270, "texture": "#overlay", "cullface": "down"},
				"south": {"uv": [4, 2, 2, 3], "rotation": 180, "texture": "#overlay", "cullface": "down"},
				"west": {"uv": [2, 2, 3, 4], "rotation": 90, "texture": "#overlay", "cullface": "down"},
				"down": {"uv": [2, 2, 4, 4], "texture": "#overlay", "cullface": "down"}
			}
		},
		{
			"name": "emerald_2",
			"from": [10, -0.35, 12],
			"to": [12, 0, 14],
			"rotation": {"angle": 0, "axis": "x", "origin": [8, 8, 8]},
			"faces": {
				"north": {"uv": [10, 3, 12, 4], "rotation": 180, "texture": "#overlay", "cullface": "down"},
				"east": {"uv": [11, 2, 12, 4], "rotation": 270, "texture": "#overlay", "cullface": "down"},
				"south": {"uv": [12, 2, 10, 3], "rotation": 180, "texture": "#overlay", "cullface": "down"},
				"west": {"uv": [10, 2, 11, 4], "rotation": 90, "texture": "#overlay", "cullface": "down"},
				"down": {"uv": [10, 2, 12, 4], "texture": "#overlay", "cullface": "down"}
			}
		},
		{
			"name": "emerald_3",
			"from": [6, -0.65, 8],
			"to": [7, 0, 12],
			"rotation": {"angle": 0, "axis": "x", "origin": [8, 8, 8]},
			"faces": {
				"north": {"uv": [6, 7, 7, 8], "rotation": 180, "texture": "#overlay", "cullface": "down"},
				"east": {"uv": [6, 4, 7, 8], "rotation": 270, "texture": "#overlay", "cullface": "down"},
				"south": {"uv": [7, 4, 6, 5], "rotation": 180, "texture": "#overlay", "cullface": "down"},
				"west": {"uv": [6, 4, 7, 8], "rotation": 90, "texture": "#overlay", "cullface": "down"},
				"down": {"uv": [6, 4, 7, 8], "texture": "#overlay", "cullface": "down"}
			}
		},
		{
			"name": "emerald_4",
			"from": [5, -0.5, 7],
			"to": [6, 0, 11],
			"rotation": {"angle": 0, "axis": "x", "origin": [8, 8, 8]},
			"faces": {
				"north": {"uv": [5, 8, 6, 9], "rotation": 180, "texture": "#overlay", "cullface": "down"},
				"east": {"uv": [5, 5, 6, 9], "rotation": 270, "texture": "#overlay", "cullface": "down"},
				"south": {"uv": [6, 5, 5, 6], "rotation": 180, "texture": "#overlay", "cullface": "down"},
				"west": {"uv": [5, 5, 6, 9], "rotation": 90, "texture": "#overlay", "cullface": "down"},
				"down": {"uv": [5, 5, 6, 9], "texture": "#overlay", "cullface": "down"}
			}
		},
		{
			"name": "emerald_5",
			"from": [7, -0.5, 8],
			"to": [8, 0, 11],
			"rotation": {"angle": 0, "axis": "x", "origin": [8, 8, 8]},
			"faces": {
				"north": {"uv": [7, 7, 8, 8], "rotation": 180, "texture": "#overlay", "cullface": "down"},
				"east": {"uv": [7, 5, 8, 8], "rotation": 270, "texture": "#overlay", "cullface": "down"},
				"south": {"uv": [8, 5, 7, 6], "rotation": 180, "texture": "#overlay", "cullface": "down"},
				"west": {"uv": [7, 5, 8, 8], "rotation": 90, "texture": "#overlay", "cullface": "down"},
				"down": {"uv": [7, 5, 8, 8], "texture": "#overlay", "cullface": "down"}
			}
		},
		{
			"name": "emerald_6",
			"from": [3, -0.35, 8],
			"to": [5, 0, 10],
			"rotation": {"angle": 0, "axis": "x", "origin": [8, 8, 8]},
			"faces": {
				"north": {"uv": [3, 7, 5, 8], "rotation": 180, "texture": "#overlay", "cullface": "down"},
				"east": {"uv": [4, 6, 5, 8], "rotation": 270, "texture": "#overlay", "cullface": "down"},
				"south": {"uv": [5, 6, 3, 7], "rotation": 180, "texture": "#overlay", "cullface": "down"},
				"west": {"uv": [3, 6, 4, 8], "rotation": 90, "texture": "#overlay", "cullface": "down"},
				"down": {"uv": [3, 6, 5, 8], "texture": "#overlay", "cullface": "down"}
			}
		},
		{
			"name": "emerald_7",
			"from": [8, -0.15, 8],
			"to": [9, 0, 10],
			"rotation": {"angle": 0, "axis": "x", "origin": [8, 8, 8]},
			"faces": {
				"north": {"uv": [8, 7, 9, 8], "rotation": 180, "texture": "#overlay", "cullface": "down"},
				"east": {"uv": [8, 6, 9, 8], "rotation": 270, "texture": "#overlay", "cullface": "down"},
				"south": {"uv": [9, 6, 8, 7], "rotation": 180, "texture": "#overlay", "cullface": "down"},
				"west": {"uv": [8, 6, 9, 8], "rotation": 90, "texture": "#overlay", "cullface": "down"},
				"down": {"uv": [8, 6, 9, 8], "texture": "#overlay", "cullface": "down"}
			}
		},
		{
			"name": "emerald_8",
			"from": [13, -0.25, 7],
			"to": [15, 0, 9],
			"rotation": {"angle": 0, "axis": "x", "origin": [8, 8, 8]},
			"faces": {
				"north": {"uv": [13, 8, 15, 9], "rotation": 180, "texture": "#overlay", "cullface": "down"},
				"east": {"uv": [14, 7, 15, 9], "rotation": 270, "texture": "#overlay", "cullface": "down"},
				"south": {"uv": [15, 7, 13, 8], "rotation": 180, "texture": "#overlay", "cullface": "down"},
				"west": {"uv": [13, 7, 14, 9], "rotation": 90, "texture": "#overlay", "cullface": "down"},
				"down": {"uv": [13, 7, 15, 9], "texture": "#overlay", "cullface": "down"}
			}
		},
		{
			"name": "emerald_9",
			"from": [1, -0.15, 6],
			"to": [3, 0, 8],
			"rotation": {"angle": 0, "axis": "x", "origin": [8, 8, 8]},
			"faces": {
				"north": {"uv": [1, 9, 3, 10], "rotation": 180, "texture": "#overlay", "cullface": "down"},
				"east": {"uv": [2, 8, 3, 10], "rotation": 270, "texture": "#overlay", "cullface": "down"},
				"south": {"uv": [3, 8, 1, 9], "rotation": 180, "texture": "#overlay", "cullface": "down"},
				"west": {"uv": [1, 8, 2, 10], "rotation": 90, "texture": "#overlay", "cullface": "down"},
				"down": {"uv": [1, 8, 3, 10], "texture": "#overlay", "cullface": "down"}
			}
		},
		{
			"name": "emerald_10",
			"from": [4, -0.15, 7],
			"to": [5, 0, 8],
			"rotation": {"angle": 0, "axis": "x", "origin": [8, 8, 8]},
			"faces": {
				"north": {"uv": [4, 8, 5, 9], "rotation": 180, "texture": "#overlay", "cullface": "down"},
				"east": {"uv": [4, 8, 5, 9], "rotation": 270, "texture": "#overlay", "cullface": "down"},
				"south": {"uv": [5, 8, 4, 9], "rotation": 180, "texture": "#overlay", "cullface": "down"},
				"west": {"uv": [4, 8, 5, 9], "rotation": 90, "texture": "#overlay", "cullface": "down"},
				"down": {"uv": [4, 8, 5, 9], "texture": "#overlay", "cullface": "down"}
			}
		},
		{
			"name": "emerald_11",
			"from": [9, -0.5, 3],
			"to": [12, 0, 6],
			"rotation": {"angle": 0, "axis": "x", "origin": [8, 8, 8]},
			"faces": {
				"north": {"uv": [9, 12, 12, 13], "rotation": 180, "texture": "#overlay", "cullface": "down"},
				"east": {"uv": [11, 10, 12, 13], "rotation": 270, "texture": "#overlay", "cullface": "down"},
				"south": {"uv": [12, 10, 9, 11], "rotation": 180, "texture": "#overlay", "cullface": "down"},
				"west": {"uv": [9, 10, 10, 13], "rotation": 90, "texture": "#overlay", "cullface": "down"},
				"down": {"uv": [9, 10, 12, 13], "texture": "#overlay", "cullface": "down"}
			}
		},
		{
			"name": "emerald_12",
			"from": [8, -0.15, 3],
			"to": [9, 0, 5],
			"rotation": {"angle": 0, "axis": "x", "origin": [8, 8, 8]},
			"faces": {
				"north": {"uv": [8, 12, 9, 13], "rotation": 180, "texture": "#overlay", "cullface": "down"},
				"east": {"uv": [8, 11, 9, 13], "rotation": 270, "texture": "#overlay", "cullface": "down"},
				"south": {"uv": [9, 11, 8, 12], "rotation": 180, "texture": "#overlay", "cullface": "down"},
				"west": {"uv": [8, 11, 9, 13], "rotation": 90, "texture": "#overlay", "cullface": "down"},
				"down": {"uv": [8, 11, 9, 13], "texture": "#overlay", "cullface": "down"}
			}
		},
		{
			"name": "emerald_13",
			"from": [12, -0.15, 3],
			"to": [13, 0, 5],
			"rotation": {"angle": 0, "axis": "x", "origin": [8, 8, 8]},
			"faces": {
				"north": {"uv": [12, 12, 13, 13], "rotation": 180, "texture": "#overlay", "cullface": "down"},
				"east": {"uv": [12, 11, 13, 13], "rotation": 270, "texture": "#overlay", "cullface": "down"},
				"south": {"uv": [13, 11, 12, 12], "rotation": 180, "texture": "#overlay", "cullface": "down"},
				"west": {"uv": [12, 11, 13, 13], "rotation": 90, "texture": "#overlay", "cullface": "down"},
				"down": {"uv": [12, 11, 13, 13], "texture": "#overlay", "cullface": "down"}
			}
		},
		{
			"name": "emerald_14",
			"from": [4, -0.25, 1],
			"to": [6, 0, 3],
			"rotation": {"angle": 0, "axis": "x", "origin": [8, 8, 8]},
			"faces": {
				"north": {"uv": [4, 14, 6, 15], "rotation": 180, "texture": "#overlay", "cullface": "down"},
				"east": {"uv": [5, 13, 6, 15], "rotation": 270, "texture": "#overlay", "cullface": "down"},
				"south": {"uv": [6, 13, 4, 14], "rotation": 180, "texture": "#overlay", "cullface": "down"},
				"west": {"uv": [4, 13, 5, 15], "rotation": 90, "texture": "#overlay", "cullface": "down"},
				"down": {"uv": [4, 13, 6, 15], "texture": "#overlay", "cullface": "down"}
			}
		},
		{
			"name": "emerald_15",
			"from": [9, -0.35, 2],
			"to": [11, 0, 3],
			"rotation": {"angle": 0, "axis": "x", "origin": [8, 8, 8]},
			"faces": {
				"north": {"uv": [9, 13, 11, 14], "rotation": 180, "texture": "#overlay", "cullface": "down"},
				"east": {"uv": [10, 13, 11, 14], "rotation": 270, "texture": "#overlay", "cullface": "down"},
				"south": {"uv": [11, 13, 9, 14], "rotation": 180, "texture": "#overlay", "cullface": "down"},
				"west": {"uv": [9, 13, 10, 14], "rotation": 90, "texture": "#overlay", "cullface": "down"},
				"down": {"uv": [9, 13, 11, 14], "texture": "#overlay", "cullface": "down"}
			}
		},
		{
			"name": "emerald_0",
			"from": [2, 12, 16],
			"to": [4, 14, 16.35],
			"rotation": {"angle": 0, "axis": "x", "origin": [8, 8, 8]},
			"faces": {
				"east": {"uv": [3, 2, 4, 4], "texture": "#overlay", "cullface": "south"},
				"south": {"uv": [2, 2, 4, 4], "texture": "#overlay", "cullface": "south"},
				"west": {"uv": [2, 2, 3, 4], "texture": "#overlay", "cullface": "south"},
				"up": {"uv": [4, 2, 2, 3], "rotation": 180, "texture": "#overlay", "cullface": "south"},
				"down": {"uv": [2, 3, 4, 4], "texture": "#overlay", "cullface": "south"}
			}
		},
		{
			"name": "emerald_1",
			"from": [10, 12, 16],
			"to": [12, 14, 16.35],
			"rotation": {"angle": 0, "axis": "x", "origin": [8, 8, 8]},
			"faces": {
				"east": {"uv": [11, 2, 12, 4], "texture": "#overlay", "cullface": "south"},
				"south": {"uv": [10, 2, 12, 4], "texture": "#overlay", "cullface": "south"},
				"west": {"uv": [10, 2, 11, 4], "texture": "#overlay", "cullface": "south"},
				"up": {"uv": [12, 2, 10, 3], "rotation": 180, "texture": "#overlay", "cullface": "south"},
				"down": {"uv": [10, 3, 12, 4], "texture": "#overlay", "cullface": "south"}
			}
		},
		{
			"name": "emerald_2",
			"from": [6, 8, 16],
			"to": [7, 12, 16.65],
			"rotation": {"angle": 0, "axis": "x", "origin": [8, 8, 8]},
			"faces": {
				"east": {"uv": [6, 4, 7, 8], "texture": "#overlay", "cullface": "south"},
				"south": {"uv": [6, 4, 7, 8], "texture": "#overlay", "cullface": "south"},
				"west": {"uv": [6, 4, 7, 8], "texture": "#overlay", "cullface": "south"},
				"up": {"uv": [7, 4, 6, 5], "rotation": 180, "texture": "#overlay", "cullface": "south"},
				"down": {"uv": [6, 7, 7, 8], "texture": "#overlay", "cullface": "south"}
			}
		},
		{
			"name": "emerald_3",
			"from": [5, 7, 16],
			"to": [6, 11, 16.5],
			"rotation": {"angle": 0, "axis": "x", "origin": [8, 8, 8]},
			"faces": {
				"east": {"uv": [5, 5, 6, 9], "texture": "#overlay", "cullface": "south"},
				"south": {"uv": [5, 5, 6, 9], "texture": "#overlay", "cullface": "south"},
				"west": {"uv": [5, 5, 6, 9], "texture": "#overlay", "cullface": "south"},
				"up": {"uv": [6, 5, 5, 6], "rotation": 180, "texture": "#overlay", "cullface": "south"},
				"down": {"uv": [5, 8, 6, 9], "texture": "#overlay", "cullface": "south"}
			}
		},
		{
			"name": "emerald_4",
			"from": [7, 8, 16],
			"to": [8, 11, 16.5],
			"rotation": {"angle": 0, "axis": "x", "origin": [8, 8, 8]},
			"faces": {
				"east": {"uv": [7, 5, 8, 8], "texture": "#overlay", "cullface": "south"},
				"south": {"uv": [7, 5, 8, 8], "texture": "#overlay", "cullface": "south"},
				"west": {"uv": [7, 5, 8, 8], "texture": "#overlay", "cullface": "south"},
				"up": {"uv": [8, 5, 7, 6], "rotation": 180, "texture": "#overlay", "cullface": "south"},
				"down": {"uv": [7, 7, 8, 8], "texture": "#overlay", "cullface": "south"}
			}
		},
		{
			"name": "emerald_5",
			"from": [3, 8, 16],
			"to": [5, 10, 16.35],
			"rotation": {"angle": 0, "axis": "x", "origin": [8, 8, 8]},
			"faces": {
				"east": {"uv": [4, 6, 5, 8], "texture": "#overlay", "cullface": "south"},
				"south": {"uv": [3, 6, 5, 8], "texture": "#overlay", "cullface": "south"},
				"west": {"uv": [3, 6, 4, 8], "texture": "#overlay", "cullface": "south"},
				"up": {"uv": [5, 6, 3, 7], "rotation": 180, "texture": "#overlay", "cullface": "south"},
				"down": {"uv": [3, 7, 5, 8], "texture": "#overlay", "cullface": "south"}
			}
		},
		{
			"name": "emerald_6",
			"from": [8, 8, 16],
			"to": [9, 10, 16.15],
			"rotation": {"angle": 0, "axis": "x", "origin": [8, 8, 8]},
			"faces": {
				"east": {"uv": [8, 6, 9, 8], "texture": "#overlay", "cullface": "south"},
				"south": {"uv": [8, 6, 9, 8], "texture": "#overlay", "cullface": "south"},
				"west": {"uv": [8, 6, 9, 8], "texture": "#overlay", "cullface": "south"},
				"up": {"uv": [9, 6, 8, 7], "rotation": 180, "texture": "#overlay", "cullface": "south"},
				"down": {"uv": [8, 7, 9, 8], "texture": "#overlay", "cullface": "south"}
			}
		},
		{
			"name": "emerald_7",
			"from": [13, 7, 16],
			"to": [15, 9, 16.25],
			"rotation": {"angle": 0, "axis": "x", "origin": [8, 8, 8]},
			"faces": {
				"east": {"uv": [14, 7, 15, 9], "texture": "#overlay", "cullface": "south"},
				"south": {"uv": [13, 7, 15, 9], "texture": "#overlay", "cullface": "south"},
				"west": {"uv": [13, 7, 14, 9], "texture": "#overlay", "cullface": "south"},
				"up": {"uv": [15, 7, 13, 8], "rotation": 180, "texture": "#overlay", "cullface": "south"},
				"down": {"uv": [13, 8, 15, 9], "texture": "#overlay", "cullface": "south"}
			}
		},
		{
			"name": "emerald_8",
			"from": [1, 6, 16],
			"to": [3, 8, 16.15],
			"rotation": {"angle": 0, "axis": "x", "origin": [8, 8, 8]},
			"faces": {
				"east": {"uv": [2, 8, 3, 10], "texture": "#overlay", "cullface": "south"},
				"south": {"uv": [1, 8, 3, 10], "texture": "#overlay", "cullface": "south"},
				"west": {"uv": [1, 8, 2, 10], "texture": "#overlay", "cullface": "south"},
				"up": {"uv": [3, 8, 1, 9], "rotation": 180, "texture": "#overlay", "cullface": "south"},
				"down": {"uv": [1, 9, 3, 10], "texture": "#overlay", "cullface": "south"}
			}
		},
		{
			"name": "emerald_9",
			"from": [4, 7, 16],
			"to": [5, 8, 16.15],
			"rotation": {"angle": 0, "axis": "x", "origin": [8, 8, 8]},
			"faces": {
				"east": {"uv": [4, 8, 5, 9], "texture": "#overlay", "cullface": "south"},
				"south": {"uv": [4, 8, 5, 9], "texture": "#overlay", "cullface": "south"},
				"west": {"uv": [4, 8, 5, 9], "texture": "#overlay", "cullface": "south"},
				"up": {"uv": [5, 8, 4, 9], "rotation": 180, "texture": "#overlay", "cullface": "south"},
				"down": {"uv": [4, 8, 5, 9], "texture": "#overlay", "cullface": "south"}
			}
		},
		{
			"name": "emerald_10",
			"from": [9, 3, 16],
			"to": [12, 6, 16.5],
			"rotation": {"angle": 0, "axis": "x", "origin": [8, 8, 8]},
			"faces": {
				"east": {"uv": [11, 10, 12, 13], "texture": "#overlay", "cullface": "south"},
				"south": {"uv": [9, 10, 12, 13], "texture": "#overlay", "cullface": "south"},
				"west": {"uv": [9, 10, 10, 13], "texture": "#overlay", "cullface": "south"},
				"up": {"uv": [12, 10, 9, 11], "rotation": 180, "texture": "#overlay", "cullface": "south"},
				"down": {"uv": [9, 12, 12, 13], "texture": "#overlay", "cullface": "south"}
			}
		},
		{
			"name": "emerald_11",
			"from": [8, 3, 16],
			"to": [9, 5, 16.15],
			"rotation": {"angle": 0, "axis": "x", "origin": [8, 8, 8]},
			"faces": {
				"east": {"uv": [8, 11, 9, 13], "texture": "#overlay", "cullface": "south"},
				"south": {"uv": [8, 11, 9, 13], "texture": "#overlay", "cullface": "south"},
				"west": {"uv": [8, 11, 9, 13], "texture": "#overlay", "cullface": "south"},
				"up": {"uv": [9, 11, 8, 12], "rotation": 180, "texture": "#overlay", "cullface": "south"},
				"down": {"uv": [8, 12, 9, 13], "texture": "#overlay", "cullface": "south"}
			}
		},
		{
			"name": "emerald_12",
			"from": [12, 3, 16],
			"to": [13, 5, 16.15],
			"rotation": {"angle": 0, "axis": "x", "origin": [8, 8, 8]},
			"faces": {
				"east": {"uv": [12, 11, 13, 13], "texture": "#overlay", "cullface": "south"},
				"south": {"uv": [12, 11, 13, 13], "texture": "#overlay", "cullface": "south"},
				"west": {"uv": [12, 11, 13, 13], "texture": "#overlay", "cullface": "south"},
				"up": {"uv": [13, 11, 12, 12], "rotation": 180, "texture": "#overlay", "cullface": "south"},
				"down": {"uv": [12, 12, 13, 13], "texture": "#overlay", "cullface": "south"}
			}
		},
		{
			"name": "emerald_13",
			"from": [4, 1, 16],
			"to": [6, 3, 16.25],
			"rotation": {"angle": 0, "axis": "x", "origin": [8, 8, 8]},
			"faces": {
				"east": {"uv": [5, 13, 6, 15], "texture": "#overlay", "cullface": "south"},
				"south": {"uv": [4, 13, 6, 15], "texture": "#overlay", "cullface": "south"},
				"west": {"uv": [4, 13, 5, 15], "texture": "#overlay", "cullface": "south"},
				"up": {"uv": [6, 13, 4, 14], "rotation": 180, "texture": "#overlay", "cullface": "south"},
				"down": {"uv": [4, 14, 6, 15], "texture": "#overlay", "cullface": "south"}
			}
		},
		{
			"name": "emerald_14",
			"from": [9, 2, 16],
			"to": [11, 3, 16.35],
			"rotation": {"angle": 0, "axis": "x", "origin": [8, 8, 8]},
			"faces": {
				"east": {"uv": [10, 13, 11, 14], "texture": "#overlay", "cullface": "south"},
				"south": {"uv": [9, 13, 11, 14], "texture": "#overlay", "cullface": "south"},
				"west": {"uv": [9, 13, 10, 14], "texture": "#overlay", "cullface": "south"},
				"up": {"uv": [11, 13, 9, 14], "rotation": 180, "texture": "#overlay", "cullface": "south"},
				"down": {"uv": [9, 13, 11, 14], "texture": "#overlay", "cullface": "south"}
			}
		},
		{
			"name": "emerald_1",
			"from": [16, 12, 12],
			"to": [16.35, 14, 14],
			"rotation": {"angle": 0, "axis": "y", "origin": [8, 8, 8]},
			"faces": {
				"north": {"uv": [3, 2, 4, 4], "texture": "#overlay", "cullface": "east"},
				"east": {"uv": [2, 2, 4, 4], "texture": "#overlay", "cullface": "east"},
				"south": {"uv": [2, 2, 3, 4], "texture": "#overlay", "cullface": "east"},
				"up": {"uv": [4, 2, 2, 3], "rotation": 90, "texture": "#overlay", "cullface": "east"},
				"down": {"uv": [2, 3, 4, 4], "rotation": 90, "texture": "#overlay", "cullface": "east"}
			}
		},
		{
			"name": "emerald_2",
			"from": [16, 12, 4],
			"to": [16.35, 14, 6],
			"rotation": {"angle": 0, "axis": "y", "origin": [8, 8, 8]},
			"faces": {
				"north": {"uv": [11, 2, 12, 4], "texture": "#overlay", "cullface": "east"},
				"east": {"uv": [10, 2, 12, 4], "texture": "#overlay", "cullface": "east"},
				"south": {"uv": [10, 2, 11, 4], "texture": "#overlay", "cullface": "east"},
				"up": {"uv": [12, 2, 10, 3], "rotation": 90, "texture": "#overlay", "cullface": "east"},
				"down": {"uv": [10, 3, 12, 4], "rotation": 90, "texture": "#overlay", "cullface": "east"}
			}
		},
		{
			"name": "emerald_3",
			"from": [16, 8, 9],
			"to": [16.65, 12, 10],
			"rotation": {"angle": 0, "axis": "y", "origin": [8, 8, 8]},
			"faces": {
				"north": {"uv": [6, 4, 7, 8], "texture": "#overlay", "cullface": "east"},
				"east": {"uv": [6, 4, 7, 8], "texture": "#overlay", "cullface": "east"},
				"south": {"uv": [6, 4, 7, 8], "texture": "#overlay", "cullface": "east"},
				"up": {"uv": [7, 4, 6, 5], "rotation": 90, "texture": "#overlay", "cullface": "east"},
				"down": {"uv": [6, 7, 7, 8], "rotation": 90, "texture": "#overlay", "cullface": "east"}
			}
		},
		{
			"name": "emerald_4",
			"from": [16, 7, 10],
			"to": [16.5, 11, 11],
			"rotation": {"angle": 0, "axis": "y", "origin": [8, 8, 8]},
			"faces": {
				"north": {"uv": [5, 5, 6, 9], "texture": "#overlay", "cullface": "east"},
				"east": {"uv": [5, 5, 6, 9], "texture": "#overlay", "cullface": "east"},
				"south": {"uv": [5, 5, 6, 9], "texture": "#overlay", "cullface": "east"},
				"up": {"uv": [6, 5, 5, 6], "rotation": 90, "texture": "#overlay", "cullface": "east"},
				"down": {"uv": [5, 8, 6, 9], "rotation": 90, "texture": "#overlay", "cullface": "east"}
			}
		},
		{
			"name": "emerald_5",
			"from": [16, 8, 8],
			"to": [16.5, 11, 9],
			"rotation": {"angle": 0, "axis": "y", "origin": [8, 8, 8]},
			"faces": {
				"north": {"uv": [7, 5, 8, 8], "texture": "#overlay", "cullface": "east"},
				"east": {"uv": [7, 5, 8, 8], "texture": "#overlay", "cullface": "east"},
				"south": {"uv": [7, 5, 8, 8], "texture": "#overlay", "cullface": "east"},
				"up": {"uv": [8, 5, 7, 6], "rotation": 90, "texture": "#overlay", "cullface": "east"},
				"down": {"uv": [7, 7, 8, 8], "rotation": 90, "texture": "#overlay", "cullface": "east"}
			}
		},
		{
			"name": "emerald_6",
			"from": [16, 8, 11],
			"to": [16.35, 10, 13],
			"rotation": {"angle": 0, "axis": "y", "origin": [8, 8, 8]},
			"faces": {
				"north": {"uv": [4, 6, 5, 8], "texture": "#overlay", "cullface": "east"},
				"east": {"uv": [3, 6, 5, 8], "texture": "#overlay", "cullface": "east"},
				"south": {"uv": [3, 6, 4, 8], "texture": "#overlay", "cullface": "east"},
				"up": {"uv": [5, 6, 3, 7], "rotation": 90, "texture": "#overlay", "cullface": "east"},
				"down": {"uv": [3, 7, 5, 8], "rotation": 90, "texture": "#overlay", "cullface": "east"}
			}
		},
		{
			"name": "emerald_7",
			"from": [16, 8, 7],
			"to": [16.15, 10, 8],
			"rotation": {"angle": 0, "axis": "y", "origin": [8, 8, 8]},
			"faces": {
				"north": {"uv": [8, 6, 9, 8], "texture": "#overlay", "cullface": "east"},
				"east": {"uv": [8, 6, 9, 8], "texture": "#overlay", "cullface": "east"},
				"south": {"uv": [8, 6, 9, 8], "texture": "#overlay", "cullface": "east"},
				"up": {"uv": [9, 6, 8, 7], "rotation": 90, "texture": "#overlay", "cullface": "east"},
				"down": {"uv": [8, 7, 9, 8], "rotation": 90, "texture": "#overlay", "cullface": "east"}
			}
		},
		{
			"name": "emerald_8",
			"from": [16, 7, 1],
			"to": [16.25, 9, 3],
			"rotation": {"angle": 0, "axis": "y", "origin": [8, 8, 8]},
			"faces": {
				"north": {"uv": [14, 7, 15, 9], "texture": "#overlay", "cullface": "east"},
				"east": {"uv": [13, 7, 15, 9], "texture": "#overlay", "cullface": "east"},
				"south": {"uv": [13, 7, 14, 9], "texture": "#overlay", "cullface": "east"},
				"up": {"uv": [15, 7, 13, 8], "rotation": 90, "texture": "#overlay", "cullface": "east"},
				"down": {"uv": [13, 8, 15, 9], "rotation": 90, "texture": "#overlay", "cullface": "east"}
			}
		},
		{
			"name": "emerald_9",
			"from": [16, 6, 13],
			"to": [16.15, 8, 15],
			"rotation": {"angle": 0, "axis": "y", "origin": [8, 8, 8]},
			"faces": {
				"north": {"uv": [2, 8, 3, 10], "texture": "#overlay", "cullface": "east"},
				"east": {"uv": [1, 8, 3, 10], "texture": "#overlay", "cullface": "east"},
				"south": {"uv": [1, 8, 2, 10], "texture": "#overlay", "cullface": "east"},
				"up": {"uv": [3, 8, 1, 9], "rotation": 90, "texture": "#overlay", "cullface": "east"},
				"down": {"uv": [1, 9, 3, 10], "rotation": 90, "texture": "#overlay", "cullface": "east"}
			}
		},
		{
			"name": "emerald_10",
			"from": [16, 7, 11],
			"to": [16.15, 8, 12],
			"rotation": {"angle": 0, "axis": "y", "origin": [8, 8, 8]},
			"faces": {
				"north": {"uv": [4, 8, 5, 9], "texture": "#overlay", "cullface": "east"},
				"east": {"uv": [4, 8, 5, 9], "texture": "#overlay", "cullface": "east"},
				"south": {"uv": [4, 8, 5, 9], "texture": "#overlay", "cullface": "east"},
				"up": {"uv": [5, 8, 4, 9], "rotation": 90, "texture": "#overlay", "cullface": "east"},
				"down": {"uv": [4, 8, 5, 9], "rotation": 90, "texture": "#overlay", "cullface": "east"}
			}
		},
		{
			"name": "emerald_11",
			"from": [16, 3, 4],
			"to": [16.5, 6, 7],
			"rotation": {"angle": 0, "axis": "y", "origin": [8, 8, 8]},
			"faces": {
				"north": {"uv": [11, 10, 12, 13], "texture": "#overlay", "cullface": "east"},
				"east": {"uv": [9, 10, 12, 13], "texture": "#overlay", "cullface": "east"},
				"south": {"uv": [9, 10, 10, 13], "texture": "#overlay", "cullface": "east"},
				"up": {"uv": [12, 10, 9, 11], "rotation": 90, "texture": "#overlay", "cullface": "east"},
				"down": {"uv": [9, 12, 12, 13], "rotation": 90, "texture": "#overlay", "cullface": "east"}
			}
		},
		{
			"name": "emerald_12",
			"from": [16, 3, 7],
			"to": [16.15, 5, 8],
			"rotation": {"angle": 0, "axis": "y", "origin": [8, 8, 8]},
			"faces": {
				"north": {"uv": [8, 11, 9, 13], "texture": "#overlay", "cullface": "east"},
				"east": {"uv": [8, 11, 9, 13], "texture": "#overlay", "cullface": "east"},
				"south": {"uv": [8, 11, 9, 13], "texture": "#overlay", "cullface": "east"},
				"up": {"uv": [9, 11, 8, 12], "rotation": 90, "texture": "#overlay", "cullface": "east"},
				"down": {"uv": [8, 12, 9, 13], "rotation": 90, "texture": "#overlay", "cullface": "east"}
			}
		},
		{
			"name": "emerald_13",
			"from": [16, 3, 3],
			"to": [16.15, 5, 4],
			"rotation": {"angle": 0, "axis": "y", "origin": [8, 8, 8]},
			"faces": {
				"north": {"uv": [12, 11, 13, 13], "texture": "#overlay", "cullface": "east"},
				"east": {"uv": [12, 11, 13, 13], "texture": "#overlay", "cullface": "east"},
				"south": {"uv": [12, 11, 13, 13], "texture": "#overlay", "cullface": "east"},
				"up": {"uv": [13, 11, 12, 12], "rotation": 90, "texture": "#overlay", "cullface": "east"},
				"down": {"uv": [12, 12, 13, 13], "rotation": 90, "texture": "#overlay", "cullface": "east"}
			}
		},
		{
			"name": "emerald_14",
			"from": [16, 1, 10],
			"to": [16.25, 3, 12],
			"rotation": {"angle": 0, "axis": "y", "origin": [8, 8, 8]},
			"faces": {
				"north": {"uv": [5, 13, 6, 15], "texture": "#overlay", "cullface": "east"},
				"east": {"uv": [4, 13, 6, 15], "texture": "#overlay", "cullface": "east"},
				"south": {"uv": [4, 13, 5, 15], "texture": "#overlay", "cullface": "east"},
				"up": {"uv": [6, 13, 4, 14], "rotation": 90, "texture": "#overlay", "cullface": "east"},
				"down": {"uv": [4, 14, 6, 15], "rotation": 90, "texture": "#overlay", "cullface": "east"}
			}
		},
		{
			"name": "emerald_15",
			"from": [16, 2, 5],
			"to": [16.35, 3, 7],
			"rotation": {"angle": 0, "axis": "y", "origin": [8, 8, 8]},
			"faces": {
				"north": {"uv": [10, 13, 11, 14], "texture": "#overlay", "cullface": "east"},
				"east": {"uv": [9, 13, 11, 14], "texture": "#overlay", "cullface": "east"},
				"south": {"uv": [9, 13, 10, 14], "texture": "#overlay", "cullface": "east"},
				"up": {"uv": [11, 13, 9, 14], "rotation": 90, "texture": "#overlay", "cullface": "east"},
				"down": {"uv": [9, 13, 11, 14], "rotation": 90, "texture": "#overlay", "cullface": "east"}
			}
		},
		{
			"name": "emerald_1",
			"from": [12, 12, -0.35],
			"to": [14, 14, 0],
			"rotation": {"angle": 0, "axis": "y", "origin": [8, 8, 8]},
			"faces": {
				"north": {"uv": [2, 2, 4, 4], "texture": "#overlay", "cullface": "north"},
				"east": {"uv": [2, 2, 3, 4], "texture": "#overlay", "cullface": "north"},
				"west": {"uv": [3, 2, 4, 4], "texture": "#overlay", "cullface": "north"},
				"up": {"uv": [4, 2, 2, 3], "texture": "#overlay", "cullface": "north"},
				"down": {"uv": [2, 3, 4, 4], "rotation": 180, "texture": "#overlay", "cullface": "north"}
			}
		},
		{
			"name": "emerald_2",
			"from": [4, 12, -0.35],
			"to": [6, 14, 0],
			"rotation": {"angle": 0, "axis": "y", "origin": [8, 8, 8]},
			"faces": {
				"north": {"uv": [10, 2, 12, 4], "texture": "#overlay", "cullface": "north"},
				"east": {"uv": [10, 2, 11, 4], "texture": "#overlay", "cullface": "north"},
				"west": {"uv": [11, 2, 12, 4], "texture": "#overlay", "cullface": "north"},
				"up": {"uv": [12, 2, 10, 3], "texture": "#overlay", "cullface": "north"},
				"down": {"uv": [10, 3, 12, 4], "rotation": 180, "texture": "#overlay", "cullface": "north"}
			}
		},
		{
			"name": "emerald_3",
			"from": [9, 8, -0.65],
			"to": [10, 12, 0],
			"rotation": {"angle": 0, "axis": "y", "origin": [8, 8, 8]},
			"faces": {
				"north": {"uv": [6, 4, 7, 8], "texture": "#overlay", "cullface": "north"},
				"east": {"uv": [6, 4, 7, 8], "texture": "#overlay", "cullface": "north"},
				"west": {"uv": [6, 4, 7, 8], "texture": "#overlay", "cullface": "north"},
				"up": {"uv": [7, 4, 6, 5], "texture": "#overlay", "cullface": "north"},
				"down": {"uv": [6, 7, 7, 8], "rotation": 180, "texture": "#overlay", "cullface": "north"}
			}
		},
		{
			"name": "emerald_4",
			"from": [10, 7, -0.5],
			"to": [11, 11, 0],
			"rotation": {"angle": 0, "axis": "y", "origin": [8, 8, 8]},
			"faces": {
				"north": {"uv": [5, 5, 6, 9], "texture": "#overlay", "cullface": "north"},
				"east": {"uv": [5, 5, 6, 9], "texture": "#overlay", "cullface": "north"},
				"west": {"uv": [5, 5, 6, 9], "texture": "#overlay", "cullface": "north"},
				"up": {"uv": [6, 5, 5, 6], "texture": "#overlay", "cullface": "north"},
				"down": {"uv": [5, 8, 6, 9], "rotation": 180, "texture": "#overlay", "cullface": "north"}
			}
		},
		{
			"name": "emerald_5",
			"from": [8, 8, -0.5],
			"to": [9, 11, 0],
			"rotation": {"angle": 0, "axis": "y", "origin": [8, 8, 8]},
			"faces": {
				"north": {"uv": [7, 5, 8, 8], "texture": "#overlay", "cullface": "north"},
				"east": {"uv": [7, 5, 8, 8], "texture": "#overlay", "cullface": "north"},
				"west": {"uv": [7, 5, 8, 8], "texture": "#overlay", "cullface": "north"},
				"up": {"uv": [8, 5, 7, 6], "texture": "#overlay", "cullface": "north"},
				"down": {"uv": [7, 7, 8, 8], "rotation": 180, "texture": "#overlay", "cullface": "north"}
			}
		},
		{
			"name": "emerald_6",
			"from": [11, 8, -0.35],
			"to": [13, 10, 0],
			"rotation": {"angle": 0, "axis": "y", "origin": [8, 8, 8]},
			"faces": {
				"north": {"uv": [3, 6, 5, 8], "texture": "#overlay", "cullface": "north"},
				"east": {"uv": [3, 6, 4, 8], "texture": "#overlay", "cullface": "north"},
				"west": {"uv": [4, 6, 5, 8], "texture": "#overlay", "cullface": "north"},
				"up": {"uv": [5, 6, 3, 7], "texture": "#overlay", "cullface": "north"},
				"down": {"uv": [3, 7, 5, 8], "rotation": 180, "texture": "#overlay", "cullface": "north"}
			}
		},
		{
			"name": "emerald_7",
			"from": [7, 8, -0.15],
			"to": [8, 10, 0],
			"rotation": {"angle": 0, "axis": "y", "origin": [8, 8, 8]},
			"faces": {
				"north": {"uv": [8, 6, 9, 8], "texture": "#overlay", "cullface": "north"},
				"east": {"uv": [8, 6, 9, 8], "texture": "#overlay", "cullface": "north"},
				"west": {"uv": [8, 6, 9, 8], "texture": "#overlay", "cullface": "north"},
				"up": {"uv": [9, 6, 8, 7], "texture": "#overlay", "cullface": "north"},
				"down": {"uv": [8, 7, 9, 8], "rotation": 180, "texture": "#overlay", "cullface": "north"}
			}
		},
		{
			"name": "emerald_8",
			"from": [1, 7, -0.25],
			"to": [3, 9, 0],
			"rotation": {"angle": 0, "axis": "y", "origin": [8, 8, 8]},
			"faces": {
				"north": {"uv": [13, 7, 15, 9], "texture": "#overlay", "cullface": "north"},
				"east": {"uv": [13, 7, 14, 9], "texture": "#overlay", "cullface": "north"},
				"west": {"uv": [14, 7, 15, 9], "texture": "#overlay", "cullface": "north"},
				"up": {"uv": [15, 7, 13, 8], "texture": "#overlay", "cullface": "north"},
				"down": {"uv": [13, 8, 15, 9], "rotation": 180, "texture": "#overlay", "cullface": "north"}
			}
		},
		{
			"name": "emerald_9",
			"from": [13, 6, -0.15],
			"to": [15, 8, 0],
			"rotation": {"angle": 0, "axis": "y", "origin": [8, 8, 8]},
			"faces": {
				"north": {"uv": [1, 8, 3, 10], "texture": "#overlay", "cullface": "north"},
				"east": {"uv": [1, 8, 2, 10], "texture": "#overlay", "cullface": "north"},
				"west": {"uv": [2, 8, 3, 10], "texture": "#overlay", "cullface": "north"},
				"up": {"uv": [3, 8, 1, 9], "texture": "#overlay", "cullface": "north"},
				"down": {"uv": [1, 9, 3, 10], "rotation": 180, "texture": "#overlay", "cullface": "north"}
			}
		},
		{
			"name": "emerald_10",
			"from": [11, 7, -0.15],
			"to": [12, 8, 0],
			"rotation": {"angle": 0, "axis": "y", "origin": [8, 8, 8]},
			"faces": {
				"north": {"uv": [4, 8, 5, 9], "texture": "#overlay", "cullface": "north"},
				"east": {"uv": [4, 8, 5, 9], "texture": "#overlay", "cullface": "north"},
				"west": {"uv": [4, 8, 5, 9], "texture": "#overlay", "cullface": "north"},
				"up": {"uv": [5, 8, 4, 9], "texture": "#overlay", "cullface": "north"},
				"down": {"uv": [4, 8, 5, 9], "rotation": 180, "texture": "#overlay", "cullface": "north"}
			}
		},
		{
			"name": "emerald_11",
			"from": [4, 3, -0.5],
			"to": [7, 6, 0],
			"rotation": {"angle": 0, "axis": "y", "origin": [8, 8, 8]},
			"faces": {
				"north": {"uv": [9, 10, 12, 13], "texture": "#overlay", "cullface": "north"},
				"east": {"uv": [9, 10, 10, 13], "texture": "#overlay", "cullface": "north"},
				"west": {"uv": [11, 10, 12, 13], "texture": "#overlay", "cullface": "north"},
				"up": {"uv": [12, 10, 9, 11], "texture": "#overlay", "cullface": "north"},
				"down": {"uv": [9, 12, 12, 13], "rotation": 180, "texture": "#overlay", "cullface": "north"}
			}
		},
		{
			"name": "emerald_12",
			"from": [7, 3, -0.15],
			"to": [8, 5, 0],
			"rotation": {"angle": 0, "axis": "y", "origin": [8, 8, 8]},
			"faces": {
				"north": {"uv": [8, 11, 9, 13], "texture": "#overlay", "cullface": "north"},
				"east": {"uv": [8, 11, 9, 13], "texture": "#overlay", "cullface": "north"},
				"west": {"uv": [8, 11, 9, 13], "texture": "#overlay", "cullface": "north"},
				"up": {"uv": [9, 11, 8, 12], "texture": "#overlay", "cullface": "north"},
				"down": {"uv": [8, 12, 9, 13], "rotation": 180, "texture": "#overlay", "cullface": "north"}
			}
		},
		{
			"name": "emerald_13",
			"from": [3, 3, -0.15],
			"to": [4, 5, 0],
			"rotation": {"angle": 0, "axis": "y", "origin": [8, 8, 8]},
			"faces": {
				"north": {"uv": [12, 11, 13, 13], "texture": "#overlay", "cullface": "north"},
				"east": {"uv": [12, 11, 13, 13], "texture": "#overlay", "cullface": "north"},
				"west": {"uv": [12, 11, 13, 13], "texture": "#overlay", "cullface": "north"},
				"up": {"uv": [13, 11, 12, 12], "texture": "#overlay", "cullface": "north"},
				"down": {"uv": [12, 12, 13, 13], "rotation": 180, "texture": "#overlay", "cullface": "north"}
			}
		},
		{
			"name": "emerald_14",
			"from": [10, 1, -0.25],
			"to": [12, 3, 0],
			"rotation": {"angle": 0, "axis": "y", "origin": [8, 8, 8]},
			"faces": {
				"north": {"uv": [4, 13, 6, 15], "texture": "#overlay", "cullface": "north"},
				"east": {"uv": [4, 13, 5, 15], "texture": "#overlay", "cullface": "north"},
				"west": {"uv": [5, 13, 6, 15], "texture": "#overlay", "cullface": "north"},
				"up": {"uv": [6, 13, 4, 14], "texture": "#overlay", "cullface": "north"},
				"down": {"uv": [4, 14, 6, 15], "rotation": 180, "texture": "#overlay", "cullface": "north"}
			}
		},
		{
			"name": "emerald_15",
			"from": [5, 2, -0.35],
			"to": [7, 3, 0],
			"rotation": {"angle": 0, "axis": "y", "origin": [8, 8, 8]},
			"faces": {
				"north": {"uv": [9, 13, 11, 14], "texture": "#overlay", "cullface": "north"},
				"east": {"uv": [9, 13, 10, 14], "texture": "#overlay", "cullface": "north"},
				"west": {"uv": [10, 13, 11, 14], "texture": "#overlay", "cullface": "north"},
				"up": {"uv": [11, 13, 9, 14], "texture": "#overlay", "cullface": "north"},
				"down": {"uv": [9, 13, 11, 14], "rotation": 180, "texture": "#overlay", "cullface": "north"}
			}
		},
		{
			"name": "emerald_2",
			"from": [-0.35, 12, 2],
			"to": [0, 14, 4],
			"rotation": {"angle": 0, "axis": "y", "origin": [8, 8, 8]},
			"faces": {
				"north": {"uv": [2, 2, 3, 4], "texture": "#overlay", "cullface": "west"},
				"south": {"uv": [3, 2, 4, 4], "texture": "#overlay", "cullface": "west"},
				"west": {"uv": [2, 2, 4, 4], "texture": "#overlay", "cullface": "west"},
				"up": {"uv": [4, 2, 2, 3], "rotation": 270, "texture": "#overlay", "cullface": "west"},
				"down": {"uv": [2, 3, 4, 4], "rotation": 270, "texture": "#overlay", "cullface": "west"}
			}
		},
		{
			"name": "emerald_3",
			"from": [-0.35, 12, 10],
			"to": [0, 14, 12],
			"rotation": {"angle": 0, "axis": "y", "origin": [8, 8, 8]},
			"faces": {
				"north": {"uv": [10, 2, 11, 4], "texture": "#overlay", "cullface": "west"},
				"south": {"uv": [11, 2, 12, 4], "texture": "#overlay", "cullface": "west"},
				"west": {"uv": [10, 2, 12, 4], "texture": "#overlay", "cullface": "west"},
				"up": {"uv": [12, 2, 10, 3], "rotation": 270, "texture": "#overlay", "cullface": "west"},
				"down": {"uv": [10, 3, 12, 4], "rotation": 270, "texture": "#overlay", "cullface": "west"}
			}
		},
		{
			"name": "emerald_4",
			"from": [-0.65, 8, 6],
			"to": [0, 12, 7],
			"rotation": {"angle": 0, "axis": "y", "origin": [8, 8, 8]},
			"faces": {
				"north": {"uv": [6, 4, 7, 8], "texture": "#overlay", "cullface": "west"},
				"south": {"uv": [6, 4, 7, 8], "texture": "#overlay", "cullface": "west"},
				"west": {"uv": [6, 4, 7, 8], "texture": "#overlay", "cullface": "west"},
				"up": {"uv": [7, 4, 6, 5], "rotation": 270, "texture": "#overlay", "cullface": "west"},
				"down": {"uv": [6, 7, 7, 8], "rotation": 270, "texture": "#overlay", "cullface": "west"}
			}
		},
		{
			"name": "emerald_5",
			"from": [-0.5, 7, 5],
			"to": [0, 11, 6],
			"rotation": {"angle": 0, "axis": "y", "origin": [8, 8, 8]},
			"faces": {
				"north": {"uv": [5, 5, 6, 9], "texture": "#overlay", "cullface": "west"},
				"south": {"uv": [5, 5, 6, 9], "texture": "#overlay", "cullface": "west"},
				"west": {"uv": [5, 5, 6, 9], "texture": "#overlay", "cullface": "west"},
				"up": {"uv": [6, 5, 5, 6], "rotation": 270, "texture": "#overlay", "cullface": "west"},
				"down": {"uv": [5, 8, 6, 9], "rotation": 270, "texture": "#overlay", "cullface": "west"}
			}
		},
		{
			"name": "emerald_6",
			"from": [-0.5, 8, 7],
			"to": [0, 11, 8],
			"rotation": {"angle": 0, "axis": "y", "origin": [8, 8, 8]},
			"faces": {
				"north": {"uv": [7, 5, 8, 8], "texture": "#overlay", "cullface": "west"},
				"south": {"uv": [7, 5, 8, 8], "texture": "#overlay", "cullface": "west"},
				"west": {"uv": [7, 5, 8, 8], "texture": "#overlay", "cullface": "west"},
				"up": {"uv": [8, 5, 7, 6], "rotation": 270, "texture": "#overlay", "cullface": "west"},
				"down": {"uv": [7, 7, 8, 8], "rotation": 270, "texture": "#overlay", "cullface": "west"}
			}
		},
		{
			"name": "emerald_7",
			"from": [-0.35, 8, 3],
			"to": [0, 10, 5],
			"rotation": {"angle": 0, "axis": "y", "origin": [8, 8, 8]},
			"faces": {
				"north": {"uv": [3, 6, 4, 8], "texture": "#overlay", "cullface": "west"},
				"south": {"uv": [4, 6, 5, 8], "texture": "#overlay", "cullface": "west"},
				"west": {"uv": [3, 6, 5, 8], "texture": "#overlay", "cullface": "west"},
				"up": {"uv": [5, 6, 3, 7], "rotation": 270, "texture": "#overlay", "cullface": "west"},
				"down": {"uv": [3, 7, 5, 8], "rotation": 270, "texture": "#overlay", "cullface": "west"}
			}
		},
		{
			"name": "emerald_8",
			"from": [-0.15, 8, 8],
			"to": [0, 10, 9],
			"rotation": {"angle": 0, "axis": "y", "origin": [8, 8, 8]},
			"faces": {
				"north": {"uv": [8, 6, 9, 8], "texture": "#overlay", "cullface": "west"},
				"south": {"uv": [8, 6, 9, 8], "texture": "#overlay", "cullface": "west"},
				"west": {"uv": [8, 6, 9, 8], "texture": "#overlay", "cullface": "west"},
				"up": {"uv": [9, 6, 8, 7], "rotation": 270, "texture": "#overlay", "cullface": "west"},
				"down": {"uv": [8, 7, 9, 8], "rotation": 270, "texture": "#overlay", "cullface": "west"}
			}
		},
		{
			"name": "emerald_9",
			"from": [-0.25, 7, 13],
			"to": [0, 9, 15],
			"rotation": {"angle": 0, "axis": "y", "origin": [8, 8, 8]},
			"faces": {
				"north": {"uv": [13, 7, 14, 9], "texture": "#overlay", "cullface": "west"},
				"south": {"uv": [14, 7, 15, 9], "texture": "#overlay", "cullface": "west"},
				"west": {"uv": [13, 7, 15, 9], "texture": "#overlay", "cullface": "west"},
				"up": {"uv": [15, 7, 13, 8], "rotation": 270, "texture": "#overlay", "cullface": "west"},
				"down": {"uv": [13, 8, 15, 9], "rotation": 270, "texture": "#overlay", "cullface": "west"}
			}
		},
		{
			"name": "emerald_10",
			"from": [-0.15, 6, 1],
			"to": [0, 8, 3],
			"rotation": {"angle": 0, "axis": "y", "origin": [8, 8, 8]},
			"faces": {
				"north": {"uv": [1, 8, 2, 10], "texture": "#overlay", "cullface": "west"},
				"south": {"uv": [2, 8, 3, 10], "texture": "#overlay", "cullface": "west"},
				"west": {"uv": [1, 8, 3, 10], "texture": "#overlay", "cullface": "west"},
				"up": {"uv": [3, 8, 1, 9], "rotation": 270, "texture": "#overlay", "cullface": "west"},
				"down": {"uv": [1, 9, 3, 10], "rotation": 270, "texture": "#overlay", "cullface": "west"}
			}
		},
		{
			"name": "emerald_11",
			"from": [-0.15, 7, 4],
			"to": [0, 8, 5],
			"rotation": {"angle": 0, "axis": "y", "origin": [8, 8, 8]},
			"faces": {
				"north": {"uv": [4, 8, 5, 9], "texture": "#overlay", "cullface": "west"},
				"south": {"uv": [4, 8, 5, 9], "texture": "#overlay", "cullface": "west"},
				"west": {"uv": [4, 8, 5, 9], "texture": "#overlay", "cullface": "west"},
				"up": {"uv": [5, 8, 4, 9], "rotation": 270, "texture": "#overlay", "cullface": "west"},
				"down": {"uv": [4, 8, 5, 9], "rotation": 270, "texture": "#overlay", "cullface": "west"}
			}
		},
		{
			"name": "emerald_12",
			"from": [-0.5, 3, 9],
			"to": [0, 6, 12],
			"rotation": {"angle": 0, "axis": "y", "origin": [8, 8, 8]},
			"faces": {
				"north": {"uv": [9, 10, 10, 13], "texture": "#overlay", "cullface": "west"},
				"south": {"uv": [11, 10, 12, 13], "texture": "#overlay", "cullface": "west"},
				"west": {"uv": [9, 10, 12, 13], "texture": "#overlay", "cullface": "west"},
				"up": {"uv": [12, 10, 9, 11], "rotation": 270, "texture": "#overlay", "cullface": "west"},
				"down": {"uv": [9, 12, 12, 13], "rotation": 270, "texture": "#overlay", "cullface": "west"}
			}
		},
		{
			"name": "emerald_13",
			"from": [-0.15, 3, 8],
			"to": [0, 5, 9],
			"rotation": {"angle": 0, "axis": "y", "origin": [8, 8, 8]},
			"faces": {
				"north": {"uv": [8, 11, 9, 13], "texture": "#overlay", "cullface": "west"},
				"south": {"uv": [8, 11, 9, 13], "texture": "#overlay", "cullface": "west"},
				"west": {"uv": [8, 11, 9, 13], "texture": "#overlay", "cullface": "west"},
				"up": {"uv": [9, 11, 8, 12], "rotation": 270, "texture": "#overlay", "cullface": "west"},
				"down": {"uv": [8, 12, 9, 13], "rotation": 270, "texture": "#overlay", "cullface": "west"}
			}
		},
		{
			"name": "emerald_14",
			"from": [-0.15, 3, 12],
			"to": [0, 5, 13],
			"rotation": {"angle": 0, "axis": "y", "origin": [8, 8, 8]},
			"faces": {
				"north": {"uv": [12, 11, 13, 13], "texture": "#overlay", "cullface": "west"},
				"south": {"uv": [12, 11, 13, 13], "texture": "#overlay", "cullface": "west"},
				"west": {"uv": [12, 11, 13, 13], "texture": "#overlay", "cullface": "west"},
				"up": {"uv": [13, 11, 12, 12], "rotation": 270, "texture": "#overlay", "cullface": "west"},
				"down": {"uv": [12, 12, 13, 13], "rotation": 270, "texture": "#overlay", "cullface": "west"}
			}
		},
		{
			"name": "emerald_15",
			"from": [-0.25, 1, 4],
			"to": [0, 3, 6],
			"rotation": {"angle": 0, "axis": "y", "origin": [8, 8, 8]},
			"faces": {
				"north": {"uv": [4, 13, 5, 15], "texture": "#overlay", "cullface": "west"},
				"south": {"uv": [5, 13, 6, 15], "texture": "#overlay", "cullface": "west"},
				"west": {"uv": [4, 13, 6, 15], "texture": "#overlay", "cullface": "west"},
				"up": {"uv": [6, 13, 4, 14], "rotation": 270, "texture": "#overlay", "cullface": "west"},
				"down": {"uv": [4, 14, 6, 15], "rotation": 270, "texture": "#overlay", "cullface": "west"}
			}
		},
		{
			"name": "emerald_16",
			"from": [-0.35, 2, 9],
			"to": [0, 3, 11],
			"rotation": {"angle": 0, "axis": "y", "origin": [8, 8, 8]},
			"faces": {
				"north": {"uv": [9, 13, 10, 14], "texture": "#overlay", "cullface": "west"},
				"south": {"uv": [10, 13, 11, 14], "texture": "#overlay", "cullface": "west"},
				"west": {"uv": [9, 13, 11, 14], "texture": "#overlay", "cullface": "west"},
				"up": {"uv": [11, 13, 9, 14], "rotation": 270, "texture": "#overlay", "cullface": "west"},
				"down": {"uv": [9, 13, 11, 14], "rotation": 270, "texture": "#overlay", "cullface": "west"}
			}
		}
	],
	"groups": [
		0,
		{
			"name": "emerald",
			"origin": [8, 8, 8],
			"color": 0,
			"children": [1, 2, 3, 4, 5, 6, 7, 8, 9, 10, 11, 12, 13, 14, 15]
		},
		{
			"name": "emerald",
			"origin": [8, 8, 8],
			"color": 0,
			"children": [16, 17, 18, 19, 20, 21, 22, 23, 24, 25, 26, 27, 28, 29, 30]
		},
		{
			"name": "emerald",
			"origin": [8, 8, 8],
			"color": 0,
			"children": [31, 32, 33, 34, 35, 36, 37, 38, 39, 40, 41, 42, 43, 44, 45]
		},
		{
			"name": "emerald",
			"origin": [8, 8, 8],
			"color": 0,
			"children": [46, 47, 48, 49, 50, 51, 52, 53, 54, 55, 56, 57, 58, 59, 60]
		},
		{
			"name": "emerald",
			"origin": [8, 8, 8],
			"color": 0,
			"children": [61, 62, 63, 64, 65, 66, 67, 68, 69, 70, 71, 72, 73, 74, 75]
		},
		{
			"name": "emerald",
			"origin": [8, 8, 8],
			"color": 0,
			"children": [76, 77, 78, 79, 80, 81, 82, 83, 84, 85, 86, 87, 88, 89, 90]
		}
	]
}