{
	"credit": "Made with Blockbench",
	"parent": "block/block",
	"elements": [
		{
			"from": [0, 0, 0],
			"to": [16, 16, 16],
			"rotation": {"angle": 0, "axis": "y", "origin": [8, 8, 8]},
			"faces": {
				"north": {"uv": [0, 0, 16, 16], "texture": "#all", "cullface": "north"},
				"east": {"uv": [0, 0, 16, 16], "texture": "#all", "cullface": "east"},
				"south": {"uv": [0, 0, 16, 16], "texture": "#all", "cullface": "south"},
				"west": {"uv": [0, 0, 16, 16], "texture": "#all", "cullface": "west"},
				"up": {"uv": [0, 0, 16, 16], "texture": "#all", "cullface": "up"},
				"down": {"uv": [0, 0, 16, 16], "texture": "#all", "cullface": "down"}
			}
		},
		{
			"name": "gypsum_1",
			"from": [2, -0.3, 13],
			"to": [4, 0, 16],
			"rotation": {"angle": 0, "axis": "x", "origin": [8, 8, 8]},
			"faces": {
				"north": {"uv": [2, 2, 4, 3], "rotation": 180, "texture": "#overlay", "cullface": "down"},
				"east": {"uv": [3, 0, 4, 3], "rotation": 270, "texture": "#overlay", "cullface": "down"},
				"south": {"uv": [4, 0, 2, 1], "rotation": 180, "texture": "#overlay", "cullface": "down"},
				"west": {"uv": [2, 0, 3, 3], "rotation": 90, "texture": "#overlay", "cullface": "down"},
				"down": {"uv": [2, 0, 4, 3], "texture": "#overlay", "cullface": "down"}
			}
		},
		{
			"name": "gypsum_2",
			"from": [6, -0.15, 15],
			"to": [8, 0, 16],
			"rotation": {"angle": 0, "axis": "x", "origin": [8, 8, 8]},
			"faces": {
				"north": {"uv": [6, 0, 8, 1], "rotation": 180, "texture": "#overlay", "cullface": "down"},
				"east": {"uv": [7, 0, 8, 1], "rotation": 270, "texture": "#overlay", "cullface": "down"},
				"south": {"uv": [8, 0, 6, 1], "rotation": 180, "texture": "#overlay", "cullface": "down"},
				"west": {"uv": [6, 0, 7, 1], "rotation": 90, "texture": "#overlay", "cullface": "down"},
				"down": {"uv": [6, 0, 8, 1], "texture": "#overlay", "cullface": "down"}
			}
		},
		{
			"name": "gypsum_3",
			"from": [14, -0.15, 15],
			"to": [16, 0, 16],
			"rotation": {"angle": 0, "axis": "x", "origin": [8, 8, 8]},
			"faces": {
				"north": {"uv": [14, 0, 16, 1], "rotation": 180, "texture": "#overlay", "cullface": "down"},
				"east": {"uv": [15, 0, 16, 1], "rotation": 270, "texture": "#overlay", "cullface": "down"},
				"south": {"uv": [16, 0, 14, 1], "rotation": 180, "texture": "#overlay", "cullface": "down"},
				"west": {"uv": [14, 0, 15, 1], "rotation": 90, "texture": "#overlay", "cullface": "down"},
				"down": {"uv": [14, 0, 16, 1], "texture": "#overlay", "cullface": "down"}
			}
		},
		{
			"name": "gypsum_4",
			"from": [7, -0.25, 13],
			"to": [9, 0, 15],
			"rotation": {"angle": 0, "axis": "x", "origin": [8, 8, 8]},
			"faces": {
				"north": {"uv": [7, 2, 9, 3], "rotation": 180, "texture": "#overlay", "cullface": "down"},
				"east": {"uv": [8, 1, 9, 3], "rotation": 270, "texture": "#overlay", "cullface": "down"},
				"south": {"uv": [9, 1, 7, 2], "rotation": 180, "texture": "#overlay", "cullface": "down"},
				"west": {"uv": [7, 1, 8, 3], "rotation": 90, "texture": "#overlay", "cullface": "down"},
				"down": {"uv": [7, 1, 9, 3], "texture": "#overlay", "cullface": "down"}
			}
		},
		{
			"name": "gypsum_5",
			"from": [14, -0.15, 13],
			"to": [15, 0, 15],
			"rotation": {"angle": 0, "axis": "x", "origin": [8, 8, 8]},
			"faces": {
				"north": {"uv": [14, 2, 15, 3], "rotation": 180, "texture": "#overlay", "cullface": "down"},
				"east": {"uv": [14, 1, 15, 3], "rotation": 270, "texture": "#overlay", "cullface": "down"},
				"south": {"uv": [15, 1, 14, 2], "rotation": 180, "texture": "#overlay", "cullface": "down"},
				"west": {"uv": [14, 1, 15, 3], "rotation": 90, "texture": "#overlay", "cullface": "down"},
				"down": {"uv": [14, 1, 15, 3], "texture": "#overlay", "cullface": "down"}
			}
		},
		{
			"name": "gypsum_6",
			"from": [13, -0.5, 6],
			"to": [14, 0, 14],
			"rotation": {"angle": 0, "axis": "x", "origin": [8, 8, 8]},
			"faces": {
				"north": {"uv": [13, 9, 14, 10], "rotation": 180, "texture": "#overlay", "cullface": "down"},
				"east": {"uv": [13, 2, 14, 10], "rotation": 270, "texture": "#overlay", "cullface": "down"},
				"south": {"uv": [14, 2, 13, 3], "rotation": 180, "texture": "#overlay", "cullface": "down"},
				"west": {"uv": [13, 2, 14, 10], "rotation": 90, "texture": "#overlay", "cullface": "down"},
				"down": {"uv": [13, 2, 14, 10], "texture": "#overlay", "cullface": "down"}
			}
		},
		{
			"name": "gypsum_7",
			"from": [3, -0.65, 8],
			"to": [5, 0, 13],
			"rotation": {"angle": 0, "axis": "x", "origin": [8, 8, 8]},
			"faces": {
				"north": {"uv": [3, 7, 5, 8], "rotation": 180, "texture": "#overlay", "cullface": "down"},
				"east": {"uv": [4, 3, 5, 8], "rotation": 270, "texture": "#overlay", "cullface": "down"},
				"south": {"uv": [5, 3, 3, 4], "rotation": 180, "texture": "#overlay", "cullface": "down"},
				"west": {"uv": [3, 3, 4, 8], "rotation": 90, "texture": "#overlay", "cullface": "down"},
				"down": {"uv": [3, 3, 5, 8], "texture": "#overlay", "cullface": "down"}
			}
		},
		{
			"name": "gypsum_8",
			"from": [8, -0.15, 11],
			"to": [9, 0, 13],
			"rotation": {"angle": 0, "axis": "x", "origin": [8, 8, 8]},
			"faces": {
				"north": {"uv": [8, 4, 9, 5], "rotation": 180, "texture": "#overlay", "cullface": "down"},
				"east": {"uv": [8, 3, 9, 5], "rotation": 270, "texture": "#overlay", "cullface": "down"},
				"south": {"uv": [9, 3, 8, 4], "rotation": 180, "texture": "#overlay", "cullface": "down"},
				"west": {"uv": [8, 3, 9, 5], "rotation": 90, "texture": "#overlay", "cullface": "down"},
				"down": {"uv": [8, 3, 9, 5], "texture": "#overlay", "cullface": "down"}
			}
		},
		{
			"name": "gypsum_9",
			"from": [11, -0.15, 11],
			"to": [12, 0, 13],
			"rotation": {"angle": 0, "axis": "x", "origin": [8, 8, 8]},
			"faces": {
				"north": {"uv": [11, 4, 12, 5], "rotation": 180, "texture": "#overlay", "cullface": "down"},
				"east": {"uv": [11, 3, 12, 5], "rotation": 270, "texture": "#overlay", "cullface": "down"},
				"south": {"uv": [12, 3, 11, 4], "rotation": 180, "texture": "#overlay", "cullface": "down"},
				"west": {"uv": [11, 3, 12, 5], "rotation": 90, "texture": "#overlay", "cullface": "down"},
				"down": {"uv": [11, 3, 12, 5], "texture": "#overlay", "cullface": "down"}
			}
		},
		{
			"name": "gypsum_10",
			"from": [9, -0.3, 7],
			"to": [10, 0, 12],
			"rotation": {"angle": 0, "axis": "x", "origin": [8, 8, 8]},
			"faces": {
				"north": {"uv": [9, 8, 10, 9], "rotation": 180, "texture": "#overlay", "cullface": "down"},
				"east": {"uv": [9, 4, 10, 9], "rotation": 270, "texture": "#overlay", "cullface": "down"},
				"south": {"uv": [10, 4, 9, 5], "rotation": 180, "texture": "#overlay", "cullface": "down"},
				"west": {"uv": [9, 4, 10, 9], "rotation": 90, "texture": "#overlay", "cullface": "down"},
				"down": {"uv": [9, 4, 10, 9], "texture": "#overlay", "cullface": "down"}
			}
		},
		{
			"name": "gypsum_11",
			"from": [12, -0.65, 1],
			"to": [13, 0, 12],
			"rotation": {"angle": 0, "axis": "x", "origin": [8, 8, 8]},
			"faces": {
				"north": {"uv": [12, 14, 13, 15], "rotation": 180, "texture": "#overlay", "cullface": "down"},
				"east": {"uv": [12, 4, 13, 15], "rotation": 270, "texture": "#overlay", "cullface": "down"},
				"south": {"uv": [13, 4, 12, 5], "rotation": 180, "texture": "#overlay", "cullface": "down"},
				"west": {"uv": [12, 4, 13, 15], "rotation": 90, "texture": "#overlay", "cullface": "down"},
				"down": {"uv": [12, 4, 13, 15], "texture": "#overlay", "cullface": "down"}
			}
		},
		{
			"name": "gypsum_12",
			"from": [0, -0.25, 8],
			"to": [1, 0, 11],
			"rotation": {"angle": 0, "axis": "x", "origin": [8, 8, 8]},
			"faces": {
				"north": {"uv": [0, 7, 1, 8], "rotation": 180, "texture": "#overlay", "cullface": "down"},
				"east": {"uv": [0, 5, 1, 8], "rotation": 270, "texture": "#overlay", "cullface": "down"},
				"south": {"uv": [1, 5, 0, 6], "rotation": 180, "texture": "#overlay", "cullface": "down"},
				"west": {"uv": [0, 5, 1, 8], "rotation": 90, "texture": "#overlay", "cullface": "down"},
				"down": {"uv": [0, 5, 1, 8], "texture": "#overlay", "cullface": "down"}
			}
		},
		{
			"name": "gypsum_13",
			"from": [5, -0.5, 2],
			"to": [6, 0, 11],
			"rotation": {"angle": 0, "axis": "x", "origin": [8, 8, 8]},
			"faces": {
				"north": {"uv": [5, 13, 6, 14], "rotation": 180, "texture": "#overlay", "cullface": "down"},
				"east": {"uv": [5, 5, 6, 14], "rotation": 270, "texture": "#overlay", "cullface": "down"},
				"south": {"uv": [6, 5, 5, 6], "rotation": 180, "texture": "#overlay", "cullface": "down"},
				"west": {"uv": [5, 5, 6, 14], "rotation": 90, "texture": "#overlay", "cullface": "down"},
				"down": {"uv": [5, 5, 6, 14], "texture": "#overlay", "cullface": "down"}
			}
		},
		{
			"name": "gypsum_14",
			"from": [1, -0.15, 7],
			"to": [2, 0, 9],
			"rotation": {"angle": 0, "axis": "x", "origin": [8, 8, 8]},
			"faces": {
				"north": {"uv": [1, 8, 2, 9], "rotation": 180, "texture": "#overlay", "cullface": "down"},
				"east": {"uv": [1, 7, 2, 9], "rotation": 270, "texture": "#overlay", "cullface": "down"},
				"south": {"uv": [2, 7, 1, 8], "rotation": 180, "texture": "#overlay", "cullface": "down"},
				"west": {"uv": [1, 7, 2, 9], "rotation": 90, "texture": "#overlay", "cullface": "down"},
				"down": {"uv": [1, 7, 2, 9], "texture": "#overlay", "cullface": "down"}
			}
		},
		{
			"name": "gypsum_15",
			"from": [6, -0.5, 1],
			"to": [7, 0, 9],
			"rotation": {"angle": 0, "axis": "x", "origin": [8, 8, 8]},
			"faces": {
				"north": {"uv": [6, 14, 7, 15], "rotation": 180, "texture": "#overlay", "cullface": "down"},
				"east": {"uv": [6, 7, 7, 15], "rotation": 270, "texture": "#overlay", "cullface": "down"},
				"south": {"uv": [7, 7, 6, 8], "rotation": 180, "texture": "#overlay", "cullface": "down"},
				"west": {"uv": [6, 7, 7, 15], "rotation": 90, "texture": "#overlay", "cullface": "down"},
				"down": {"uv": [6, 7, 7, 15], "texture": "#overlay", "cullface": "down"}
			}
		},
		{
			"name": "gypsum_16",
			"from": [10, -0.15, 7],
			"to": [11, 0, 9],
			"rotation": {"angle": 0, "axis": "x", "origin": [8, 8, 8]},
			"faces": {
				"north": {"uv": [10, 8, 11, 9], "rotation": 180, "texture": "#overlay", "cullface": "down"},
				"east": {"uv": [10, 7, 11, 9], "rotation": 270, "texture": "#overlay", "cullface": "down"},
				"south": {"uv": [11, 7, 10, 8], "rotation": 180, "texture": "#overlay", "cullface": "down"},
				"west": {"uv": [10, 7, 11, 9], "rotation": 90, "texture": "#overlay", "cullface": "down"},
				"down": {"uv": [10, 7, 11, 9], "texture": "#overlay", "cullface": "down"}
			}
		},
		{
			"name": "gypsum_17",
			"from": [15, -0.15, 7],
			"to": [16, 0, 9],
			"rotation": {"angle": 0, "axis": "x", "origin": [8, 8, 8]},
			"faces": {
				"north": {"uv": [15, 8, 16, 9], "rotation": 180, "texture": "#overlay", "cullface": "down"},
				"east": {"uv": [15, 7, 16, 9], "rotation": 270, "texture": "#overlay", "cullface": "down"},
				"south": {"uv": [16, 7, 15, 8], "rotation": 180, "texture": "#overlay", "cullface": "down"},
				"west": {"uv": [15, 7, 16, 9], "rotation": 90, "texture": "#overlay", "cullface": "down"},
				"down": {"uv": [15, 7, 16, 9], "texture": "#overlay", "cullface": "down"}
			}
		},
		{
			"name": "gypsum_18",
			"from": [4, -0.65, 4],
			"to": [5, 0, 8],
			"rotation": {"angle": 0, "axis": "x", "origin": [8, 8, 8]},
			"faces": {
				"north": {"uv": [4, 11, 5, 12], "rotation": 180, "texture": "#overlay", "cullface": "down"},
				"east": {"uv": [4, 8, 5, 12], "rotation": 270, "texture": "#overlay", "cullface": "down"},
				"south": {"uv": [5, 8, 4, 9], "rotation": 180, "texture": "#overlay", "cullface": "down"},
				"west": {"uv": [4, 8, 5, 12], "rotation": 90, "texture": "#overlay", "cullface": "down"},
				"down": {"uv": [4, 8, 5, 12], "texture": "#overlay", "cullface": "down"}
			}
		},
		{
			"name": "gypsum_19",
			"from": [8, -0.25, 5],
			"to": [9, 0, 8],
			"rotation": {"angle": 0, "axis": "x", "origin": [8, 8, 8]},
			"faces": {
				"north": {"uv": [8, 10, 9, 11], "rotation": 180, "texture": "#overlay", "cullface": "down"},
				"east": {"uv": [8, 8, 9, 11], "rotation": 270, "texture": "#overlay", "cullface": "down"},
				"south": {"uv": [9, 8, 8, 9], "rotation": 180, "texture": "#overlay", "cullface": "down"},
				"west": {"uv": [8, 8, 9, 11], "rotation": 90, "texture": "#overlay", "cullface": "down"},
				"down": {"uv": [8, 8, 9, 11], "texture": "#overlay", "cullface": "down"}
			}
		},
		{
			"name": "gypsum_20",
			"from": [11, -0.3, 0],
			"to": [12, 0, 6],
			"rotation": {"angle": 0, "axis": "x", "origin": [8, 8, 8]},
			"faces": {
				"north": {"uv": [11, 15, 12, 16], "rotation": 180, "texture": "#overlay", "cullface": "down"},
				"east": {"uv": [11, 10, 12, 16], "rotation": 270, "texture": "#overlay", "cullface": "down"},
				"south": {"uv": [12, 10, 11, 11], "rotation": 180, "texture": "#overlay", "cullface": "down"},
				"west": {"uv": [11, 10, 12, 16], "rotation": 90, "texture": "#overlay", "cullface": "down"},
				"down": {"uv": [11, 10, 12, 16], "texture": "#overlay", "cullface": "down"}
			}
		},
		{
			"name": "gypsum_21",
			"from": [2, -0.3, 0],
			"to": [3, 0, 5],
			"rotation": {"angle": 0, "axis": "x", "origin": [8, 8, 8]},
			"faces": {
				"north": {"uv": [2, 15, 3, 16], "rotation": 180, "texture": "#overlay", "cullface": "down"},
				"east": {"uv": [2, 11, 3, 16], "rotation": 270, "texture": "#overlay", "cullface": "down"},
				"south": {"uv": [3, 11, 2, 12], "rotation": 180, "texture": "#overlay", "cullface": "down"},
				"west": {"uv": [2, 11, 3, 16], "rotation": 90, "texture": "#overlay", "cullface": "down"},
				"down": {"uv": [2, 11, 3, 16], "texture": "#overlay", "cullface": "down"}
			}
		},
		{
			"name": "gypsum_22",
			"from": [14, -0.15, 2],
			"to": [15, 0, 4],
			"rotation": {"angle": 0, "axis": "x", "origin": [8, 8, 8]},
			"faces": {
				"north": {"uv": [14, 13, 15, 14], "rotation": 180, "texture": "#overlay", "cullface": "down"},
				"east": {"uv": [14, 12, 15, 14], "rotation": 270, "texture": "#overlay", "cullface": "down"},
				"south": {"uv": [15, 12, 14, 13], "rotation": 180, "texture": "#overlay", "cullface": "down"},
				"west": {"uv": [14, 12, 15, 14], "rotation": 90, "texture": "#overlay", "cullface": "down"},
				"down": {"uv": [14, 12, 15, 14], "texture": "#overlay", "cullface": "down"}
			}
		},
		{
			"name": "gypsum_23",
			"from": [3, -0.25, 0],
			"to": [4, 0, 3],
			"rotation": {"angle": 0, "axis": "x", "origin": [8, 8, 8]},
			"faces": {
				"north": {"uv": [3, 15, 4, 16], "rotation": 180, "texture": "#overlay", "cullface": "down"},
				"east": {"uv": [3, 13, 4, 16], "rotation": 270, "texture": "#overlay", "cullface": "down"},
				"south": {"uv": [4, 13, 3, 14], "rotation": 180, "texture": "#overlay", "cullface": "down"},
				"west": {"uv": [3, 13, 4, 16], "rotation": 90, "texture": "#overlay", "cullface": "down"},
				"down": {"uv": [3, 13, 4, 16], "texture": "#overlay", "cullface": "down"}
			}
		},
		{
			"name": "gypsum_24",
			"from": [7, -0.25, 0],
			"to": [8, 0, 3],
			"rotation": {"angle": 0, "axis": "x", "origin": [8, 8, 8]},
			"faces": {
				"north": {"uv": [7, 15, 8, 16], "rotation": 180, "texture": "#overlay", "cullface": "down"},
				"east": {"uv": [7, 13, 8, 16], "rotation": 270, "texture": "#overlay", "cullface": "down"},
				"south": {"uv": [8, 13, 7, 14], "rotation": 180, "texture": "#overlay", "cullface": "down"},
				"west": {"uv": [7, 13, 8, 16], "rotation": 90, "texture": "#overlay", "cullface": "down"},
				"down": {"uv": [7, 13, 8, 16], "texture": "#overlay", "cullface": "down"}
			}
		},
		{
			"name": "gypsum_25",
			"from": [15, -0.25, 0],
			"to": [16, 0, 3],
			"rotation": {"angle": 0, "axis": "x", "origin": [8, 8, 8]},
			"faces": {
				"north": {"uv": [15, 15, 16, 16], "rotation": 180, "texture": "#overlay", "cullface": "down"},
				"east": {"uv": [15, 13, 16, 16], "rotation": 270, "texture": "#overlay", "cullface": "down"},
				"south": {"uv": [16, 13, 15, 14], "rotation": 180, "texture": "#overlay", "cullface": "down"},
				"west": {"uv": [15, 13, 16, 16], "rotation": 90, "texture": "#overlay", "cullface": "down"},
				"down": {"uv": [15, 13, 16, 16], "texture": "#overlay", "cullface": "down"}
			}
		},
		{
			"name": "gypsum_26",
			"from": [1, -0.15, 0],
			"to": [2, 0, 1],
			"rotation": {"angle": 0, "axis": "x", "origin": [8, 8, 8]},
			"faces": {
				"north": {"uv": [1, 15, 2, 16], "rotation": 180, "texture": "#overlay", "cullface": "down"},
				"east": {"uv": [1, 15, 2, 16], "rotation": 270, "texture": "#overlay", "cullface": "down"},
				"south": {"uv": [2, 15, 1, 16], "rotation": 180, "texture": "#overlay", "cullface": "down"},
				"west": {"uv": [1, 15, 2, 16], "rotation": 90, "texture": "#overlay", "cullface": "down"},
				"down": {"uv": [1, 15, 2, 16], "texture": "#overlay", "cullface": "down"}
			}
		},
		{
			"name": "gypsum_1",
			"from": [2, 16, 0],
			"to": [4, 16.3, 3],
			"rotation": {"angle": 0, "axis": "x", "origin": [8, 8, 8]},
			"faces": {
				"north": {"uv": [4, 0, 2, 1], "texture": "#overlay", "cullface": "up"},
				"east": {"uv": [3, 0, 4, 3], "rotation": 90, "texture": "#overlay", "cullface": "up"},
				"south": {"uv": [2, 2, 4, 3], "texture": "#overlay", "cullface": "up"},
				"west": {"uv": [2, 0, 3, 3], "rotation": 270, "texture": "#overlay", "cullface": "up"},
				"up": {"uv": [2, 0, 4, 3], "texture": "#overlay", "cullface": "up"}
			}
		},
		{
			"name": "gypsum_2",
			"from": [6, 16, 0],
			"to": [8, 16.15, 1],
			"rotation": {"angle": 0, "axis": "x", "origin": [8, 8, 8]},
			"faces": {
				"north": {"uv": [8, 0, 6, 1], "texture": "#overlay", "cullface": "up"},
				"east": {"uv": [7, 0, 8, 1], "rotation": 90, "texture": "#overlay", "cullface": "up"},
				"south": {"uv": [6, 0, 8, 1], "texture": "#overlay", "cullface": "up"},
				"west": {"uv": [6, 0, 7, 1], "rotation": 270, "texture": "#overlay", "cullface": "up"},
				"up": {"uv": [6, 0, 8, 1], "texture": "#overlay", "cullface": "up"}
			}
		},
		{
			"name": "gypsum_3",
			"from": [14, 16, 0],
			"to": [16, 16.15, 1],
			"rotation": {"angle": 0, "axis": "x", "origin": [8, 8, 8]},
			"faces": {
				"north": {"uv": [16, 0, 14, 1], "texture": "#overlay", "cullface": "up"},
				"east": {"uv": [15, 0, 16, 1], "rotation": 90, "texture": "#overlay", "cullface": "up"},
				"south": {"uv": [14, 0, 16, 1], "texture": "#overlay", "cullface": "up"},
				"west": {"uv": [14, 0, 15, 1], "rotation": 270, "texture": "#overlay", "cullface": "up"},
				"up": {"uv": [14, 0, 16, 1], "texture": "#overlay", "cullface": "up"}
			}
		},
		{
			"name": "gypsum_4",
			"from": [7, 16, 1],
			"to": [9, 16.25, 3],
			"rotation": {"angle": 0, "axis": "x", "origin": [8, 8, 8]},
			"faces": {
				"north": {"uv": [9, 1, 7, 2], "texture": "#overlay", "cullface": "up"},
				"east": {"uv": [8, 1, 9, 3], "rotation": 90, "texture": "#overlay", "cullface": "up"},
				"south": {"uv": [7, 2, 9, 3], "texture": "#overlay", "cullface": "up"},
				"west": {"uv": [7, 1, 8, 3], "rotation": 270, "texture": "#overlay", "cullface": "up"},
				"up": {"uv": [7, 1, 9, 3], "texture": "#overlay", "cullface": "up"}
			}
		},
		{
			"name": "gypsum_5",
			"from": [14, 16, 1],
			"to": [15, 16.15, 3],
			"rotation": {"angle": 0, "axis": "x", "origin": [8, 8, 8]},
			"faces": {
				"north": {"uv": [15, 1, 14, 2], "texture": "#overlay", "cullface": "up"},
				"east": {"uv": [14, 1, 15, 3], "rotation": 90, "texture": "#overlay", "cullface": "up"},
				"south": {"uv": [14, 2, 15, 3], "texture": "#overlay", "cullface": "up"},
				"west": {"uv": [14, 1, 15, 3], "rotation": 270, "texture": "#overlay", "cullface": "up"},
				"up": {"uv": [14, 1, 15, 3], "texture": "#overlay", "cullface": "up"}
			}
		},
		{
			"name": "gypsum_6",
			"from": [13, 16, 2],
			"to": [14, 16.5, 10],
			"rotation": {"angle": 0, "axis": "x", "origin": [8, 8, 8]},
			"faces": {
				"north": {"uv": [14, 2, 13, 3], "texture": "#overlay", "cullface": "up"},
				"east": {"uv": [13, 2, 14, 10], "rotation": 90, "texture": "#overlay", "cullface": "up"},
				"south": {"uv": [13, 9, 14, 10], "texture": "#overlay", "cullface": "up"},
				"west": {"uv": [13, 2, 14, 10], "rotation": 270, "texture": "#overlay", "cullface": "up"},
				"up": {"uv": [13, 2, 14, 10], "texture": "#overlay", "cullface": "up"}
			}
		},
		{
			"name": "gypsum_7",
			"from": [3, 16, 3],
			"to": [5, 16.65, 8],
			"rotation": {"angle": 0, "axis": "x", "origin": [8, 8, 8]},
			"faces": {
				"north": {"uv": [5, 3, 3, 4], "texture": "#overlay", "cullface": "up"},
				"east": {"uv": [4, 3, 5, 8], "rotation": 90, "texture": "#overlay", "cullface": "up"},
				"south": {"uv": [3, 7, 5, 8], "texture": "#overlay", "cullface": "up"},
				"west": {"uv": [3, 3, 4, 8], "rotation": 270, "texture": "#overlay", "cullface": "up"},
				"up": {"uv": [3, 3, 5, 8], "texture": "#overlay", "cullface": "up"}
			}
		},
		{
			"name": "gypsum_8",
			"from": [8, 16, 3],
			"to": [9, 16.15, 5],
			"rotation": {"angle": 0, "axis": "x", "origin": [8, 8, 8]},
			"faces": {
				"north": {"uv": [9, 3, 8, 4], "texture": "#overlay", "cullface": "up"},
				"east": {"uv": [8, 3, 9, 5], "rotation": 90, "texture": "#overlay", "cullface": "up"},
				"south": {"uv": [8, 4, 9, 5], "texture": "#overlay", "cullface": "up"},
				"west": {"uv": [8, 3, 9, 5], "rotation": 270, "texture": "#overlay", "cullface": "up"},
				"up": {"uv": [8, 3, 9, 5], "texture": "#overlay", "cullface": "up"}
			}
		},
		{
			"name": "gypsum_9",
			"from": [11, 16, 3],
			"to": [12, 16.15, 5],
			"rotation": {"angle": 0, "axis": "x", "origin": [8, 8, 8]},
			"faces": {
				"north": {"uv": [12, 3, 11, 4], "texture": "#overlay", "cullface": "up"},
				"east": {"uv": [11, 3, 12, 5], "rotation": 90, "texture": "#overlay", "cullface": "up"},
				"south": {"uv": [11, 4, 12, 5], "texture": "#overlay", "cullface": "up"},
				"west": {"uv": [11, 3, 12, 5], "rotation": 270, "texture": "#overlay", "cullface": "up"},
				"up": {"uv": [11, 3, 12, 5], "texture": "#overlay", "cullface": "up"}
			}
		},
		{
			"name": "gypsum_10",
			"from": [9, 16, 4],
			"to": [10, 16.3, 9],
			"rotation": {"angle": 0, "axis": "x", "origin": [8, 8, 8]},
			"faces": {
				"north": {"uv": [10, 4, 9, 5], "texture": "#overlay", "cullface": "up"},
				"east": {"uv": [9, 4, 10, 9], "rotation": 90, "texture": "#overlay", "cullface": "up"},
				"south": {"uv": [9, 8, 10, 9], "texture": "#overlay", "cullface": "up"},
				"west": {"uv": [9, 4, 10, 9], "rotation": 270, "texture": "#overlay", "cullface": "up"},
				"up": {"uv": [9, 4, 10, 9], "texture": "#overlay", "cullface": "up"}
			}
		},
		{
			"name": "gypsum_11",
			"from": [12, 16, 4],
			"to": [13, 16.65, 15],
			"rotation": {"angle": 0, "axis": "x", "origin": [8, 8, 8]},
			"faces": {
				"north": {"uv": [13, 4, 12, 5], "texture": "#overlay", "cullface": "up"},
				"east": {"uv": [12, 4, 13, 15], "rotation": 90, "texture": "#overlay", "cullface": "up"},
				"south": {"uv": [12, 14, 13, 15], "texture": "#overlay", "cullface": "up"},
				"west": {"uv": [12, 4, 13, 15], "rotation": 270, "texture": "#overlay", "cullface": "up"},
				"up": {"uv": [12, 4, 13, 15], "texture": "#overlay", "cullface": "up"}
			}
		},
		{
			"name": "gypsum_12",
			"from": [0, 16, 5],
			"to": [1, 16.25, 8],
			"rotation": {"angle": 0, "axis": "x", "origin": [8, 8, 8]},
			"faces": {
				"north": {"uv": [1, 5, 0, 6], "texture": "#overlay", "cullface": "up"},
				"east": {"uv": [0, 5, 1, 8], "rotation": 90, "texture": "#overlay", "cullface": "up"},
				"south": {"uv": [0, 7, 1, 8], "texture": "#overlay", "cullface": "up"},
				"west": {"uv": [0, 5, 1, 8], "rotation": 270, "texture": "#overlay", "cullface": "up"},
				"up": {"uv": [0, 5, 1, 8], "texture": "#overlay", "cullface": "up"}
			}
		},
		{
			"name": "gypsum_13",
			"from": [5, 16, 5],
			"to": [6, 16.5, 14],
			"rotation": {"angle": 0, "axis": "x", "origin": [8, 8, 8]},
			"faces": {
				"north": {"uv": [6, 5, 5, 6], "texture": "#overlay", "cullface": "up"},
				"east": {"uv": [5, 5, 6, 14], "rotation": 90, "texture": "#overlay", "cullface": "up"},
				"south": {"uv": [5, 13, 6, 14], "texture": "#overlay", "cullface": "up"},
				"west": {"uv": [5, 5, 6, 14], "rotation": 270, "texture": "#overlay", "cullface": "up"},
				"up": {"uv": [5, 5, 6, 14], "texture": "#overlay", "cullface": "up"}
			}
		},
		{
			"name": "gypsum_14",
			"from": [1, 16, 7],
			"to": [2, 16.15, 9],
			"rotation": {"angle": 0, "axis": "x", "origin": [8, 8, 8]},
			"faces": {
				"north": {"uv": [2, 7, 1, 8], "texture": "#overlay", "cullface": "up"},
				"east": {"uv": [1, 7, 2, 9], "rotation": 90, "texture": "#overlay", "cullface": "up"},
				"south": {"uv": [1, 8, 2, 9], "texture": "#overlay", "cullface": "up"},
				"west": {"uv": [1, 7, 2, 9], "rotation": 270, "texture": "#overlay", "cullface": "up"},
				"up": {"uv": [1, 7, 2, 9], "texture": "#overlay", "cullface": "up"}
			}
		},
		{
			"name": "gypsum_15",
			"from": [6, 16, 7],
			"to": [7, 16.5, 15],
			"rotation": {"angle": 0, "axis": "x", "origin": [8, 8, 8]},
			"faces": {
				"north": {"uv": [7, 7, 6, 8], "texture": "#overlay", "cullface": "up"},
				"east": {"uv": [6, 7, 7, 15], "rotation": 90, "texture": "#overlay", "cullface": "up"},
				"south": {"uv": [6, 14, 7, 15], "texture": "#overlay", "cullface": "up"},
				"west": {"uv": [6, 7, 7, 15], "rotation": 270, "texture": "#overlay", "cullface": "up"},
				"up": {"uv": [6, 7, 7, 15], "texture": "#overlay", "cullface": "up"}
			}
		},
		{
			"name": "gypsum_16",
			"from": [10, 16, 7],
			"to": [11, 16.15, 9],
			"rotation": {"angle": 0, "axis": "x", "origin": [8, 8, 8]},
			"faces": {
				"north": {"uv": [11, 7, 10, 8], "texture": "#overlay", "cullface": "up"},
				"east": {"uv": [10, 7, 11, 9], "rotation": 90, "texture": "#overlay", "cullface": "up"},
				"south": {"uv": [10, 8, 11, 9], "texture": "#overlay", "cullface": "up"},
				"west": {"uv": [10, 7, 11, 9], "rotation": 270, "texture": "#overlay", "cullface": "up"},
				"up": {"uv": [10, 7, 11, 9], "texture": "#overlay", "cullface": "up"}
			}
		},
		{
			"name": "gypsum_17",
			"from": [15, 16, 7],
			"to": [16, 16.15, 9],
			"rotation": {"angle": 0, "axis": "x", "origin": [8, 8, 8]},
			"faces": {
				"north": {"uv": [16, 7, 15, 8], "texture": "#overlay", "cullface": "up"},
				"east": {"uv": [15, 7, 16, 9], "rotation": 90, "texture": "#overlay", "cullface": "up"},
				"south": {"uv": [15, 8, 16, 9], "texture": "#overlay", "cullface": "up"},
				"west": {"uv": [15, 7, 16, 9], "rotation": 270, "texture": "#overlay", "cullface": "up"},
				"up": {"uv": [15, 7, 16, 9], "texture": "#overlay", "cullface": "up"}
			}
		},
		{
			"name": "gypsum_18",
			"from": [4, 16, 8],
			"to": [5, 16.65, 12],
			"rotation": {"angle": 0, "axis": "x", "origin": [8, 8, 8]},
			"faces": {
				"north": {"uv": [5, 8, 4, 9], "texture": "#overlay", "cullface": "up"},
				"east": {"uv": [4, 8, 5, 12], "rotation": 90, "texture": "#overlay", "cullface": "up"},
				"south": {"uv": [4, 11, 5, 12], "texture": "#overlay", "cullface": "up"},
				"west": {"uv": [4, 8, 5, 12], "rotation": 270, "texture": "#overlay", "cullface": "up"},
				"up": {"uv": [4, 8, 5, 12], "texture": "#overlay", "cullface": "up"}
			}
		},
		{
			"name": "gypsum_19",
			"from": [8, 16, 8],
			"to": [9, 16.25, 11],
			"rotation": {"angle": 0, "axis": "x", "origin": [8, 8, 8]},
			"faces": {
				"north": {"uv": [9, 8, 8, 9], "texture": "#overlay", "cullface": "up"},
				"east": {"uv": [8, 8, 9, 11], "rotation": 90, "texture": "#overlay", "cullface": "up"},
				"south": {"uv": [8, 10, 9, 11], "texture": "#overlay", "cullface": "up"},
				"west": {"uv": [8, 8, 9, 11], "rotation": 270, "texture": "#overlay", "cullface": "up"},
				"up": {"uv": [8, 8, 9, 11], "texture": "#overlay", "cullface": "up"}
			}
		},
		{
			"name": "gypsum_20",
			"from": [11, 16, 10],
			"to": [12, 16.3, 16],
			"rotation": {"angle": 0, "axis": "x", "origin": [8, 8, 8]},
			"faces": {
				"north": {"uv": [12, 10, 11, 11], "texture": "#overlay", "cullface": "up"},
				"east": {"uv": [11, 10, 12, 16], "rotation": 90, "texture": "#overlay", "cullface": "up"},
				"south": {"uv": [11, 15, 12, 16], "texture": "#overlay", "cullface": "up"},
				"west": {"uv": [11, 10, 12, 16], "rotation": 270, "texture": "#overlay", "cullface": "up"},
				"up": {"uv": [11, 10, 12, 16], "texture": "#overlay", "cullface": "up"}
			}
		},
		{
			"name": "gypsum_21",
			"from": [2, 16, 11],
			"to": [3, 16.3, 16],
			"rotation": {"angle": 0, "axis": "x", "origin": [8, 8, 8]},
			"faces": {
				"north": {"uv": [3, 11, 2, 12], "texture": "#overlay", "cullface": "up"},
				"east": {"uv": [2, 11, 3, 16], "rotation": 90, "texture": "#overlay", "cullface": "up"},
				"south": {"uv": [2, 15, 3, 16], "texture": "#overlay", "cullface": "up"},
				"west": {"uv": [2, 11, 3, 16], "rotation": 270, "texture": "#overlay", "cullface": "up"},
				"up": {"uv": [2, 11, 3, 16], "texture": "#overlay", "cullface": "up"}
			}
		},
		{
			"name": "gypsum_22",
			"from": [14, 16, 12],
			"to": [15, 16.15, 14],
			"rotation": {"angle": 0, "axis": "x", "origin": [8, 8, 8]},
			"faces": {
				"north": {"uv": [15, 12, 14, 13], "texture": "#overlay", "cullface": "up"},
				"east": {"uv": [14, 12, 15, 14], "rotation": 90, "texture": "#overlay", "cullface": "up"},
				"south": {"uv": [14, 13, 15, 14], "texture": "#overlay", "cullface": "up"},
				"west": {"uv": [14, 12, 15, 14], "rotation": 270, "texture": "#overlay", "cullface": "up"},
				"up": {"uv": [14, 12, 15, 14], "texture": "#overlay", "cullface": "up"}
			}
		},
		{
			"name": "gypsum_23",
			"from": [3, 16, 13],
			"to": [4, 16.25, 16],
			"rotation": {"angle": 0, "axis": "x", "origin": [8, 8, 8]},
			"faces": {
				"north": {"uv": [4, 13, 3, 14], "texture": "#overlay", "cullface": "up"},
				"east": {"uv": [3, 13, 4, 16], "rotation": 90, "texture": "#overlay", "cullface": "up"},
				"south": {"uv": [3, 15, 4, 16], "texture": "#overlay", "cullface": "up"},
				"west": {"uv": [3, 13, 4, 16], "rotation": 270, "texture": "#overlay", "cullface": "up"},
				"up": {"uv": [3, 13, 4, 16], "texture": "#overlay", "cullface": "up"}
			}
		},
		{
			"name": "gypsum_24",
			"from": [7, 16, 13],
			"to": [8, 16.25, 16],
			"rotation": {"angle": 0, "axis": "x", "origin": [8, 8, 8]},
			"faces": {
				"north": {"uv": [8, 13, 7, 14], "texture": "#overlay", "cullface": "up"},
				"east": {"uv": [7, 13, 8, 16], "rotation": 90, "texture": "#overlay", "cullface": "up"},
				"south": {"uv": [7, 15, 8, 16], "texture": "#overlay", "cullface": "up"},
				"west": {"uv": [7, 13, 8, 16], "rotation": 270, "texture": "#overlay", "cullface": "up"},
				"up": {"uv": [7, 13, 8, 16], "texture": "#overlay", "cullface": "up"}
			}
		},
		{
			"name": "gypsum_25",
			"from": [15, 16, 13],
			"to": [16, 16.25, 16],
			"rotation": {"angle": 0, "axis": "x", "origin": [8, 8, 8]},
			"faces": {
				"north": {"uv": [16, 13, 15, 14], "texture": "#overlay", "cullface": "up"},
				"east": {"uv": [15, 13, 16, 16], "rotation": 90, "texture": "#overlay", "cullface": "up"},
				"south": {"uv": [15, 15, 16, 16], "texture": "#overlay", "cullface": "up"},
				"west": {"uv": [15, 13, 16, 16], "rotation": 270, "texture": "#overlay", "cullface": "up"},
				"up": {"uv": [15, 13, 16, 16], "texture": "#overlay", "cullface": "up"}
			}
		},
		{
			"name": "gypsum_26",
			"from": [1, 16, 15],
			"to": [2, 16.15, 16],
			"rotation": {"angle": 0, "axis": "x", "origin": [8, 8, 8]},
			"faces": {
				"north": {"uv": [2, 15, 1, 16], "texture": "#overlay", "cullface": "up"},
				"east": {"uv": [1, 15, 2, 16], "rotation": 90, "texture": "#overlay", "cullface": "up"},
				"south": {"uv": [1, 15, 2, 16], "texture": "#overlay", "cullface": "up"},
				"west": {"uv": [1, 15, 2, 16], "rotation": 270, "texture": "#overlay", "cullface": "up"},
				"up": {"uv": [1, 15, 2, 16], "texture": "#overlay", "cullface": "up"}
			}
		},
		{
			"name": "gypsum_0",
			"from": [2, 13, 16],
			"to": [4, 16, 16.3],
			"rotation": {"angle": 0, "axis": "x", "origin": [8, 8, 8]},
			"faces": {
				"east": {"uv": [3, 0, 4, 3], "texture": "#overlay", "cullface": "south"},
				"south": {"uv": [2, 0, 4, 3], "texture": "#overlay", "cullface": "south"},
				"west": {"uv": [2, 0, 3, 3], "texture": "#overlay", "cullface": "south"},
				"up": {"uv": [4, 0, 2, 1], "rotation": 180, "texture": "#overlay", "cullface": "south"},
				"down": {"uv": [2, 2, 4, 3], "texture": "#overlay", "cullface": "south"}
			}
		},
		{
			"name": "gypsum_1",
			"from": [6, 15, 16],
			"to": [8, 16, 16.15],
			"rotation": {"angle": 0, "axis": "x", "origin": [8, 8, 8]},
			"faces": {
				"east": {"uv": [7, 0, 8, 1], "texture": "#overlay", "cullface": "south"},
				"south": {"uv": [6, 0, 8, 1], "texture": "#overlay", "cullface": "south"},
				"west": {"uv": [6, 0, 7, 1], "texture": "#overlay", "cullface": "south"},
				"up": {"uv": [8, 0, 6, 1], "rotation": 180, "texture": "#overlay", "cullface": "south"},
				"down": {"uv": [6, 0, 8, 1], "texture": "#overlay", "cullface": "south"}
			}
		},
		{
			"name": "gypsum_2",
			"from": [14, 15, 16],
			"to": [16, 16, 16.15],
			"rotation": {"angle": 0, "axis": "x", "origin": [8, 8, 8]},
			"faces": {
				"east": {"uv": [15, 0, 16, 1], "texture": "#overlay", "cullface": "south"},
				"south": {"uv": [14, 0, 16, 1], "texture": "#overlay", "cullface": "south"},
				"west": {"uv": [14, 0, 15, 1], "texture": "#overlay", "cullface": "south"},
				"up": {"uv": [16, 0, 14, 1], "rotation": 180, "texture": "#overlay", "cullface": "south"},
				"down": {"uv": [14, 0, 16, 1], "texture": "#overlay", "cullface": "south"}
			}
		},
		{
			"name": "gypsum_3",
			"from": [7, 13, 16],
			"to": [9, 15, 16.25],
			"rotation": {"angle": 0, "axis": "x", "origin": [8, 8, 8]},
			"faces": {
				"east": {"uv": [8, 1, 9, 3], "texture": "#overlay", "cullface": "south"},
				"south": {"uv": [7, 1, 9, 3], "texture": "#overlay", "cullface": "south"},
				"west": {"uv": [7, 1, 8, 3], "texture": "#overlay", "cullface": "south"},
				"up": {"uv": [9, 1, 7, 2], "rotation": 180, "texture": "#overlay", "cullface": "south"},
				"down": {"uv": [7, 2, 9, 3], "texture": "#overlay", "cullface": "south"}
			}
		},
		{
			"name": "gypsum_4",
			"from": [14, 13, 16],
			"to": [15, 15, 16.15],
			"rotation": {"angle": 0, "axis": "x", "origin": [8, 8, 8]},
			"faces": {
				"east": {"uv": [14, 1, 15, 3], "texture": "#overlay", "cullface": "south"},
				"south": {"uv": [14, 1, 15, 3], "texture": "#overlay", "cullface": "south"},
				"west": {"uv": [14, 1, 15, 3], "texture": "#overlay", "cullface": "south"},
				"up": {"uv": [15, 1, 14, 2], "rotation": 180, "texture": "#overlay", "cullface": "south"},
				"down": {"uv": [14, 2, 15, 3], "texture": "#overlay", "cullface": "south"}
			}
		},
		{
			"name": "gypsum_5",
			"from": [13, 6, 16],
			"to": [14, 14, 16.5],
			"rotation": {"angle": 0, "axis": "x", "origin": [8, 8, 8]},
			"faces": {
				"east": {"uv": [13, 2, 14, 10], "texture": "#overlay", "cullface": "south"},
				"south": {"uv": [13, 2, 14, 10], "texture": "#overlay", "cullface": "south"},
				"west": {"uv": [13, 2, 14, 10], "texture": "#overlay", "cullface": "south"},
				"up": {"uv": [14, 2, 13, 3], "rotation": 180, "texture": "#overlay", "cullface": "south"},
				"down": {"uv": [13, 9, 14, 10], "texture": "#overlay", "cullface": "south"}
			}
		},
		{
			"name": "gypsum_6",
			"from": [3, 8, 16],
			"to": [5, 13, 16.65],
			"rotation": {"angle": 0, "axis": "x", "origin": [8, 8, 8]},
			"faces": {
				"east": {"uv": [4, 3, 5, 8], "texture": "#overlay", "cullface": "south"},
				"south": {"uv": [3, 3, 5, 8], "texture": "#overlay", "cullface": "south"},
				"west": {"uv": [3, 3, 4, 8], "texture": "#overlay", "cullface": "south"},
				"up": {"uv": [5, 3, 3, 4], "rotation": 180, "texture": "#overlay", "cullface": "south"},
				"down": {"uv": [3, 7, 5, 8], "texture": "#overlay", "cullface": "south"}
			}
		},
		{
			"name": "gypsum_7",
			"from": [8, 11, 16],
			"to": [9, 13, 16.15],
			"rotation": {"angle": 0, "axis": "x", "origin": [8, 8, 8]},
			"faces": {
				"east": {"uv": [8, 3, 9, 5], "texture": "#overlay", "cullface": "south"},
				"south": {"uv": [8, 3, 9, 5], "texture": "#overlay", "cullface": "south"},
				"west": {"uv": [8, 3, 9, 5], "texture": "#overlay", "cullface": "south"},
				"up": {"uv": [9, 3, 8, 4], "rotation": 180, "texture": "#overlay", "cullface": "south"},
				"down": {"uv": [8, 4, 9, 5], "texture": "#overlay", "cullface": "south"}
			}
		},
		{
			"name": "gypsum_8",
			"from": [11, 11, 16],
			"to": [12, 13, 16.15],
			"rotation": {"angle": 0, "axis": "x", "origin": [8, 8, 8]},
			"faces": {
				"east": {"uv": [11, 3, 12, 5], "texture": "#overlay", "cullface": "south"},
				"south": {"uv": [11, 3, 12, 5], "texture": "#overlay", "cullface": "south"},
				"west": {"uv": [11, 3, 12, 5], "texture": "#overlay", "cullface": "south"},
				"up": {"uv": [12, 3, 11, 4], "rotation": 180, "texture": "#overlay", "cullface": "south"},
				"down": {"uv": [11, 4, 12, 5], "texture": "#overlay", "cullface": "south"}
			}
		},
		{
			"name": "gypsum_9",
			"from": [9, 7, 16],
			"to": [10, 12, 16.3],
			"rotation": {"angle": 0, "axis": "x", "origin": [8, 8, 8]},
			"faces": {
				"east": {"uv": [9, 4, 10, 9], "texture": "#overlay", "cullface": "south"},
				"south": {"uv": [9, 4, 10, 9], "texture": "#overlay", "cullface": "south"},
				"west": {"uv": [9, 4, 10, 9], "texture": "#overlay", "cullface": "south"},
				"up": {"uv": [10, 4, 9, 5], "rotation": 180, "texture": "#overlay", "cullface": "south"},
				"down": {"uv": [9, 8, 10, 9], "texture": "#overlay", "cullface": "south"}
			}
		},
		{
			"name": "gypsum_10",
			"from": [12, 1, 16],
			"to": [13, 12, 16.65],
			"rotation": {"angle": 0, "axis": "x", "origin": [8, 8, 8]},
			"faces": {
				"east": {"uv": [12, 4, 13, 15], "texture": "#overlay", "cullface": "south"},
				"south": {"uv": [12, 4, 13, 15], "texture": "#overlay", "cullface": "south"},
				"west": {"uv": [12, 4, 13, 15], "texture": "#overlay", "cullface": "south"},
				"up": {"uv": [13, 4, 12, 5], "rotation": 180, "texture": "#overlay", "cullface": "south"},
				"down": {"uv": [12, 14, 13, 15], "texture": "#overlay", "cullface": "south"}
			}
		},
		{
			"name": "gypsum_11",
			"from": [0, 8, 16],
			"to": [1, 11, 16.25],
			"rotation": {"angle": 0, "axis": "x", "origin": [8, 8, 8]},
			"faces": {
				"east": {"uv": [0, 5, 1, 8], "texture": "#overlay", "cullface": "south"},
				"south": {"uv": [0, 5, 1, 8], "texture": "#overlay", "cullface": "south"},
				"west": {"uv": [0, 5, 1, 8], "texture": "#overlay", "cullface": "south"},
				"up": {"uv": [1, 5, 0, 6], "rotation": 180, "texture": "#overlay", "cullface": "south"},
				"down": {"uv": [0, 7, 1, 8], "texture": "#overlay", "cullface": "south"}
			}
		},
		{
			"name": "gypsum_12",
			"from": [5, 2, 16],
			"to": [6, 11, 16.5],
			"rotation": {"angle": 0, "axis": "x", "origin": [8, 8, 8]},
			"faces": {
				"east": {"uv": [5, 5, 6, 14], "texture": "#overlay", "cullface": "south"},
				"south": {"uv": [5, 5, 6, 14], "texture": "#overlay", "cullface": "south"},
				"west": {"uv": [5, 5, 6, 14], "texture": "#overlay", "cullface": "south"},
				"up": {"uv": [6, 5, 5, 6], "rotation": 180, "texture": "#overlay", "cullface": "south"},
				"down": {"uv": [5, 13, 6, 14], "texture": "#overlay", "cullface": "south"}
			}
		},
		{
			"name": "gypsum_13",
			"from": [1, 7, 16],
			"to": [2, 9, 16.15],
			"rotation": {"angle": 0, "axis": "x", "origin": [8, 8, 8]},
			"faces": {
				"east": {"uv": [1, 7, 2, 9], "texture": "#overlay", "cullface": "south"},
				"south": {"uv": [1, 7, 2, 9], "texture": "#overlay", "cullface": "south"},
				"west": {"uv": [1, 7, 2, 9], "texture": "#overlay", "cullface": "south"},
				"up": {"uv": [2, 7, 1, 8], "rotation": 180, "texture": "#overlay", "cullface": "south"},
				"down": {"uv": [1, 8, 2, 9], "texture": "#overlay", "cullface": "south"}
			}
		},
		{
			"name": "gypsum_14",
			"from": [6, 1, 16],
			"to": [7, 9, 16.5],
			"rotation": {"angle": 0, "axis": "x", "origin": [8, 8, 8]},
			"faces": {
				"east": {"uv": [6, 7, 7, 15], "texture": "#overlay", "cullface": "south"},
				"south": {"uv": [6, 7, 7, 15], "texture": "#overlay", "cullface": "south"},
				"west": {"uv": [6, 7, 7, 15], "texture": "#overlay", "cullface": "south"},
				"up": {"uv": [7, 7, 6, 8], "rotation": 180, "texture": "#overlay", "cullface": "south"},
				"down": {"uv": [6, 14, 7, 15], "texture": "#overlay", "cullface": "south"}
			}
		},
		{
			"name": "gypsum_15",
			"from": [10, 7, 16],
			"to": [11, 9, 16.15],
			"rotation": {"angle": 0, "axis": "x", "origin": [8, 8, 8]},
			"faces": {
				"east": {"uv": [10, 7, 11, 9], "texture": "#overlay", "cullface": "south"},
				"south": {"uv": [10, 7, 11, 9], "texture": "#overlay", "cullface": "south"},
				"west": {"uv": [10, 7, 11, 9], "texture": "#overlay", "cullface": "south"},
				"up": {"uv": [11, 7, 10, 8], "rotation": 180, "texture": "#overlay", "cullface": "south"},
				"down": {"uv": [10, 8, 11, 9], "texture": "#overlay", "cullface": "south"}
			}
		},
		{
			"name": "gypsum_16",
			"from": [15, 7, 16],
			"to": [16, 9, 16.15],
			"rotation": {"angle": 0, "axis": "x", "origin": [8, 8, 8]},
			"faces": {
				"east": {"uv": [15, 7, 16, 9], "texture": "#overlay", "cullface": "south"},
				"south": {"uv": [15, 7, 16, 9], "texture": "#overlay", "cullface": "south"},
				"west": {"uv": [15, 7, 16, 9], "texture": "#overlay", "cullface": "south"},
				"up": {"uv": [16, 7, 15, 8], "rotation": 180, "texture": "#overlay", "cullface": "south"},
				"down": {"uv": [15, 8, 16, 9], "texture": "#overlay", "cullface": "south"}
			}
		},
		{
			"name": "gypsum_17",
			"from": [4, 4, 16],
			"to": [5, 8, 16.65],
			"rotation": {"angle": 0, "axis": "x", "origin": [8, 8, 8]},
			"faces": {
				"east": {"uv": [4, 8, 5, 12], "texture": "#overlay", "cullface": "south"},
				"south": {"uv": [4, 8, 5, 12], "texture": "#overlay", "cullface": "south"},
				"west": {"uv": [4, 8, 5, 12], "texture": "#overlay", "cullface": "south"},
				"up": {"uv": [5, 8, 4, 9], "rotation": 180, "texture": "#overlay", "cullface": "south"},
				"down": {"uv": [4, 11, 5, 12], "texture": "#overlay", "cullface": "south"}
			}
		},
		{
			"name": "gypsum_18",
			"from": [8, 5, 16],
			"to": [9, 8, 16.25],
			"rotation": {"angle": 0, "axis": "x", "origin": [8, 8, 8]},
			"faces": {
				"east": {"uv": [8, 8, 9, 11], "texture": "#overlay", "cullface": "south"},
				"south": {"uv": [8, 8, 9, 11], "texture": "#overlay", "cullface": "south"},
				"west": {"uv": [8, 8, 9, 11], "texture": "#overlay", "cullface": "south"},
				"up": {"uv": [9, 8, 8, 9], "rotation": 180, "texture": "#overlay", "cullface": "south"},
				"down": {"uv": [8, 10, 9, 11], "texture": "#overlay", "cullface": "south"}
			}
		},
		{
			"name": "gypsum_19",
			"from": [11, 0, 16],
			"to": [12, 6, 16.3],
			"rotation": {"angle": 0, "axis": "x", "origin": [8, 8, 8]},
			"faces": {
				"east": {"uv": [11, 10, 12, 16], "texture": "#overlay", "cullface": "south"},
				"south": {"uv": [11, 10, 12, 16], "texture": "#overlay", "cullface": "south"},
				"west": {"uv": [11, 10, 12, 16], "texture": "#overlay", "cullface": "south"},
				"up": {"uv": [12, 10, 11, 11], "rotation": 180, "texture": "#overlay", "cullface": "south"},
				"down": {"uv": [11, 15, 12, 16], "texture": "#overlay", "cullface": "south"}
			}
		},
		{
			"name": "gypsum_20",
			"from": [2, 0, 16],
			"to": [3, 5, 16.3],
			"rotation": {"angle": 0, "axis": "x", "origin": [8, 8, 8]},
			"faces": {
				"east": {"uv": [2, 11, 3, 16], "texture": "#overlay", "cullface": "south"},
				"south": {"uv": [2, 11, 3, 16], "texture": "#overlay", "cullface": "south"},
				"west": {"uv": [2, 11, 3, 16], "texture": "#overlay", "cullface": "south"},
				"up": {"uv": [3, 11, 2, 12], "rotation": 180, "texture": "#overlay", "cullface": "south"},
				"down": {"uv": [2, 15, 3, 16], "texture": "#overlay", "cullface": "south"}
			}
		},
		{
			"name": "gypsum_21",
			"from": [14, 2, 16],
			"to": [15, 4, 16.15],
			"rotation": {"angle": 0, "axis": "x", "origin": [8, 8, 8]},
			"faces": {
				"east": {"uv": [14, 12, 15, 14], "texture": "#overlay", "cullface": "south"},
				"south": {"uv": [14, 12, 15, 14], "texture": "#overlay", "cullface": "south"},
				"west": {"uv": [14, 12, 15, 14], "texture": "#overlay", "cullface": "south"},
				"up": {"uv": [15, 12, 14, 13], "rotation": 180, "texture": "#overlay", "cullface": "south"},
				"down": {"uv": [14, 13, 15, 14], "texture": "#overlay", "cullface": "south"}
			}
		},
		{
			"name": "gypsum_22",
			"from": [3, 0, 16],
			"to": [4, 3, 16.25],
			"rotation": {"angle": 0, "axis": "x", "origin": [8, 8, 8]},
			"faces": {
				"east": {"uv": [3, 13, 4, 16], "texture": "#overlay", "cullface": "south"},
				"south": {"uv": [3, 13, 4, 16], "texture": "#overlay", "cullface": "south"},
				"west": {"uv": [3, 13, 4, 16], "texture": "#overlay", "cullface": "south"},
				"up": {"uv": [4, 13, 3, 14], "rotation": 180, "texture": "#overlay", "cullface": "south"},
				"down": {"uv": [3, 15, 4, 16], "texture": "#overlay", "cullface": "south"}
			}
		},
		{
			"name": "gypsum_23",
			"from": [7, 0, 16],
			"to": [8, 3, 16.25],
			"rotation": {"angle": 0, "axis": "x", "origin": [8, 8, 8]},
			"faces": {
				"east": {"uv": [7, 13, 8, 16], "texture": "#overlay", "cullface": "south"},
				"south": {"uv": [7, 13, 8, 16], "texture": "#overlay", "cullface": "south"},
				"west": {"uv": [7, 13, 8, 16], "texture": "#overlay", "cullface": "south"},
				"up": {"uv": [8, 13, 7, 14], "rotation": 180, "texture": "#overlay", "cullface": "south"},
				"down": {"uv": [7, 15, 8, 16], "texture": "#overlay", "cullface": "south"}
			}
		},
		{
			"name": "gypsum_24",
			"from": [15, 0, 16],
			"to": [16, 3, 16.25],
			"rotation": {"angle": 0, "axis": "x", "origin": [8, 8, 8]},
			"faces": {
				"east": {"uv": [15, 13, 16, 16], "texture": "#overlay", "cullface": "south"},
				"south": {"uv": [15, 13, 16, 16], "texture": "#overlay", "cullface": "south"},
				"west": {"uv": [15, 13, 16, 16], "texture": "#overlay", "cullface": "south"},
				"up": {"uv": [16, 13, 15, 14], "rotation": 180, "texture": "#overlay", "cullface": "south"},
				"down": {"uv": [15, 15, 16, 16], "texture": "#overlay", "cullface": "south"}
			}
		},
		{
			"name": "gypsum_25",
			"from": [1, 0, 16],
			"to": [2, 1, 16.15],
			"rotation": {"angle": 0, "axis": "x", "origin": [8, 8, 8]},
			"faces": {
				"east": {"uv": [1, 15, 2, 16], "texture": "#overlay", "cullface": "south"},
				"south": {"uv": [1, 15, 2, 16], "texture": "#overlay", "cullface": "south"},
				"west": {"uv": [1, 15, 2, 16], "texture": "#overlay", "cullface": "south"},
				"up": {"uv": [2, 15, 1, 16], "rotation": 180, "texture": "#overlay", "cullface": "south"},
				"down": {"uv": [1, 15, 2, 16], "texture": "#overlay", "cullface": "south"}
			}
		},
		{
			"name": "gypsum_1",
			"from": [16, 13, 12],
			"to": [16.3, 16, 14],
			"rotation": {"angle": 0, "axis": "y", "origin": [8, 8, 8]},
			"faces": {
				"north": {"uv": [3, 0, 4, 3], "texture": "#overlay", "cullface": "east"},
				"east": {"uv": [2, 0, 4, 3], "texture": "#overlay", "cullface": "east"},
				"south": {"uv": [2, 0, 3, 3], "texture": "#overlay", "cullface": "east"},
				"up": {"uv": [4, 0, 2, 1], "rotation": 90, "texture": "#overlay", "cullface": "east"},
				"down": {"uv": [2, 2, 4, 3], "rotation": 90, "texture": "#overlay", "cullface": "east"}
			}
		},
		{
			"name": "gypsum_2",
			"from": [16, 15, 8],
			"to": [16.15, 16, 10],
			"rotation": {"angle": 0, "axis": "y", "origin": [8, 8, 8]},
			"faces": {
				"north": {"uv": [7, 0, 8, 1], "texture": "#overlay", "cullface": "east"},
				"east": {"uv": [6, 0, 8, 1], "texture": "#overlay", "cullface": "east"},
				"south": {"uv": [6, 0, 7, 1], "texture": "#overlay", "cullface": "east"},
				"up": {"uv": [8, 0, 6, 1], "rotation": 90, "texture": "#overlay", "cullface": "east"},
				"down": {"uv": [6, 0, 8, 1], "rotation": 90, "texture": "#overlay", "cullface": "east"}
			}
		},
		{
			"name": "gypsum_3",
			"from": [16, 15, 0],
			"to": [16.15, 16, 2],
			"rotation": {"angle": 0, "axis": "y", "origin": [8, 8, 8]},
			"faces": {
				"north": {"uv": [15, 0, 16, 1], "texture": "#overlay", "cullface": "east"},
				"east": {"uv": [14, 0, 16, 1], "texture": "#overlay", "cullface": "east"},
				"south": {"uv": [14, 0, 15, 1], "texture": "#overlay", "cullface": "east"},
				"up": {"uv": [16, 0, 14, 1], "rotation": 90, "texture": "#overlay", "cullface": "east"},
				"down": {"uv": [14, 0, 16, 1], "rotation": 90, "texture": "#overlay", "cullface": "east"}
			}
		},
		{
			"name": "gypsum_4",
			"from": [16, 13, 7],
			"to": [16.25, 15, 9],
			"rotation": {"angle": 0, "axis": "y", "origin": [8, 8, 8]},
			"faces": {
				"north": {"uv": [8, 1, 9, 3], "texture": "#overlay", "cullface": "east"},
				"east": {"uv": [7, 1, 9, 3], "texture": "#overlay", "cullface": "east"},
				"south": {"uv": [7, 1, 8, 3], "texture": "#overlay", "cullface": "east"},
				"up": {"uv": [9, 1, 7, 2], "rotation": 90, "texture": "#overlay", "cullface": "east"},
				"down": {"uv": [7, 2, 9, 3], "rotation": 90, "texture": "#overlay", "cullface": "east"}
			}
		},
		{
			"name": "gypsum_5",
			"from": [16, 13, 1],
			"to": [16.15, 15, 2],
			"rotation": {"angle": 0, "axis": "y", "origin": [8, 8, 8]},
			"faces": {
				"north": {"uv": [14, 1, 15, 3], "texture": "#overlay", "cullface": "east"},
				"east": {"uv": [14, 1, 15, 3], "texture": "#overlay", "cullface": "east"},
				"south": {"uv": [14, 1, 15, 3], "texture": "#overlay", "cullface": "east"},
				"up": {"uv": [15, 1, 14, 2], "rotation": 90, "texture": "#overlay", "cullface": "east"},
				"down": {"uv": [14, 2, 15, 3], "rotation": 90, "texture": "#overlay", "cullface": "east"}
			}
		},
		{
			"name": "gypsum_6",
			"from": [16, 6, 2],
			"to": [16.5, 14, 3],
			"rotation": {"angle": 0, "axis": "y", "origin": [8, 8, 8]},
			"faces": {
				"north": {"uv": [13, 2, 14, 10], "texture": "#overlay", "cullface": "east"},
				"east": {"uv": [13, 2, 14, 10], "texture": "#overlay", "cullface": "east"},
				"south": {"uv": [13, 2, 14, 10], "texture": "#overlay", "cullface": "east"},
				"up": {"uv": [14, 2, 13, 3], "rotation": 90, "texture": "#overlay", "cullface": "east"},
				"down": {"uv": [13, 9, 14, 10], "rotation": 90, "texture": "#overlay", "cullface": "east"}
			}
		},
		{
			"name": "gypsum_7",
			"from": [16, 8, 11],
			"to": [16.65, 13, 13],
			"rotation": {"angle": 0, "axis": "y", "origin": [8, 8, 8]},
			"faces": {
				"north": {"uv": [4, 3, 5, 8], "texture": "#overlay", "cullface": "east"},
				"east": {"uv": [3, 3, 5, 8], "texture": "#overlay", "cullface": "east"},
				"south": {"uv": [3, 3, 4, 8], "texture": "#overlay", "cullface": "east"},
				"up": {"uv": [5, 3, 3, 4], "rotation": 90, "texture": "#overlay", "cullface": "east"},
				"down": {"uv": [3, 7, 5, 8], "rotation": 90, "texture": "#overlay", "cullface": "east"}
			}
		},
		{
			"name": "gypsum_8",
			"from": [16, 11, 7],
			"to": [16.15, 13, 8],
			"rotation": {"angle": 0, "axis": "y", "origin": [8, 8, 8]},
			"faces": {
				"north": {"uv": [8, 3, 9, 5], "texture": "#overlay", "cullface": "east"},
				"east": {"uv": [8, 3, 9, 5], "texture": "#overlay", "cullface": "east"},
				"south": {"uv": [8, 3, 9, 5], "texture": "#overlay", "cullface": "east"},
				"up": {"uv": [9, 3, 8, 4], "rotation": 90, "texture": "#overlay", "cullface": "east"},
				"down": {"uv": [8, 4, 9, 5], "rotation": 90, "texture": "#overlay", "cullface": "east"}
			}
		},
		{
			"name": "gypsum_9",
			"from": [16, 11, 4],
			"to": [16.15, 13, 5],
			"rotation": {"angle": 0, "axis": "y", "origin": [8, 8, 8]},
			"faces": {
				"north": {"uv": [11, 3, 12, 5], "texture": "#overlay", "cullface": "east"},
				"east": {"uv": [11, 3, 12, 5], "texture": "#overlay", "cullface": "east"},
				"south": {"uv": [11, 3, 12, 5], "texture": "#overlay", "cullface": "east"},
				"up": {"uv": [12, 3, 11, 4], "rotation": 90, "texture": "#overlay", "cullface": "east"},
				"down": {"uv": [11, 4, 12, 5], "rotation": 90, "texture": "#overlay", "cullface": "east"}
			}
		},
		{
			"name": "gypsum_10",
			"from": [16, 7, 6],
			"to": [16.3, 12, 7],
			"rotation": {"angle": 0, "axis": "y", "origin": [8, 8, 8]},
			"faces": {
				"north": {"uv": [9, 4, 10, 9], "texture": "#overlay", "cullface": "east"},
				"east": {"uv": [9, 4, 10, 9], "texture": "#overlay", "cullface": "east"},
				"south": {"uv": [9, 4, 10, 9], "texture": "#overlay", "cullface": "east"},
				"up": {"uv": [10, 4, 9, 5], "rotation": 90, "texture": "#overlay", "cullface": "east"},
				"down": {"uv": [9, 8, 10, 9], "rotation": 90, "texture": "#overlay", "cullface": "east"}
			}
		},
		{
			"name": "gypsum_11",
			"from": [16, 1, 3],
			"to": [16.65, 12, 4],
			"rotation": {"angle": 0, "axis": "y", "origin": [8, 8, 8]},
			"faces": {
				"north": {"uv": [12, 4, 13, 15], "texture": "#overlay", "cullface": "east"},
				"east": {"uv": [12, 4, 13, 15], "texture": "#overlay", "cullface": "east"},
				"south": {"uv": [12, 4, 13, 15], "texture": "#overlay", "cullface": "east"},
				"up": {"uv": [13, 4, 12, 5], "rotation": 90, "texture": "#overlay", "cullface": "east"},
				"down": {"uv": [12, 14, 13, 15], "rotation": 90, "texture": "#overlay", "cullface": "east"}
			}
		},
		{
			"name": "gypsum_12",
			"from": [16, 8, 15],
			"to": [16.25, 11, 16],
			"rotation": {"angle": 0, "axis": "y", "origin": [8, 8, 8]},
			"faces": {
				"north": {"uv": [0, 5, 1, 8], "texture": "#overlay", "cullface": "east"},
				"east": {"uv": [0, 5, 1, 8], "texture": "#overlay", "cullface": "east"},
				"south": {"uv": [0, 5, 1, 8], "texture": "#overlay", "cullface": "east"},
				"up": {"uv": [1, 5, 0, 6], "rotation": 90, "texture": "#overlay", "cullface": "east"},
				"down": {"uv": [0, 7, 1, 8], "rotation": 90, "texture": "#overlay", "cullface": "east"}
			}
		},
		{
			"name": "gypsum_13",
			"from": [16, 2, 10],
			"to": [16.5, 11, 11],
			"rotation": {"angle": 0, "axis": "y", "origin": [8, 8, 8]},
			"faces": {
				"north": {"uv": [5, 5, 6, 14], "texture": "#overlay", "cullface": "east"},
				"east": {"uv": [5, 5, 6, 14], "texture": "#overlay", "cullface": "east"},
				"south": {"uv": [5, 5, 6, 14], "texture": "#overlay", "cullface": "east"},
				"up": {"uv": [6, 5, 5, 6], "rotation": 90, "texture": "#overlay", "cullface": "east"},
				"down": {"uv": [5, 13, 6, 14], "rotation": 90, "texture": "#overlay", "cullface": "east"}
			}
		},
		{
			"name": "gypsum_14",
			"from": [16, 7, 14],
			"to": [16.15, 9, 15],
			"rotation": {"angle": 0, "axis": "y", "origin": [8, 8, 8]},
			"faces": {
				"north": {"uv": [1, 7, 2, 9], "texture": "#overlay", "cullface": "east"},
				"east": {"uv": [1, 7, 2, 9], "texture": "#overlay", "cullface": "east"},
				"south": {"uv": [1, 7, 2, 9], "texture": "#overlay", "cullface": "east"},
				"up": {"uv": [2, 7, 1, 8], "rotation": 90, "texture": "#overlay", "cullface": "east"},
				"down": {"uv": [1, 8, 2, 9], "rotation": 90, "texture": "#overlay", "cullface": "east"}
			}
		},
		{
			"name": "gypsum_15",
			"from": [16, 1, 9],
			"to": [16.5, 9, 10],
			"rotation": {"angle": 0, "axis": "y", "origin": [8, 8, 8]},
			"faces": {
				"north": {"uv": [6, 7, 7, 15], "texture": "#overlay", "cullface": "east"},
				"east": {"uv": [6, 7, 7, 15], "texture": "#overlay", "cullface": "east"},
				"south": {"uv": [6, 7, 7, 15], "texture": "#overlay", "cullface": "east"},
				"up": {"uv": [7, 7, 6, 8], "rotation": 90, "texture": "#overlay", "cullface": "east"},
				"down": {"uv": [6, 14, 7, 15], "rotation": 90, "texture": "#overlay", "cullface": "east"}
			}
		},
		{
			"name": "gypsum_16",
			"from": [16, 7, 5],
			"to": [16.15, 9, 6],
			"rotation": {"angle": 0, "axis": "y", "origin": [8, 8, 8]},
			"faces": {
				"north": {"uv": [10, 7, 11, 9], "texture": "#overlay", "cullface": "east"},
				"east": {"uv": [10, 7, 11, 9], "texture": "#overlay", "cullface": "east"},
				"south": {"uv": [10, 7, 11, 9], "texture": "#overlay", "cullface": "east"},
				"up": {"uv": [11, 7, 10, 8], "rotation": 90, "texture": "#overlay", "cullface": "east"},
				"down": {"uv": [10, 8, 11, 9], "rotation": 90, "texture": "#overlay", "cullface": "east"}
			}
		},
		{
			"name": "gypsum_17",
			"from": [16, 7, 0],
			"to": [16.15, 9, 1],
			"rotation": {"angle": 0, "axis": "y", "origin": [8, 8, 8]},
			"faces": {
				"north": {"uv": [15, 7, 16, 9], "texture": "#overlay", "cullface": "east"},
				"east": {"uv": [15, 7, 16, 9], "texture": "#overlay", "cullface": "east"},
				"south": {"uv": [15, 7, 16, 9], "texture": "#overlay", "cullface": "east"},
				"up": {"uv": [16, 7, 15, 8], "rotation": 90, "texture": "#overlay", "cullface": "east"},
				"down": {"uv": [15, 8, 16, 9], "rotation": 90, "texture": "#overlay", "cullface": "east"}
			}
		},
		{
			"name": "gypsum_18",
			"from": [16, 4, 11],
			"to": [16.65, 8, 12],
			"rotation": {"angle": 0, "axis": "y", "origin": [8, 8, 8]},
			"faces": {
				"north": {"uv": [4, 8, 5, 12], "texture": "#overlay", "cullface": "east"},
				"east": {"uv": [4, 8, 5, 12], "texture": "#overlay", "cullface": "east"},
				"south": {"uv": [4, 8, 5, 12], "texture": "#overlay", "cullface": "east"},
				"up": {"uv": [5, 8, 4, 9], "rotation": 90, "texture": "#overlay", "cullface": "east"},
				"down": {"uv": [4, 11, 5, 12], "rotation": 90, "texture": "#overlay", "cullface": "east"}
			}
		},
		{
			"name": "gypsum_19",
			"from": [16, 5, 7],
			"to": [16.25, 8, 8],
			"rotation": {"angle": 0, "axis": "y", "origin": [8, 8, 8]},
			"faces": {
				"north": {"uv": [8, 8, 9, 11], "texture": "#overlay", "cullface": "east"},
				"east": {"uv": [8, 8, 9, 11], "texture": "#overlay", "cullface": "east"},
				"south": {"uv": [8, 8, 9, 11], "texture": "#overlay", "cullface": "east"},
				"up": {"uv": [9, 8, 8, 9], "rotation": 90, "texture": "#overlay", "cullface": "east"},
				"down": {"uv": [8, 10, 9, 11], "rotation": 90, "texture": "#overlay", "cullface": "east"}
			}
		},
		{
			"name": "gypsum_20",
			"from": [16, 0, 4],
			"to": [16.3, 6, 5],
			"rotation": {"angle": 0, "axis": "y", "origin": [8, 8, 8]},
			"faces": {
				"north": {"uv": [11, 10, 12, 16], "texture": "#overlay", "cullface": "east"},
				"east": {"uv": [11, 10, 12, 16], "texture": "#overlay", "cullface": "east"},
				"south": {"uv": [11, 10, 12, 16], "texture": "#overlay", "cullface": "east"},
				"up": {"uv": [12, 10, 11, 11], "rotation": 90, "texture": "#overlay", "cullface": "east"},
				"down": {"uv": [11, 15, 12, 16], "rotation": 90, "texture": "#overlay", "cullface": "east"}
			}
		},
		{
			"name": "gypsum_21",
			"from": [16, 0, 13],
			"to": [16.3, 5, 14],
			"rotation": {"angle": 0, "axis": "y", "origin": [8, 8, 8]},
			"faces": {
				"north": {"uv": [2, 11, 3, 16], "texture": "#overlay", "cullface": "east"},
				"east": {"uv": [2, 11, 3, 16], "texture": "#overlay", "cullface": "east"},
				"south": {"uv": [2, 11, 3, 16], "texture": "#overlay", "cullface": "east"},
				"up": {"uv": [3, 11, 2, 12], "rotation": 90, "texture": "#overlay", "cullface": "east"},
				"down": {"uv": [2, 15, 3, 16], "rotation": 90, "texture": "#overlay", "cullface": "east"}
			}
		},
		{
			"name": "gypsum_22",
			"from": [16, 2, 1],
			"to": [16.15, 4, 2],
			"rotation": {"angle": 0, "axis": "y", "origin": [8, 8, 8]},
			"faces": {
				"north": {"uv": [14, 12, 15, 14], "texture": "#overlay", "cullface": "east"},
				"east": {"uv": [14, 12, 15, 14], "texture": "#overlay", "cullface": "east"},
				"south": {"uv": [14, 12, 15, 14], "texture": "#overlay", "cullface": "east"},
				"up": {"uv": [15, 12, 14, 13], "rotation": 90, "texture": "#overlay", "cullface": "east"},
				"down": {"uv": [14, 13, 15, 14], "rotation": 90, "texture": "#overlay", "cullface": "east"}
			}
		},
		{
			"name": "gypsum_23",
			"from": [16, 0, 12],
			"to": [16.25, 3, 13],
			"rotation": {"angle": 0, "axis": "y", "origin": [8, 8, 8]},
			"faces": {
				"north": {"uv": [3, 13, 4, 16], "texture": "#overlay", "cullface": "east"},
				"east": {"uv": [3, 13, 4, 16], "texture": "#overlay", "cullface": "east"},
				"south": {"uv": [3, 13, 4, 16], "texture": "#overlay", "cullface": "east"},
				"up": {"uv": [4, 13, 3, 14], "rotation": 90, "texture": "#overlay", "cullface": "east"},
				"down": {"uv": [3, 15, 4, 16], "rotation": 90, "texture": "#overlay", "cullface": "east"}
			}
		},
		{
			"name": "gypsum_24",
			"from": [16, 0, 8],
			"to": [16.25, 3, 9],
			"rotation": {"angle": 0, "axis": "y", "origin": [8, 8, 8]},
			"faces": {
				"north": {"uv": [7, 13, 8, 16], "texture": "#overlay", "cullface": "east"},
				"east": {"uv": [7, 13, 8, 16], "texture": "#overlay", "cullface": "east"},
				"south": {"uv": [7, 13, 8, 16], "texture": "#overlay", "cullface": "east"},
				"up": {"uv": [8, 13, 7, 14], "rotation": 90, "texture": "#overlay", "cullface": "east"},
				"down": {"uv": [7, 15, 8, 16], "rotation": 90, "texture": "#overlay", "cullface": "east"}
			}
		},
		{
			"name": "gypsum_25",
			"from": [16, 0, 0],
			"to": [16.25, 3, 1],
			"rotation": {"angle": 0, "axis": "y", "origin": [8, 8, 8]},
			"faces": {
				"north": {"uv": [15, 13, 16, 16], "texture": "#overlay", "cullface": "east"},
				"east": {"uv": [15, 13, 16, 16], "texture": "#overlay", "cullface": "east"},
				"south": {"uv": [15, 13, 16, 16], "texture": "#overlay", "cullface": "east"},
				"up": {"uv": [16, 13, 15, 14], "rotation": 90, "texture": "#overlay", "cullface": "east"},
				"down": {"uv": [15, 15, 16, 16], "rotation": 90, "texture": "#overlay", "cullface": "east"}
			}
		},
		{
			"name": "gypsum_26",
			"from": [16, 0, 14],
			"to": [16.15, 1, 15],
			"rotation": {"angle": 0, "axis": "y", "origin": [8, 8, 8]},
			"faces": {
				"north": {"uv": [1, 15, 2, 16], "texture": "#overlay", "cullface": "east"},
				"east": {"uv": [1, 15, 2, 16], "texture": "#overlay", "cullface": "east"},
				"south": {"uv": [1, 15, 2, 16], "texture": "#overlay", "cullface": "east"},
				"up": {"uv": [2, 15, 1, 16], "rotation": 90, "texture": "#overlay", "cullface": "east"},
				"down": {"uv": [1, 15, 2, 16], "rotation": 90, "texture": "#overlay", "cullface": "east"}
			}
		},
		{
			"name": "gypsum_1",
			"from": [12, 13, -0.3],
			"to": [14, 16, 0],
			"rotation": {"angle": 0, "axis": "y", "origin": [8, 8, 8]},
			"faces": {
				"north": {"uv": [2, 0, 4, 3], "texture": "#overlay", "cullface": "north"},
				"east": {"uv": [2, 0, 3, 3], "texture": "#overlay", "cullface": "north"},
				"west": {"uv": [3, 0, 4, 3], "texture": "#overlay", "cullface": "north"},
				"up": {"uv": [4, 0, 2, 1], "texture": "#overlay", "cullface": "north"},
				"down": {"uv": [2, 2, 4, 3], "rotation": 180, "texture": "#overlay", "cullface": "north"}
			}
		},
		{
			"name": "gypsum_2",
			"from": [8, 15, -0.15],
			"to": [10, 16, 0],
			"rotation": {"angle": 0, "axis": "y", "origin": [8, 8, 8]},
			"faces": {
				"north": {"uv": [6, 0, 8, 1], "texture": "#overlay", "cullface": "north"},
				"east": {"uv": [6, 0, 7, 1], "texture": "#overlay", "cullface": "north"},
				"west": {"uv": [7, 0, 8, 1], "texture": "#overlay", "cullface": "north"},
				"up": {"uv": [8, 0, 6, 1], "texture": "#overlay", "cullface": "north"},
				"down": {"uv": [6, 0, 8, 1], "rotation": 180, "texture": "#overlay", "cullface": "north"}
			}
		},
		{
			"name": "gypsum_3",
			"from": [0, 15, -0.15],
			"to": [2, 16, 0],
			"rotation": {"angle": 0, "axis": "y", "origin": [8, 8, 8]},
			"faces": {
				"north": {"uv": [14, 0, 16, 1], "texture": "#overlay", "cullface": "north"},
				"east": {"uv": [14, 0, 15, 1], "texture": "#overlay", "cullface": "north"},
				"west": {"uv": [15, 0, 16, 1], "texture": "#overlay", "cullface": "north"},
				"up": {"uv": [16, 0, 14, 1], "texture": "#overlay", "cullface": "north"},
				"down": {"uv": [14, 0, 16, 1], "rotation": 180, "texture": "#overlay", "cullface": "north"}
			}
		},
		{
			"name": "gypsum_4",
			"from": [7, 13, -0.25],
			"to": [9, 15, 0],
			"rotation": {"angle": 0, "axis": "y", "origin": [8, 8, 8]},
			"faces": {
				"north": {"uv": [7, 1, 9, 3], "texture": "#overlay", "cullface": "north"},
				"east": {"uv": [7, 1, 8, 3], "texture": "#overlay", "cullface": "north"},
				"west": {"uv": [8, 1, 9, 3], "texture": "#overlay", "cullface": "north"},
				"up": {"uv": [9, 1, 7, 2], "texture": "#overlay", "cullface": "north"},
				"down": {"uv": [7, 2, 9, 3], "rotation": 180, "texture": "#overlay", "cullface": "north"}
			}
		},
		{
			"name": "gypsum_5",
			"from": [1, 13, -0.15],
			"to": [2, 15, 0],
			"rotation": {"angle": 0, "axis": "y", "origin": [8, 8, 8]},
			"faces": {
				"north": {"uv": [14, 1, 15, 3], "texture": "#overlay", "cullface": "north"},
				"east": {"uv": [14, 1, 15, 3], "texture": "#overlay", "cullface": "north"},
				"west": {"uv": [14, 1, 15, 3], "texture": "#overlay", "cullface": "north"},
				"up": {"uv": [15, 1, 14, 2], "texture": "#overlay", "cullface": "north"},
				"down": {"uv": [14, 2, 15, 3], "rotation": 180, "texture": "#overlay", "cullface": "north"}
			}
		},
		{
			"name": "gypsum_6",
			"from": [2, 6, -0.5],
			"to": [3, 14, 0],
			"rotation": {"angle": 0, "axis": "y", "origin": [8, 8, 8]},
			"faces": {
				"north": {"uv": [13, 2, 14, 10], "texture": "#overlay", "cullface": "north"},
				"east": {"uv": [13, 2, 14, 10], "texture": "#overlay", "cullface": "north"},
				"west": {"uv": [13, 2, 14, 10], "texture": "#overlay", "cullface": "north"},
				"up": {"uv": [14, 2, 13, 3], "texture": "#overlay", "cullface": "north"},
				"down": {"uv": [13, 9, 14, 10], "rotation": 180, "texture": "#overlay", "cullface": "north"}
			}
		},
		{
			"name": "gypsum_7",
			"from": [11, 8, -0.65],
			"to": [13, 13, 0],
			"rotation": {"angle": 0, "axis": "y", "origin": [8, 8, 8]},
			"faces": {
				"north": {"uv": [3, 3, 5, 8], "texture": "#overlay", "cullface": "north"},
				"east": {"uv": [3, 3, 4, 8], "texture": "#overlay", "cullface": "north"},
				"west": {"uv": [4, 3, 5, 8], "texture": "#overlay", "cullface": "north"},
				"up": {"uv": [5, 3, 3, 4], "texture": "#overlay", "cullface": "north"},
				"down": {"uv": [3, 7, 5, 8], "rotation": 180, "texture": "#overlay", "cullface": "north"}
			}
		},
		{
			"name": "gypsum_8",
			"from": [7, 11, -0.15],
			"to": [8, 13, 0],
			"rotation": {"angle": 0, "axis": "y", "origin": [8, 8, 8]},
			"faces": {
				"north": {"uv": [8, 3, 9, 5], "texture": "#overlay", "cullface": "north"},
				"east": {"uv": [8, 3, 9, 5], "texture": "#overlay", "cullface": "north"},
				"west": {"uv": [8, 3, 9, 5], "texture": "#overlay", "cullface": "north"},
				"up": {"uv": [9, 3, 8, 4], "texture": "#overlay", "cullface": "north"},
				"down": {"uv": [8, 4, 9, 5], "rotation": 180, "texture": "#overlay", "cullface": "north"}
			}
		},
		{
			"name": "gypsum_9",
			"from": [4, 11, -0.15],
			"to": [5, 13, 0],
			"rotation": {"angle": 0, "axis": "y", "origin": [8, 8, 8]},
			"faces": {
				"north": {"uv": [11, 3, 12, 5], "texture": "#overlay", "cullface": "north"},
				"east": {"uv": [11, 3, 12, 5], "texture": "#overlay", "cullface": "north"},
				"west": {"uv": [11, 3, 12, 5], "texture": "#overlay", "cullface": "north"},
				"up": {"uv": [12, 3, 11, 4], "texture": "#overlay", "cullface": "north"},
				"down": {"uv": [11, 4, 12, 5], "rotation": 180, "texture": "#overlay", "cullface": "north"}
			}
		},
		{
			"name": "gypsum_10",
			"from": [6, 7, -0.3],
			"to": [7, 12, 0],
			"rotation": {"angle": 0, "axis": "y", "origin": [8, 8, 8]},
			"faces": {
				"north": {"uv": [9, 4, 10, 9], "texture": "#overlay", "cullface": "north"},
				"east": {"uv": [9, 4, 10, 9], "texture": "#overlay", "cullface": "north"},
				"west": {"uv": [9, 4, 10, 9], "texture": "#overlay", "cullface": "north"},
				"up": {"uv": [10, 4, 9, 5], "texture": "#overlay", "cullface": "north"},
				"down": {"uv": [9, 8, 10, 9], "rotation": 180, "texture": "#overlay", "cullface": "north"}
			}
		},
		{
			"name": "gypsum_11",
			"from": [3, 1, -0.65],
			"to": [4, 12, 0],
			"rotation": {"angle": 0, "axis": "y", "origin": [8, 8, 8]},
			"faces": {
				"north": {"uv": [12, 4, 13, 15], "texture": "#overlay", "cullface": "north"},
				"east": {"uv": [12, 4, 13, 15], "texture": "#overlay", "cullface": "north"},
				"west": {"uv": [12, 4, 13, 15], "texture": "#overlay", "cullface": "north"},
				"up": {"uv": [13, 4, 12, 5], "texture": "#overlay", "cullface": "north"},
				"down": {"uv": [12, 14, 13, 15], "rotation": 180, "texture": "#overlay", "cullface": "north"}
			}
		},
		{
			"name": "gypsum_12",
			"from": [15, 8, -0.25],
			"to": [16, 11, 0],
			"rotation": {"angle": 0, "axis": "y", "origin": [8, 8, 8]},
			"faces": {
				"north": {"uv": [0, 5, 1, 8], "texture": "#overlay", "cullface": "north"},
				"east": {"uv": [0, 5, 1, 8], "texture": "#overlay", "cullface": "north"},
				"west": {"uv": [0, 5, 1, 8], "texture": "#overlay", "cullface": "north"},
				"up": {"uv": [1, 5, 0, 6], "texture": "#overlay", "cullface": "north"},
				"down": {"uv": [0, 7, 1, 8], "rotation": 180, "texture": "#overlay", "cullface": "north"}
			}
		},
		{
			"name": "gypsum_13",
			"from": [10, 2, -0.5],
			"to": [11, 11, 0],
			"rotation": {"angle": 0, "axis": "y", "origin": [8, 8, 8]},
			"faces": {
				"north": {"uv": [5, 5, 6, 14], "texture": "#overlay", "cullface": "north"},
				"east": {"uv": [5, 5, 6, 14], "texture": "#overlay", "cullface": "north"},
				"west": {"uv": [5, 5, 6, 14], "texture": "#overlay", "cullface": "north"},
				"up": {"uv": [6, 5, 5, 6], "texture": "#overlay", "cullface": "north"},
				"down": {"uv": [5, 13, 6, 14], "rotation": 180, "texture": "#overlay", "cullface": "north"}
			}
		},
		{
			"name": "gypsum_14",
			"from": [14, 7, -0.15],
			"to": [15, 9, 0],
			"rotation": {"angle": 0, "axis": "y", "origin": [8, 8, 8]},
			"faces": {
				"north": {"uv": [1, 7, 2, 9], "texture": "#overlay", "cullface": "north"},
				"east": {"uv": [1, 7, 2, 9], "texture": "#overlay", "cullface": "north"},
				"west": {"uv": [1, 7, 2, 9], "texture": "#overlay", "cullface": "north"},
				"up": {"uv": [2, 7, 1, 8], "texture": "#overlay", "cullface": "north"},
				"down": {"uv": [1, 8, 2, 9], "rotation": 180, "texture": "#overlay", "cullface": "north"}
			}
		},
		{
			"name": "gypsum_15",
			"from": [9, 1, -0.5],
			"to": [10, 9, 0],
			"rotation": {"angle": 0, "axis": "y", "origin": [8, 8, 8]},
			"faces": {
				"north": {"uv": [6, 7, 7, 15], "texture": "#overlay", "cullface": "north"},
				"east": {"uv": [6, 7, 7, 15], "texture": "#overlay", "cullface": "north"},
				"west": {"uv": [6, 7, 7, 15], "texture": "#overlay", "cullface": "north"},
				"up": {"uv": [7, 7, 6, 8], "texture": "#overlay", "cullface": "north"},
				"down": {"uv": [6, 14, 7, 15], "rotation": 180, "texture": "#overlay", "cullface": "north"}
			}
		},
		{
			"name": "gypsum_16",
			"from": [5, 7, -0.15],
			"to": [6, 9, 0],
			"rotation": {"angle": 0, "axis": "y", "origin": [8, 8, 8]},
			"faces": {
				"north": {"uv": [10, 7, 11, 9], "texture": "#overlay", "cullface": "north"},
				"east": {"uv": [10, 7, 11, 9], "texture": "#overlay", "cullface": "north"},
				"west": {"uv": [10, 7, 11, 9], "texture": "#overlay", "cullface": "north"},
				"up": {"uv": [11, 7, 10, 8], "texture": "#overlay", "cullface": "north"},
				"down": {"uv": [10, 8, 11, 9], "rotation": 180, "texture": "#overlay", "cullface": "north"}
			}
		},
		{
			"name": "gypsum_17",
			"from": [0, 7, -0.15],
			"to": [1, 9, 0],
			"rotation": {"angle": 0, "axis": "y", "origin": [8, 8, 8]},
			"faces": {
				"north": {"uv": [15, 7, 16, 9], "texture": "#overlay", "cullface": "north"},
				"east": {"uv": [15, 7, 16, 9], "texture": "#overlay", "cullface": "north"},
				"west": {"uv": [15, 7, 16, 9], "texture": "#overlay", "cullface": "north"},
				"up": {"uv": [16, 7, 15, 8], "texture": "#overlay", "cullface": "north"},
				"down": {"uv": [15, 8, 16, 9], "rotation": 180, "texture": "#overlay", "cullface": "north"}
			}
		},
		{
			"name": "gypsum_18",
			"from": [11, 4, -0.65],
			"to": [12, 8, 0],
			"rotation": {"angle": 0, "axis": "y", "origin": [8, 8, 8]},
			"faces": {
				"north": {"uv": [4, 8, 5, 12], "texture": "#overlay", "cullface": "north"},
				"east": {"uv": [4, 8, 5, 12], "texture": "#overlay", "cullface": "north"},
				"west": {"uv": [4, 8, 5, 12], "texture": "#overlay", "cullface": "north"},
				"up": {"uv": [5, 8, 4, 9], "texture": "#overlay", "cullface": "north"},
				"down": {"uv": [4, 11, 5, 12], "rotation": 180, "texture": "#overlay", "cullface": "north"}
			}
		},
		{
			"name": "gypsum_19",
			"from": [7, 5, -0.25],
			"to": [8, 8, 0],
			"rotation": {"angle": 0, "axis": "y", "origin": [8, 8, 8]},
			"faces": {
				"north": {"uv": [8, 8, 9, 11], "texture": "#overlay", "cullface": "north"},
				"east": {"uv": [8, 8, 9, 11], "texture": "#overlay", "cullface": "north"},
				"west": {"uv": [8, 8, 9, 11], "texture": "#overlay", "cullface": "north"},
				"up": {"uv": [9, 8, 8, 9], "texture": "#overlay", "cullface": "north"},
				"down": {"uv": [8, 10, 9, 11], "rotation": 180, "texture": "#overlay", "cullface": "north"}
			}
		},
		{
			"name": "gypsum_20",
			"from": [4, 0, -0.3],
			"to": [5, 6, 0],
			"rotation": {"angle": 0, "axis": "y", "origin": [8, 8, 8]},
			"faces": {
				"north": {"uv": [11, 10, 12, 16], "texture": "#overlay", "cullface": "north"},
				"east": {"uv": [11, 10, 12, 16], "texture": "#overlay", "cullface": "north"},
				"west": {"uv": [11, 10, 12, 16], "texture": "#overlay", "cullface": "north"},
				"up": {"uv": [12, 10, 11, 11], "texture": "#overlay", "cullface": "north"},
				"down": {"uv": [11, 15, 12, 16], "rotation": 180, "texture": "#overlay", "cullface": "north"}
			}
		},
		{
			"name": "gypsum_21",
			"from": [13, 0, -0.3],
			"to": [14, 5, 0],
			"rotation": {"angle": 0, "axis": "y", "origin": [8, 8, 8]},
			"faces": {
				"north": {"uv": [2, 11, 3, 16], "texture": "#overlay", "cullface": "north"},
				"east": {"uv": [2, 11, 3, 16], "texture": "#overlay", "cullface": "north"},
				"west": {"uv": [2, 11, 3, 16], "texture": "#overlay", "cullface": "north"},
				"up": {"uv": [3, 11, 2, 12], "texture": "#overlay", "cullface": "north"},
				"down": {"uv": [2, 15, 3, 16], "rotation": 180, "texture": "#overlay", "cullface": "north"}
			}
		},
		{
			"name": "gypsum_22",
			"from": [1, 2, -0.15],
			"to": [2, 4, 0],
			"rotation": {"angle": 0, "axis": "y", "origin": [8, 8, 8]},
			"faces": {
				"north": {"uv": [14, 12, 15, 14], "texture": "#overlay", "cullface": "north"},
				"east": {"uv": [14, 12, 15, 14], "texture": "#overlay", "cullface": "north"},
				"west": {"uv": [14, 12, 15, 14], "texture": "#overlay", "cullface": "north"},
				"up": {"uv": [15, 12, 14, 13], "texture": "#overlay", "cullface": "north"},
				"down": {"uv": [14, 13, 15, 14], "rotation": 180, "texture": "#overlay", "cullface": "north"}
			}
		},
		{
			"name": "gypsum_23",
			"from": [12, 0, -0.25],
			"to": [13, 3, 0],
			"rotation": {"angle": 0, "axis": "y", "origin": [8, 8, 8]},
			"faces": {
				"north": {"uv": [3, 13, 4, 16], "texture": "#overlay", "cullface": "north"},
				"east": {"uv": [3, 13, 4, 16], "texture": "#overlay", "cullface": "north"},
				"west": {"uv": [3, 13, 4, 16], "texture": "#overlay", "cullface": "north"},
				"up": {"uv": [4, 13, 3, 14], "texture": "#overlay", "cullface": "north"},
				"down": {"uv": [3, 15, 4, 16], "rotation": 180, "texture": "#overlay", "cullface": "north"}
			}
		},
		{
			"name": "gypsum_24",
			"from": [8, 0, -0.25],
			"to": [9, 3, 0],
			"rotation": {"angle": 0, "axis": "y", "origin": [8, 8, 8]},
			"faces": {
				"north": {"uv": [7, 13, 8, 16], "texture": "#overlay", "cullface": "north"},
				"east": {"uv": [7, 13, 8, 16], "texture": "#overlay", "cullface": "north"},
				"west": {"uv": [7, 13, 8, 16], "texture": "#overlay", "cullface": "north"},
				"up": {"uv": [8, 13, 7, 14], "texture": "#overlay", "cullface": "north"},
				"down": {"uv": [7, 15, 8, 16], "rotation": 180, "texture": "#overlay", "cullface": "north"}
			}
		},
		{
			"name": "gypsum_25",
			"from": [0, 0, -0.25],
			"to": [1, 3, 0],
			"rotation": {"angle": 0, "axis": "y", "origin": [8, 8, 8]},
			"faces": {
				"north": {"uv": [15, 13, 16, 16], "texture": "#overlay", "cullface": "north"},
				"east": {"uv": [15, 13, 16, 16], "texture": "#overlay", "cullface": "north"},
				"west": {"uv": [15, 13, 16, 16], "texture": "#overlay", "cullface": "north"},
				"up": {"uv": [16, 13, 15, 14], "texture": "#overlay", "cullface": "north"},
				"down": {"uv": [15, 15, 16, 16], "rotation": 180, "texture": "#overlay", "cullface": "north"}
			}
		},
		{
			"name": "gypsum_26",
			"from": [14, 0, -0.15],
			"to": [15, 1, 0],
			"rotation": {"angle": 0, "axis": "y", "origin": [8, 8, 8]},
			"faces": {
				"north": {"uv": [1, 15, 2, 16], "texture": "#overlay", "cullface": "north"},
				"east": {"uv": [1, 15, 2, 16], "texture": "#overlay", "cullface": "north"},
				"west": {"uv": [1, 15, 2, 16], "texture": "#overlay", "cullface": "north"},
				"up": {"uv": [2, 15, 1, 16], "texture": "#overlay", "cullface": "north"},
				"down": {"uv": [1, 15, 2, 16], "rotation": 180, "texture": "#overlay", "cullface": "north"}
			}
		},
		{
			"name": "gypsum_2",
			"from": [-0.3, 13, 2],
			"to": [0, 16, 4],
			"rotation": {"angle": 0, "axis": "y", "origin": [8, 8, 8]},
			"faces": {
				"north": {"uv": [2, 0, 3, 3], "texture": "#overlay", "cullface": "west"},
				"south": {"uv": [3, 0, 4, 3], "texture": "#overlay", "cullface": "west"},
				"west": {"uv": [2, 0, 4, 3], "texture": "#overlay", "cullface": "west"},
				"up": {"uv": [4, 0, 2, 1], "rotation": 270, "texture": "#overlay", "cullface": "west"},
				"down": {"uv": [2, 2, 4, 3], "rotation": 270, "texture": "#overlay", "cullface": "west"}
			}
		},
		{
			"name": "gypsum_3",
			"from": [-0.15, 15, 6],
			"to": [0, 16, 8],
			"rotation": {"angle": 0, "axis": "y", "origin": [8, 8, 8]},
			"faces": {
				"north": {"uv": [6, 0, 7, 1], "texture": "#overlay", "cullface": "west"},
				"south": {"uv": [7, 0, 8, 1], "texture": "#overlay", "cullface": "west"},
				"west": {"uv": [6, 0, 8, 1], "texture": "#overlay", "cullface": "west"},
				"up": {"uv": [8, 0, 6, 1], "rotation": 270, "texture": "#overlay", "cullface": "west"},
				"down": {"uv": [6, 0, 8, 1], "rotation": 270, "texture": "#overlay", "cullface": "west"}
			}
		},
		{
			"name": "gypsum_4",
			"from": [-0.15, 15, 14],
			"to": [0, 16, 16],
			"rotation": {"angle": 0, "axis": "y", "origin": [8, 8, 8]},
			"faces": {
				"north": {"uv": [14, 0, 15, 1], "texture": "#overlay", "cullface": "west"},
				"south": {"uv": [15, 0, 16, 1], "texture": "#overlay", "cullface": "west"},
				"west": {"uv": [14, 0, 16, 1], "texture": "#overlay", "cullface": "west"},
				"up": {"uv": [16, 0, 14, 1], "rotation": 270, "texture": "#overlay", "cullface": "west"},
				"down": {"uv": [14, 0, 16, 1], "rotation": 270, "texture": "#overlay", "cullface": "west"}
			}
		},
		{
			"name": "gypsum_5",
			"from": [-0.25, 13, 7],
			"to": [0, 15, 9],
			"rotation": {"angle": 0, "axis": "y", "origin": [8, 8, 8]},
			"faces": {
				"north": {"uv": [7, 1, 8, 3], "texture": "#overlay", "cullface": "west"},
				"south": {"uv": [8, 1, 9, 3], "texture": "#overlay", "cullface": "west"},
				"west": {"uv": [7, 1, 9, 3], "texture": "#overlay", "cullface": "west"},
				"up": {"uv": [9, 1, 7, 2], "rotation": 270, "texture": "#overlay", "cullface": "west"},
				"down": {"uv": [7, 2, 9, 3], "rotation": 270, "texture": "#overlay", "cullface": "west"}
			}
		},
		{
			"name": "gypsum_6",
			"from": [-0.15, 13, 14],
			"to": [0, 15, 15],
			"rotation": {"angle": 0, "axis": "y", "origin": [8, 8, 8]},
			"faces": {
				"north": {"uv": [14, 1, 15, 3], "texture": "#overlay", "cullface": "west"},
				"south": {"uv": [14, 1, 15, 3], "texture": "#overlay", "cullface": "west"},
				"west": {"uv": [14, 1, 15, 3], "texture": "#overlay", "cullface": "west"},
				"up": {"uv": [15, 1, 14, 2], "rotation": 270, "texture": "#overlay", "cullface": "west"},
				"down": {"uv": [14, 2, 15, 3], "rotation": 270, "texture": "#overlay", "cullface": "west"}
			}
		},
		{
			"name": "gypsum_7",
			"from": [-0.5, 6, 13],
			"to": [0, 14, 14],
			"rotation": {"angle": 0, "axis": "y", "origin": [8, 8, 8]},
			"faces": {
				"north": {"uv": [13, 2, 14, 10], "texture": "#overlay", "cullface": "west"},
				"south": {"uv": [13, 2, 14, 10], "texture": "#overlay", "cullface": "west"},
				"west": {"uv": [13, 2, 14, 10], "texture": "#overlay", "cullface": "west"},
				"up": {"uv": [14, 2, 13, 3], "rotation": 270, "texture": "#overlay", "cullface": "west"},
				"down": {"uv": [13, 9, 14, 10], "rotation": 270, "texture": "#overlay", "cullface": "west"}
			}
		},
		{
			"name": "gypsum_8",
			"from": [-0.65, 8, 3],
			"to": [0, 13, 5],
			"rotation": {"angle": 0, "axis": "y", "origin": [8, 8, 8]},
			"faces": {
				"north": {"uv": [3, 3, 4, 8], "texture": "#overlay", "cullface": "west"},
				"south": {"uv": [4, 3, 5, 8], "texture": "#overlay", "cullface": "west"},
				"west": {"uv": [3, 3, 5, 8], "texture": "#overlay", "cullface": "west"},
				"up": {"uv": [5, 3, 3, 4], "rotation": 270, "texture": "#overlay", "cullface": "west"},
				"down": {"uv": [3, 7, 5, 8], "rotation": 270, "texture": "#overlay", "cullface": "west"}
			}
		},
		{
			"name": "gypsum_9",
			"from": [-0.15, 11, 8],
			"to": [0, 13, 9],
			"rotation": {"angle": 0, "axis": "y", "origin": [8, 8, 8]},
			"faces": {
				"north": {"uv": [8, 3, 9, 5], "texture": "#overlay", "cullface": "west"},
				"south": {"uv": [8, 3, 9, 5], "texture": "#overlay", "cullface": "west"},
				"west": {"uv": [8, 3, 9, 5], "texture": "#overlay", "cullface": "west"},
				"up": {"uv": [9, 3, 8, 4], "rotation": 270, "texture": "#overlay", "cullface": "west"},
				"down": {"uv": [8, 4, 9, 5], "rotation": 270, "texture": "#overlay", "cullface": "west"}
			}
		},
		{
			"name": "gypsum_10",
			"from": [-0.15, 11, 11],
			"to": [0, 13, 12],
			"rotation": {"angle": 0, "axis": "y", "origin": [8, 8, 8]},
			"faces": {
				"north": {"uv": [11, 3, 12, 5], "texture": "#overlay", "cullface": "west"},
				"south": {"uv": [11, 3, 12, 5], "texture": "#overlay", "cullface": "west"},
				"west": {"uv": [11, 3, 12, 5], "texture": "#overlay", "cullface": "west"},
				"up": {"uv": [12, 3, 11, 4], "rotation": 270, "texture": "#overlay", "cullface": "west"},
				"down": {"uv": [11, 4, 12, 5], "rotation": 270, "texture": "#overlay", "cullface": "west"}
			}
		},
		{
			"name": "gypsum_11",
			"from": [-0.3, 7, 9],
			"to": [0, 12, 10],
			"rotation": {"angle": 0, "axis": "y", "origin": [8, 8, 8]},
			"faces": {
				"north": {"uv": [9, 4, 10, 9], "texture": "#overlay", "cullface": "west"},
				"south": {"uv": [9, 4, 10, 9], "texture": "#overlay", "cullface": "west"},
				"west": {"uv": [9, 4, 10, 9], "texture": "#overlay", "cullface": "west"},
				"up": {"uv": [10, 4, 9, 5], "rotation": 270, "texture": "#overlay", "cullface": "west"},
				"down": {"uv": [9, 8, 10, 9], "rotation": 270, "texture": "#overlay", "cullface": "west"}
			}
		},
		{
			"name": "gypsum_12",
			"from": [-0.65, 1, 12],
			"to": [0, 12, 13],
			"rotation": {"angle": 0, "axis": "y", "origin": [8, 8, 8]},
			"faces": {
				"north": {"uv": [12, 4, 13, 15], "texture": "#overlay", "cullface": "west"},
				"south": {"uv": [12, 4, 13, 15], "texture": "#overlay", "cullface": "west"},
				"west": {"uv": [12, 4, 13, 15], "texture": "#overlay", "cullface": "west"},
				"up": {"uv": [13, 4, 12, 5], "rotation": 270, "texture": "#overlay", "cullface": "west"},
				"down": {"uv": [12, 14, 13, 15], "rotation": 270, "texture": "#overlay", "cullface": "west"}
			}
		},
		{
			"name": "gypsum_13",
			"from": [-0.25, 8, 0],
			"to": [0, 11, 1],
			"rotation": {"angle": 0, "axis": "y", "origin": [8, 8, 8]},
			"faces": {
				"north": {"uv": [0, 5, 1, 8], "texture": "#overlay", "cullface": "west"},
				"south": {"uv": [0, 5, 1, 8], "texture": "#overlay", "cullface": "west"},
				"west": {"uv": [0, 5, 1, 8], "texture": "#overlay", "cullface": "west"},
				"up": {"uv": [1, 5, 0, 6], "rotation": 270, "texture": "#overlay", "cullface": "west"},
				"down": {"uv": [0, 7, 1, 8], "rotation": 270, "texture": "#overlay", "cullface": "west"}
			}
		},
		{
			"name": "gypsum_14",
			"from": [-0.5, 2, 5],
			"to": [0, 11, 6],
			"rotation": {"angle": 0, "axis": "y", "origin": [8, 8, 8]},
			"faces": {
				"north": {"uv": [5, 5, 6, 14], "texture": "#overlay", "cullface": "west"},
				"south": {"uv": [5, 5, 6, 14], "texture": "#overlay", "cullface": "west"},
				"west": {"uv": [5, 5, 6, 14], "texture": "#overlay", "cullface": "west"},
				"up": {"uv": [6, 5, 5, 6], "rotation": 270, "texture": "#overlay", "cullface": "west"},
				"down": {"uv": [5, 13, 6, 14], "rotation": 270, "texture": "#overlay", "cullface": "west"}
			}
		},
		{
			"name": "gypsum_15",
			"from": [-0.15, 7, 1],
			"to": [0, 9, 2],
			"rotation": {"angle": 0, "axis": "y", "origin": [8, 8, 8]},
			"faces": {
				"north": {"uv": [1, 7, 2, 9], "texture": "#overlay", "cullface": "west"},
				"south": {"uv": [1, 7, 2, 9], "texture": "#overlay", "cullface": "west"},
				"west": {"uv": [1, 7, 2, 9], "texture": "#overlay", "cullface": "west"},
				"up": {"uv": [2, 7, 1, 8], "rotation": 270, "texture": "#overlay", "cullface": "west"},
				"down": {"uv": [1, 8, 2, 9], "rotation": 270, "texture": "#overlay", "cullface": "west"}
			}
		},
		{
			"name": "gypsum_16",
			"from": [-0.5, 1, 6],
			"to": [0, 9, 7],
			"rotation": {"angle": 0, "axis": "y", "origin": [8, 8, 8]},
			"faces": {
				"north": {"uv": [6, 7, 7, 15], "texture": "#overlay", "cullface": "west"},
				"south": {"uv": [6, 7, 7, 15], "texture": "#overlay", "cullface": "west"},
				"west": {"uv": [6, 7, 7, 15], "texture": "#overlay", "cullface": "west"},
				"up": {"uv": [7, 7, 6, 8], "rotation": 270, "texture": "#overlay", "cullface": "west"},
				"down": {"uv": [6, 14, 7, 15], "rotation": 270, "texture": "#overlay", "cullface": "west"}
			}
		},
		{
			"name": "gypsum_17",
			"from": [-0.15, 7, 10],
			"to": [0, 9, 11],
			"rotation": {"angle": 0, "axis": "y", "origin": [8, 8, 8]},
			"faces": {
				"north": {"uv": [10, 7, 11, 9], "texture": "#overlay", "cullface": "west"},
				"south": {"uv": [10, 7, 11, 9], "texture": "#overlay", "cullface": "west"},
				"west": {"uv": [10, 7, 11, 9], "texture": "#overlay", "cullface": "west"},
				"up": {"uv": [11, 7, 10, 8], "rotation": 270, "texture": "#overlay", "cullface": "west"},
				"down": {"uv": [10, 8, 11, 9], "rotation": 270, "texture": "#overlay", "cullface": "west"}
			}
		},
		{
			"name": "gypsum_18",
			"from": [-0.15, 7, 15],
			"to": [0, 9, 16],
			"rotation": {"angle": 0, "axis": "y", "origin": [8, 8, 8]},
			"faces": {
				"north": {"uv": [15, 7, 16, 9], "texture": "#overlay", "cullface": "west"},
				"south": {"uv": [15, 7, 16, 9], "texture": "#overlay", "cullface": "west"},
				"west": {"uv": [15, 7, 16, 9], "texture": "#overlay", "cullface": "west"},
				"up": {"uv": [16, 7, 15, 8], "rotation": 270, "texture": "#overlay", "cullface": "west"},
				"down": {"uv": [15, 8, 16, 9], "rotation": 270, "texture": "#overlay", "cullface": "west"}
			}
		},
		{
			"name": "gypsum_19",
			"from": [-0.65, 4, 4],
			"to": [0, 8, 5],
			"rotation": {"angle": 0, "axis": "y", "origin": [8, 8, 8]},
			"faces": {
				"north": {"uv": [4, 8, 5, 12], "texture": "#overlay", "cullface": "west"},
				"south": {"uv": [4, 8, 5, 12], "texture": "#overlay", "cullface": "west"},
				"west": {"uv": [4, 8, 5, 12], "texture": "#overlay", "cullface": "west"},
				"up": {"uv": [5, 8, 4, 9], "rotation": 270, "texture": "#overlay", "cullface": "west"},
				"down": {"uv": [4, 11, 5, 12], "rotation": 270, "texture": "#overlay", "cullface": "west"}
			}
		},
		{
			"name": "gypsum_20",
			"from": [-0.25, 5, 8],
			"to": [0, 8, 9],
			"rotation": {"angle": 0, "axis": "y", "origin": [8, 8, 8]},
			"faces": {
				"north": {"uv": [8, 8, 9, 11], "texture": "#overlay", "cullface": "west"},
				"south": {"uv": [8, 8, 9, 11], "texture": "#overlay", "cullface": "west"},
				"west": {"uv": [8, 8, 9, 11], "texture": "#overlay", "cullface": "west"},
				"up": {"uv": [9, 8, 8, 9], "rotation": 270, "texture": "#overlay", "cullface": "west"},
				"down": {"uv": [8, 10, 9, 11], "rotation": 270, "texture": "#overlay", "cullface": "west"}
			}
		},
		{
			"name": "gypsum_21",
			"from": [-0.3, 0, 11],
			"to": [0, 6, 12],
			"rotation": {"angle": 0, "axis": "y", "origin": [8, 8, 8]},
			"faces": {
				"north": {"uv": [11, 10, 12, 16], "texture": "#overlay", "cullface": "west"},
				"south": {"uv": [11, 10, 12, 16], "texture": "#overlay", "cullface": "west"},
				"west": {"uv": [11, 10, 12, 16], "texture": "#overlay", "cullface": "west"},
				"up": {"uv": [12, 10, 11, 11], "rotation": 270, "texture": "#overlay", "cullface": "west"},
				"down": {"uv": [11, 15, 12, 16], "rotation": 270, "texture": "#overlay", "cullface": "west"}
			}
		},
		{
			"name": "gypsum_22",
			"from": [-0.3, 0, 2],
			"to": [0, 5, 3],
			"rotation": {"angle": 0, "axis": "y", "origin": [8, 8, 8]},
			"faces": {
				"north": {"uv": [2, 11, 3, 16], "texture": "#overlay", "cullface": "west"},
				"south": {"uv": [2, 11, 3, 16], "texture": "#overlay", "cullface": "west"},
				"west": {"uv": [2, 11, 3, 16], "texture": "#overlay", "cullface": "west"},
				"up": {"uv": [3, 11, 2, 12], "rotation": 270, "texture": "#overlay", "cullface": "west"},
				"down": {"uv": [2, 15, 3, 16], "rotation": 270, "texture": "#overlay", "cullface": "west"}
			}
		},
		{
			"name": "gypsum_23",
			"from": [-0.15, 2, 14],
			"to": [0, 4, 15],
			"rotation": {"angle": 0, "axis": "y", "origin": [8, 8, 8]},
			"faces": {
				"north": {"uv": [14, 12, 15, 14], "texture": "#overlay", "cullface": "west"},
				"south": {"uv": [14, 12, 15, 14], "texture": "#overlay", "cullface": "west"},
				"west": {"uv": [14, 12, 15, 14], "texture": "#overlay", "cullface": "west"},
				"up": {"uv": [15, 12, 14, 13], "rotation": 270, "texture": "#overlay", "cullface": "west"},
				"down": {"uv": [14, 13, 15, 14], "rotation": 270, "texture": "#overlay", "cullface": "west"}
			}
		},
		{
			"name": "gypsum_24",
			"from": [-0.25, 0, 3],
			"to": [0, 3, 4],
			"rotation": {"angle": 0, "axis": "y", "origin": [8, 8, 8]},
			"faces": {
				"north": {"uv": [3, 13, 4, 16], "texture": "#overlay", "cullface": "west"},
				"south": {"uv": [3, 13, 4, 16], "texture": "#overlay", "cullface": "west"},
				"west": {"uv": [3, 13, 4, 16], "texture": "#overlay", "cullface": "west"},
				"up": {"uv": [4, 13, 3, 14], "rotation": 270, "texture": "#overlay", "cullface": "west"},
				"down": {"uv": [3, 15, 4, 16], "rotation": 270, "texture": "#overlay", "cullface": "west"}
			}
		},
		{
			"name": "gypsum_25",
			"from": [-0.25, 0, 7],
			"to": [0, 3, 8],
			"rotation": {"angle": 0, "axis": "y", "origin": [8, 8, 8]},
			"faces": {
				"north": {"uv": [7, 13, 8, 16], "texture": "#overlay", "cullface": "west"},
				"south": {"uv": [7, 13, 8, 16], "texture": "#overlay", "cullface": "west"},
				"west": {"uv": [7, 13, 8, 16], "texture": "#overlay", "cullface": "west"},
				"up": {"uv": [8, 13, 7, 14], "rotation": 270, "texture": "#overlay", "cullface": "west"},
				"down": {"uv": [7, 15, 8, 16], "rotation": 270, "texture": "#overlay", "cullface": "west"}
			}
		},
		{
			"name": "gypsum_26",
			"from": [-0.25, 0, 15],
			"to": [0, 3, 16],
			"rotation": {"angle": 0, "axis": "y", "origin": [8, 8, 8]},
			"faces": {
				"north": {"uv": [15, 13, 16, 16], "texture": "#overlay", "cullface": "west"},
				"south": {"uv": [15, 13, 16, 16], "texture": "#overlay", "cullface": "west"},
				"west": {"uv": [15, 13, 16, 16], "texture": "#overlay", "cullface": "west"},
				"up": {"uv": [16, 13, 15, 14], "rotation": 270, "texture": "#overlay", "cullface": "west"},
				"down": {"uv": [15, 15, 16, 16], "rotation": 270, "texture": "#overlay", "cullface": "west"}
			}
		},
		{
			"name": "gypsum_27",
			"from": [-0.15, 0, 1],
			"to": [0, 1, 2],
			"rotation": {"angle": 0, "axis": "y", "origin": [8, 8, 8]},
			"faces": {
				"north": {"uv": [1, 15, 2, 16], "texture": "#overlay", "cullface": "west"},
				"south": {"uv": [1, 15, 2, 16], "texture": "#overlay", "cullface": "west"},
				"west": {"uv": [1, 15, 2, 16], "texture": "#overlay", "cullface": "west"},
				"up": {"uv": [2, 15, 1, 16], "rotation": 270, "texture": "#overlay", "cullface": "west"},
				"down": {"uv": [1, 15, 2, 16], "rotation": 270, "texture": "#overlay", "cullface": "west"}
			}
		}
	],
	"groups": [
		0,
		{
			"name": "gypsum",
			"origin": [8, 8, 8],
			"color": 0,
			"children": [1, 2, 3, 4, 5, 6, 7, 8, 9, 10, 11, 12, 13, 14, 15, 16, 17, 18, 19, 20, 21, 22, 23, 24, 25, 26]
		},
		{
			"name": "gypsum",
			"origin": [8, 8, 8],
			"color": 0,
			"children": [27, 28, 29, 30, 31, 32, 33, 34, 35, 36, 37, 38, 39, 40, 41, 42, 43, 44, 45, 46, 47, 48, 49, 50, 51, 52]
		},
		{
			"name": "gypsum",
			"origin": [8, 8, 8],
			"color": 0,
			"children": [53, 54, 55, 56, 57, 58, 59, 60, 61, 62, 63, 64, 65, 66, 67, 68, 69, 70, 71, 72, 73, 74, 75, 76, 77, 78]
		},
		{
			"name": "gypsum",
			"origin": [8, 8, 8],
			"color": 0,
			"children": [79, 80, 81, 82, 83, 84, 85, 86, 87, 88, 89, 90, 91, 92, 93, 94, 95, 96, 97, 98, 99, 100, 101, 102, 103, 104]
		},
		{
			"name": "gypsum",
			"origin": [8, 8, 8],
			"color": 0,
			"children": [105, 106, 107, 108, 109, 110, 111, 112, 113, 114, 115, 116, 117, 118, 119, 120, 121, 122, 123, 124, 125, 126, 127, 128, 129, 130]
		},
		{
			"name": "gypsum",
			"origin": [8, 8, 8],
			"color": 0,
			"children": [131, 132, 133, 134, 135, 136, 137, 138, 139, 140, 141, 142, 143, 144, 145, 146, 147, 148, 149, 150, 151, 152, 153, 154, 155, 156]
		}
	]
}