{
	"credit": "Made with Blockbench",
	"parent": "block/block",
	"elements": [
		{
			"from": [0, 0, 0],
			"to": [16, 16, 16],
			"rotation": {"angle": 0, "axis": "y", "origin": [8, 8, 8]},
			"faces": {
				"north": {"uv": [0, 0, 16, 16], "texture": "#all", "cullface": "north"},
				"east": {"uv": [0, 0, 16, 16], "texture": "#all", "cullface": "east"},
				"south": {"uv": [0, 0, 16, 16], "texture": "#all", "cullface": "south"},
				"west": {"uv": [0, 0, 16, 16], "texture": "#all", "cullface": "west"},
				"up": {"uv": [0, 0, 16, 16], "texture": "#all", "cullface": "up"},
				"down": {"uv": [0, 0, 16, 16], "texture": "#all", "cullface": "down"}
			}
		},
		{
			"name": "lapis_lazuli_1",
			"from": [2, 16, 2],
			"to": [6, 16.1, 3],
			"rotation": {"angle": 0, "axis": "x", "origin": [8, 8, 8]},
			"faces": {
				"north": {"uv": [6, 2, 2, 3], "texture": "#overlay", "cullface": "up"},
				"east": {"uv": [5, 2, 6, 3], "rotation": 90, "texture": "#overlay", "cullface": "up"},
				"south": {"uv": [2, 2, 6, 3], "texture": "#overlay", "cullface": "up"},
				"west": {"uv": [2, 2, 3, 3], "rotation": 270, "texture": "#overlay", "cullface": "up"},
				"up": {"uv": [2, 2, 6, 3], "texture": "#overlay", "cullface": "up"}
			}
		},
		{
			"name": "lapis_lazuli_2",
			"from": [12, 16, 2],
			"to": [14, 16.05, 3],
			"rotation": {"angle": 0, "axis": "x", "origin": [8, 8, 8]},
			"faces": {
				"north": {"uv": [14, 2, 12, 3], "texture": "#overlay", "cullface": "up"},
				"east": {"uv": [13, 2, 14, 3], "rotation": 90, "texture": "#overlay", "cullface": "up"},
				"south": {"uv": [12, 2, 14, 3], "texture": "#overlay", "cullface": "up"},
				"west": {"uv": [12, 2, 13, 3], "rotation": 270, "texture": "#overlay", "cullface": "up"},
				"up": {"uv": [12, 2, 14, 3], "texture": "#overlay", "cullface": "up"}
			}
		},
		{
			"name": "lapis_lazuli_3",
			"from": [5, 16, 3],
			"to": [6, 16.05, 4],
			"rotation": {"angle": 0, "axis": "x", "origin": [8, 8, 8]},
			"faces": {
				"north": {"uv": [6, 3, 5, 4], "texture": "#overlay", "cullface": "up"},
				"east": {"uv": [5, 3, 6, 4], "rotation": 90, "texture": "#overlay", "cullface": "up"},
				"south": {"uv": [5, 3, 6, 4], "texture": "#overlay", "cullface": "up"},
				"west": {"uv": [5, 3, 6, 4], "rotation": 270, "texture": "#overlay", "cullface": "up"},
				"up": {"uv": [5, 3, 6, 4], "texture": "#overlay", "cullface": "up"}
			}
		},
		{
			"name": "lapis_lazuli_4",
			"from": [7, 16, 3],
			"to": [9, 16.05, 4],
			"rotation": {"angle": 0, "axis": "x", "origin": [8, 8, 8]},
			"faces": {
				"north": {"uv": [9, 3, 7, 4], "texture": "#overlay", "cullface": "up"},
				"east": {"uv": [8, 3, 9, 4], "rotation": 90, "texture": "#overlay", "cullface": "up"},
				"south": {"uv": [7, 3, 9, 4], "texture": "#overlay", "cullface": "up"},
				"west": {"uv": [7, 3, 8, 4], "rotation": 270, "texture": "#overlay", "cullface": "up"},
				"up": {"uv": [7, 3, 9, 4], "texture": "#overlay", "cullface": "up"}
			}
		},
		{
			"name": "lapis_lazuli_5",
			"from": [5, 16, 5],
			"to": [7, 16.1, 7],
			"rotation": {"angle": 0, "axis": "x", "origin": [8, 8, 8]},
			"faces": {
				"north": {"uv": [7, 5, 5, 6], "texture": "#overlay", "cullface": "up"},
				"east": {"uv": [6, 5, 7, 7], "rotation": 90, "texture": "#overlay", "cullface": "up"},
				"south": {"uv": [5, 6, 7, 7], "texture": "#overlay", "cullface": "up"},
				"west": {"uv": [5, 5, 6, 7], "rotation": 270, "texture": "#overlay", "cullface": "up"},
				"up": {"uv": [5, 5, 7, 7], "texture": "#overlay", "cullface": "up"}
			}
		},
		{
			"name": "lapis_lazuli_6",
			"from": [10, 16, 5],
			"to": [12, 16.1, 7],
			"rotation": {"angle": 0, "axis": "x", "origin": [8, 8, 8]},
			"faces": {
				"north": {"uv": [12, 5, 10, 6], "texture": "#overlay", "cullface": "up"},
				"east": {"uv": [11, 5, 12, 7], "rotation": 90, "texture": "#overlay", "cullface": "up"},
				"south": {"uv": [10, 6, 12, 7], "texture": "#overlay", "cullface": "up"},
				"west": {"uv": [10, 5, 11, 7], "rotation": 270, "texture": "#overlay", "cullface": "up"},
				"up": {"uv": [10, 5, 12, 7], "texture": "#overlay", "cullface": "up"}
			}
		},
		{
			"name": "lapis_lazuli_7",
			"from": [3, 16, 6],
			"to": [5, 16.05, 7],
			"rotation": {"angle": 0, "axis": "x", "origin": [8, 8, 8]},
			"faces": {
				"north": {"uv": [5, 6, 3, 7], "texture": "#overlay", "cullface": "up"},
				"east": {"uv": [4, 6, 5, 7], "rotation": 90, "texture": "#overlay", "cullface": "up"},
				"south": {"uv": [3, 6, 5, 7], "texture": "#overlay", "cullface": "up"},
				"west": {"uv": [3, 6, 4, 7], "rotation": 270, "texture": "#overlay", "cullface": "up"},
				"up": {"uv": [3, 6, 5, 7], "texture": "#overlay", "cullface": "up"}
			}
		},
		{
			"name": "lapis_lazuli_8",
			"from": [7, 16, 6],
			"to": [8, 16.05, 7],
			"rotation": {"angle": 0, "axis": "x", "origin": [8, 8, 8]},
			"faces": {
				"north": {"uv": [8, 6, 7, 7], "texture": "#overlay", "cullface": "up"},
				"east": {"uv": [7, 6, 8, 7], "rotation": 90, "texture": "#overlay", "cullface": "up"},
				"south": {"uv": [7, 6, 8, 7], "texture": "#overlay", "cullface": "up"},
				"west": {"uv": [7, 6, 8, 7], "rotation": 270, "texture": "#overlay", "cullface": "up"},
				"up": {"uv": [7, 6, 8, 7], "texture": "#overlay", "cullface": "up"}
			}
		},
		{
			"name": "lapis_lazuli_9",
			"from": [1, 16, 7],
			"to": [3, 16.1, 9],
			"rotation": {"angle": 0, "axis": "x", "origin": [8, 8, 8]},
			"faces": {
				"north": {"uv": [3, 7, 1, 8], "texture": "#overlay", "cullface": "up"},
				"east": {"uv": [2, 7, 3, 9], "rotation": 90, "texture": "#overlay", "cullface": "up"},
				"south": {"uv": [1, 8, 3, 9], "texture": "#overlay", "cullface": "up"},
				"west": {"uv": [1, 7, 2, 9], "rotation": 270, "texture": "#overlay", "cullface": "up"},
				"up": {"uv": [1, 7, 3, 9], "texture": "#overlay", "cullface": "up"}
			}
		},
		{
			"name": "lapis_lazuli_10",
			"from": [7, 16, 8],
			"to": [8, 16.05, 10],
			"rotation": {"angle": 0, "axis": "x", "origin": [8, 8, 8]},
			"faces": {
				"north": {"uv": [8, 8, 7, 9], "texture": "#overlay", "cullface": "up"},
				"east": {"uv": [7, 8, 8, 10], "rotation": 90, "texture": "#overlay", "cullface": "up"},
				"south": {"uv": [7, 9, 8, 10], "texture": "#overlay", "cullface": "up"},
				"west": {"uv": [7, 8, 8, 10], "rotation": 270, "texture": "#overlay", "cullface": "up"},
				"up": {"uv": [7, 8, 8, 10], "texture": "#overlay", "cullface": "up"}
			}
		},
		{
			"name": "lapis_lazuli_11",
			"from": [9, 16, 8],
			"to": [12, 16.15, 10],
			"rotation": {"angle": 0, "axis": "x", "origin": [8, 8, 8]},
			"faces": {
				"north": {"uv": [12, 8, 9, 9], "texture": "#overlay", "cullface": "up"},
				"east": {"uv": [11, 8, 12, 10], "rotation": 90, "texture": "#overlay", "cullface": "up"},
				"south": {"uv": [9, 9, 12, 10], "texture": "#overlay", "cullface": "up"},
				"west": {"uv": [9, 8, 10, 10], "rotation": 270, "texture": "#overlay", "cullface": "up"},
				"up": {"uv": [9, 8, 12, 10], "texture": "#overlay", "cullface": "up"}
			}
		},
		{
			"name": "lapis_lazuli_12",
			"from": [8, 16, 9],
			"to": [9, 16.05, 11],
			"rotation": {"angle": 0, "axis": "x", "origin": [8, 8, 8]},
			"faces": {
				"north": {"uv": [9, 9, 8, 10], "texture": "#overlay", "cullface": "up"},
				"east": {"uv": [8, 9, 9, 11], "rotation": 90, "texture": "#overlay", "cullface": "up"},
				"south": {"uv": [8, 10, 9, 11], "texture": "#overlay", "cullface": "up"},
				"west": {"uv": [8, 9, 9, 11], "rotation": 270, "texture": "#overlay", "cullface": "up"},
				"up": {"uv": [8, 9, 9, 11], "texture": "#overlay", "cullface": "up"}
			}
		},
		{
			"name": "lapis_lazuli_13",
			"from": [13, 16, 9],
			"to": [14, 16.1, 13],
			"rotation": {"angle": 0, "axis": "x", "origin": [8, 8, 8]},
			"faces": {
				"north": {"uv": [14, 9, 13, 10], "texture": "#overlay", "cullface": "up"},
				"east": {"uv": [13, 9, 14, 13], "rotation": 90, "texture": "#overlay", "cullface": "up"},
				"south": {"uv": [13, 12, 14, 13], "texture": "#overlay", "cullface": "up"},
				"west": {"uv": [13, 9, 14, 13], "rotation": 270, "texture": "#overlay", "cullface": "up"},
				"up": {"uv": [13, 9, 14, 13], "texture": "#overlay", "cullface": "up"}
			}
		},
		{
			"name": "lapis_lazuli_14",
			"from": [4, 16, 10],
			"to": [5, 16.05, 12],
			"rotation": {"angle": 0, "axis": "x", "origin": [8, 8, 8]},
			"faces": {
				"north": {"uv": [5, 10, 4, 11], "texture": "#overlay", "cullface": "up"},
				"east": {"uv": [4, 10, 5, 12], "rotation": 90, "texture": "#overlay", "cullface": "up"},
				"south": {"uv": [4, 11, 5, 12], "texture": "#overlay", "cullface": "up"},
				"west": {"uv": [4, 10, 5, 12], "rotation": 270, "texture": "#overlay", "cullface": "up"},
				"up": {"uv": [4, 10, 5, 12], "texture": "#overlay", "cullface": "up"}
			}
		},
		{
			"name": "lapis_lazuli_15",
			"from": [9, 16, 10],
			"to": [11, 16.05, 11],
			"rotation": {"angle": 0, "axis": "x", "origin": [8, 8, 8]},
			"faces": {
				"north": {"uv": [11, 10, 9, 11], "texture": "#overlay", "cullface": "up"},
				"east": {"uv": [10, 10, 11, 11], "rotation": 90, "texture": "#overlay", "cullface": "up"},
				"south": {"uv": [9, 10, 11, 11], "texture": "#overlay", "cullface": "up"},
				"west": {"uv": [9, 10, 10, 11], "rotation": 270, "texture": "#overlay", "cullface": "up"},
				"up": {"uv": [9, 10, 11, 11], "texture": "#overlay", "cullface": "up"}
			}
		},
		{
			"name": "lapis_lazuli_16",
			"from": [14, 16, 10],
			"to": [15, 16.1, 13],
			"rotation": {"angle": 0, "axis": "x", "origin": [8, 8, 8]},
			"faces": {
				"north": {"uv": [15, 10, 14, 11], "texture": "#overlay", "cullface": "up"},
				"east": {"uv": [14, 10, 15, 13], "rotation": 90, "texture": "#overlay", "cullface": "up"},
				"south": {"uv": [14, 12, 15, 13], "texture": "#overlay", "cullface": "up"},
				"west": {"uv": [14, 10, 15, 13], "rotation": 270, "texture": "#overlay", "cullface": "up"},
				"up": {"uv": [14, 10, 15, 13], "texture": "#overlay", "cullface": "up"}
			}
		},
		{
			"name": "lapis_lazuli_17",
			"from": [2, 16, 11],
			"to": [4, 16.05, 12],
			"rotation": {"angle": 0, "axis": "x", "origin": [8, 8, 8]},
			"faces": {
				"north": {"uv": [4, 11, 2, 12], "texture": "#overlay", "cullface": "up"},
				"east": {"uv": [3, 11, 4, 12], "rotation": 90, "texture": "#overlay", "cullface": "up"},
				"south": {"uv": [2, 11, 4, 12], "texture": "#overlay", "cullface": "up"},
				"west": {"uv": [2, 11, 3, 12], "rotation": 270, "texture": "#overlay", "cullface": "up"},
				"up": {"uv": [2, 11, 4, 12], "texture": "#overlay", "cullface": "up"}
			}
		},
		{
			"name": "lapis_lazuli_18",
			"from": [5, 16, 12],
			"to": [6, 16.1, 15],
			"rotation": {"angle": 0, "axis": "x", "origin": [8, 8, 8]},
			"faces": {
				"north": {"uv": [6, 12, 5, 13], "texture": "#overlay", "cullface": "up"},
				"east": {"uv": [5, 12, 6, 15], "rotation": 90, "texture": "#overlay", "cullface": "up"},
				"south": {"uv": [5, 14, 6, 15], "texture": "#overlay", "cullface": "up"},
				"west": {"uv": [5, 12, 6, 15], "rotation": 270, "texture": "#overlay", "cullface": "up"},
				"up": {"uv": [5, 12, 6, 15], "texture": "#overlay", "cullface": "up"}
			}
		},
		{
			"name": "lapis_lazuli_19",
			"from": [8, 16, 12],
			"to": [11, 16.15, 14],
			"rotation": {"angle": 0, "axis": "x", "origin": [8, 8, 8]},
			"faces": {
				"north": {"uv": [11, 12, 8, 13], "texture": "#overlay", "cullface": "up"},
				"east": {"uv": [10, 12, 11, 14], "rotation": 90, "texture": "#overlay", "cullface": "up"},
				"south": {"uv": [8, 13, 11, 14], "texture": "#overlay", "cullface": "up"},
				"west": {"uv": [8, 12, 9, 14], "rotation": 270, "texture": "#overlay", "cullface": "up"},
				"up": {"uv": [8, 12, 11, 14], "texture": "#overlay", "cullface": "up"}
			}
		},
		{
			"name": "lapis_lazuli_20",
			"from": [4, 16, 13],
			"to": [5, 16.05, 15],
			"rotation": {"angle": 0, "axis": "x", "origin": [8, 8, 8]},
			"faces": {
				"north": {"uv": [5, 13, 4, 14], "texture": "#overlay", "cullface": "up"},
				"east": {"uv": [4, 13, 5, 15], "rotation": 90, "texture": "#overlay", "cullface": "up"},
				"south": {"uv": [4, 14, 5, 15], "texture": "#overlay", "cullface": "up"},
				"west": {"uv": [4, 13, 5, 15], "rotation": 270, "texture": "#overlay", "cullface": "up"},
				"up": {"uv": [4, 13, 5, 15], "texture": "#overlay", "cullface": "up"}
			}
		},
		{
			"name": "lapis_lazuli_21",
			"from": [6, 16, 13],
			"to": [7, 16.05, 15],
			"rotation": {"angle": 0, "axis": "x", "origin": [8, 8, 8]},
			"faces": {
				"north": {"uv": [7, 13, 6, 14], "texture": "#overlay", "cullface": "up"},
				"east": {"uv": [6, 13, 7, 15], "rotation": 90, "texture": "#overlay", "cullface": "up"},
				"south": {"uv": [6, 14, 7, 15], "texture": "#overlay", "cullface": "up"},
				"west": {"uv": [6, 13, 7, 15], "rotation": 270, "texture": "#overlay", "cullface": "up"},
				"up": {"uv": [6, 13, 7, 15], "texture": "#overlay", "cullface": "up"}
			}
		},
		{
			"name": "lapis_lazuli_1",
			"from": [2, -0.1, 13],
			"to": [6, 0, 14],
			"rotation": {"angle": 0, "axis": "x", "origin": [8, 8, 8]},
			"faces": {
				"north": {"uv": [2, 2, 6, 3], "rotation": 180, "texture": "#overlay", "cullface": "down"},
				"east": {"uv": [5, 2, 6, 3], "rotation": 270, "texture": "#overlay", "cullface": "down"},
				"south": {"uv": [6, 2, 2, 3], "rotation": 180, "texture": "#overlay", "cullface": "down"},
				"west": {"uv": [2, 2, 3, 3], "rotation": 90, "texture": "#overlay", "cullface": "down"},
				"down": {"uv": [2, 2, 6, 3], "texture": "#overlay", "cullface": "down"}
			}
		},
		{
			"name": "lapis_lazuli_2",
			"from": [12, -0.05, 13],
			"to": [14, 0, 14],
			"rotation": {"angle": 0, "axis": "x", "origin": [8, 8, 8]},
			"faces": {
				"north": {"uv": [12, 2, 14, 3], "rotation": 180, "texture": "#overlay", "cullface": "down"},
				"east": {"uv": [13, 2, 14, 3], "rotation": 270, "texture": "#overlay", "cullface": "down"},
				"south": {"uv": [14, 2, 12, 3], "rotation": 180, "texture": "#overlay", "cullface": "down"},
				"west": {"uv": [12, 2, 13, 3], "rotation": 90, "texture": "#overlay", "cullface": "down"},
				"down": {"uv": [12, 2, 14, 3], "texture": "#overlay", "cullface": "down"}
			}
		},
		{
			"name": "lapis_lazuli_3",
			"from": [5, -0.05, 12],
			"to": [6, 0, 13],
			"rotation": {"angle": 0, "axis": "x", "origin": [8, 8, 8]},
			"faces": {
				"north": {"uv": [5, 3, 6, 4], "rotation": 180, "texture": "#overlay", "cullface": "down"},
				"east": {"uv": [5, 3, 6, 4], "rotation": 270, "texture": "#overlay", "cullface": "down"},
				"south": {"uv": [6, 3, 5, 4], "rotation": 180, "texture": "#overlay", "cullface": "down"},
				"west": {"uv": [5, 3, 6, 4], "rotation": 90, "texture": "#overlay", "cullface": "down"},
				"down": {"uv": [5, 3, 6, 4], "texture": "#overlay", "cullface": "down"}
			}
		},
		{
			"name": "lapis_lazuli_4",
			"from": [7, -0.05, 12],
			"to": [9, 0, 13],
			"rotation": {"angle": 0, "axis": "x", "origin": [8, 8, 8]},
			"faces": {
				"north": {"uv": [7, 3, 9, 4], "rotation": 180, "texture": "#overlay", "cullface": "down"},
				"east": {"uv": [8, 3, 9, 4], "rotation": 270, "texture": "#overlay", "cullface": "down"},
				"south": {"uv": [9, 3, 7, 4], "rotation": 180, "texture": "#overlay", "cullface": "down"},
				"west": {"uv": [7, 3, 8, 4], "rotation": 90, "texture": "#overlay", "cullface": "down"},
				"down": {"uv": [7, 3, 9, 4], "texture": "#overlay", "cullface": "down"}
			}
		},
		{
			"name": "lapis_lazuli_5",
			"from": [5, -0.1, 9],
			"to": [7, 0, 11],
			"rotation": {"angle": 0, "axis": "x", "origin": [8, 8, 8]},
			"faces": {
				"north": {"uv": [5, 6, 7, 7], "rotation": 180, "texture": "#overlay", "cullface": "down"},
				"east": {"uv": [6, 5, 7, 7], "rotation": 270, "texture": "#overlay", "cullface": "down"},
				"south": {"uv": [7, 5, 5, 6], "rotation": 180, "texture": "#overlay", "cullface": "down"},
				"west": {"uv": [5, 5, 6, 7], "rotation": 90, "texture": "#overlay", "cullface": "down"},
				"down": {"uv": [5, 5, 7, 7], "texture": "#overlay", "cullface": "down"}
			}
		},
		{
			"name": "lapis_lazuli_6",
			"from": [10, -0.1, 9],
			"to": [12, 0, 11],
			"rotation": {"angle": 0, "axis": "x", "origin": [8, 8, 8]},
			"faces": {
				"north": {"uv": [10, 6, 12, 7], "rotation": 180, "texture": "#overlay", "cullface": "down"},
				"east": {"uv": [11, 5, 12, 7], "rotation": 270, "texture": "#overlay", "cullface": "down"},
				"south": {"uv": [12, 5, 10, 6], "rotation": 180, "texture": "#overlay", "cullface": "down"},
				"west": {"uv": [10, 5, 11, 7], "rotation": 90, "texture": "#overlay", "cullface": "down"},
				"down": {"uv": [10, 5, 12, 7], "texture": "#overlay", "cullface": "down"}
			}
		},
		{
			"name": "lapis_lazuli_7",
			"from": [3, -0.05, 9],
			"to": [5, 0, 10],
			"rotation": {"angle": 0, "axis": "x", "origin": [8, 8, 8]},
			"faces": {
				"north": {"uv": [3, 6, 5, 7], "rotation": 180, "texture": "#overlay", "cullface": "down"},
				"east": {"uv": [4, 6, 5, 7], "rotation": 270, "texture": "#overlay", "cullface": "down"},
				"south": {"uv": [5, 6, 3, 7], "rotation": 180, "texture": "#overlay", "cullface": "down"},
				"west": {"uv": [3, 6, 4, 7], "rotation": 90, "texture": "#overlay", "cullface": "down"},
				"down": {"uv": [3, 6, 5, 7], "texture": "#overlay", "cullface": "down"}
			}
		},
		{
			"name": "lapis_lazuli_8",
			"from": [7, -0.05, 9],
			"to": [8, 0, 10],
			"rotation": {"angle": 0, "axis": "x", "origin": [8, 8, 8]},
			"faces": {
				"north": {"uv": [7, 6, 8, 7], "rotation": 180, "texture": "#overlay", "cullface": "down"},
				"east": {"uv": [7, 6, 8, 7], "rotation": 270, "texture": "#overlay", "cullface": "down"},
				"south": {"uv": [8, 6, 7, 7], "rotation": 180, "texture": "#overlay", "cullface": "down"},
				"west": {"uv": [7, 6, 8, 7], "rotation": 90, "texture": "#overlay", "cullface": "down"},
				"down": {"uv": [7, 6, 8, 7], "texture": "#overlay", "cullface": "down"}
			}
		},
		{
			"name": "lapis_lazuli_9",
			"from": [1, -0.1, 7],
			"to": [3, 0, 9],
			"rotation": {"angle": 0, "axis": "x", "origin": [8, 8, 8]},
			"faces": {
				"north": {"uv": [1, 8, 3, 9], "rotation": 180, "texture": "#overlay", "cullface": "down"},
				"east": {"uv": [2, 7, 3, 9], "rotation": 270, "texture": "#overlay", "cullface": "down"},
				"south": {"uv": [3, 7, 1, 8], "rotation": 180, "texture": "#overlay", "cullface": "down"},
				"west": {"uv": [1, 7, 2, 9], "rotation": 90, "texture": "#overlay", "cullface": "down"},
				"down": {"uv": [1, 7, 3, 9], "texture": "#overlay", "cullface": "down"}
			}
		},
		{
			"name": "lapis_lazuli_10",
			"from": [7, -0.05, 6],
			"to": [8, 0, 8],
			"rotation": {"angle": 0, "axis": "x", "origin": [8, 8, 8]},
			"faces": {
				"north": {"uv": [7, 9, 8, 10], "rotation": 180, "texture": "#overlay", "cullface": "down"},
				"east": {"uv": [7, 8, 8, 10], "rotation": 270, "texture": "#overlay", "cullface": "down"},
				"south": {"uv": [8, 8, 7, 9], "rotation": 180, "texture": "#overlay", "cullface": "down"},
				"west": {"uv": [7, 8, 8, 10], "rotation": 90, "texture": "#overlay", "cullface": "down"},
				"down": {"uv": [7, 8, 8, 10], "texture": "#overlay", "cullface": "down"}
			}
		},
		{
			"name": "lapis_lazuli_11",
			"from": [9, -0.15, 6],
			"to": [12, 0, 8],
			"rotation": {"angle": 0, "axis": "x", "origin": [8, 8, 8]},
			"faces": {
				"north": {"uv": [9, 9, 12, 10], "rotation": 180, "texture": "#overlay", "cullface": "down"},
				"east": {"uv": [11, 8, 12, 10], "rotation": 270, "texture": "#overlay", "cullface": "down"},
				"south": {"uv": [12, 8, 9, 9], "rotation": 180, "texture": "#overlay", "cullface": "down"},
				"west": {"uv": [9, 8, 10, 10], "rotation": 90, "texture": "#overlay", "cullface": "down"},
				"down": {"uv": [9, 8, 12, 10], "texture": "#overlay", "cullface": "down"}
			}
		},
		{
			"name": "lapis_lazuli_12",
			"from": [8, -0.05, 5],
			"to": [9, 0, 7],
			"rotation": {"angle": 0, "axis": "x", "origin": [8, 8, 8]},
			"faces": {
				"north": {"uv": [8, 10, 9, 11], "rotation": 180, "texture": "#overlay", "cullface": "down"},
				"east": {"uv": [8, 9, 9, 11], "rotation": 270, "texture": "#overlay", "cullface": "down"},
				"south": {"uv": [9, 9, 8, 10], "rotation": 180, "texture": "#overlay", "cullface": "down"},
				"west": {"uv": [8, 9, 9, 11], "rotation": 90, "texture": "#overlay", "cullface": "down"},
				"down": {"uv": [8, 9, 9, 11], "texture": "#overlay", "cullface": "down"}
			}
		},
		{
			"name": "lapis_lazuli_13",
			"from": [13, -0.1, 3],
			"to": [14, 0, 7],
			"rotation": {"angle": 0, "axis": "x", "origin": [8, 8, 8]},
			"faces": {
				"north": {"uv": [13, 12, 14, 13], "rotation": 180, "texture": "#overlay", "cullface": "down"},
				"east": {"uv": [13, 9, 14, 13], "rotation": 270, "texture": "#overlay", "cullface": "down"},
				"south": {"uv": [14, 9, 13, 10], "rotation": 180, "texture": "#overlay", "cullface": "down"},
				"west": {"uv": [13, 9, 14, 13], "rotation": 90, "texture": "#overlay", "cullface": "down"},
				"down": {"uv": [13, 9, 14, 13], "texture": "#overlay", "cullface": "down"}
			}
		},
		{
			"name": "lapis_lazuli_14",
			"from": [4, -0.05, 4],
			"to": [5, 0, 6],
			"rotation": {"angle": 0, "axis": "x", "origin": [8, 8, 8]},
			"faces": {
				"north": {"uv": [4, 11, 5, 12], "rotation": 180, "texture": "#overlay", "cullface": "down"},
				"east": {"uv": [4, 10, 5, 12], "rotation": 270, "texture": "#overlay", "cullface": "down"},
				"south": {"uv": [5, 10, 4, 11], "rotation": 180, "texture": "#overlay", "cullface": "down"},
				"west": {"uv": [4, 10, 5, 12], "rotation": 90, "texture": "#overlay", "cullface": "down"},
				"down": {"uv": [4, 10, 5, 12], "texture": "#overlay", "cullface": "down"}
			}
		},
		{
			"name": "lapis_lazuli_15",
			"from": [9, -0.05, 5],
			"to": [11, 0, 6],
			"rotation": {"angle": 0, "axis": "x", "origin": [8, 8, 8]},
			"faces": {
				"north": {"uv": [9, 10, 11, 11], "rotation": 180, "texture": "#overlay", "cullface": "down"},
				"east": {"uv": [10, 10, 11, 11], "rotation": 270, "texture": "#overlay", "cullface": "down"},
				"south": {"uv": [11, 10, 9, 11], "rotation": 180, "texture": "#overlay", "cullface": "down"},
				"west": {"uv": [9, 10, 10, 11], "rotation": 90, "texture": "#overlay", "cullface": "down"},
				"down": {"uv": [9, 10, 11, 11], "texture": "#overlay", "cullface": "down"}
			}
		},
		{
			"name": "lapis_lazuli_16",
			"from": [14, -0.1, 3],
			"to": [15, 0, 6],
			"rotation": {"angle": 0, "axis": "x", "origin": [8, 8, 8]},
			"faces": {
				"north": {"uv": [14, 12, 15, 13], "rotation": 180, "texture": "#overlay", "cullface": "down"},
				"east": {"uv": [14, 10, 15, 13], "rotation": 270, "texture": "#overlay", "cullface": "down"},
				"south": {"uv": [15, 10, 14, 11], "rotation": 180, "texture": "#overlay", "cullface": "down"},
				"west": {"uv": [14, 10, 15, 13], "rotation": 90, "texture": "#overlay", "cullface": "down"},
				"down": {"uv": [14, 10, 15, 13], "texture": "#overlay", "cullface": "down"}
			}
		},
		{
			"name": "lapis_lazuli_17",
			"from": [2, -0.05, 4],
			"to": [4, 0, 5],
			"rotation": {"angle": 0, "axis": "x", "origin": [8, 8, 8]},
			"faces": {
				"north": {"uv": [2, 11, 4, 12], "rotation": 180, "texture": "#overlay", "cullface": "down"},
				"east": {"uv": [3, 11, 4, 12], "rotation": 270, "texture": "#overlay", "cullface": "down"},
				"south": {"uv": [4, 11, 2, 12], "rotation": 180, "texture": "#overlay", "cullface": "down"},
				"west": {"uv": [2, 11, 3, 12], "rotation": 90, "texture": "#overlay", "cullface": "down"},
				"down": {"uv": [2, 11, 4, 12], "texture": "#overlay", "cullface": "down"}
			}
		},
		{
			"name": "lapis_lazuli_18",
			"from": [5, -0.1, 1],
			"to": [6, 0, 4],
			"rotation": {"angle": 0, "axis": "x", "origin": [8, 8, 8]},
			"faces": {
				"north": {"uv": [5, 14, 6, 15], "rotation": 180, "texture": "#overlay", "cullface": "down"},
				"east": {"uv": [5, 12, 6, 15], "rotation": 270, "texture": "#overlay", "cullface": "down"},
				"south": {"uv": [6, 12, 5, 13], "rotation": 180, "texture": "#overlay", "cullface": "down"},
				"west": {"uv": [5, 12, 6, 15], "rotation": 90, "texture": "#overlay", "cullface": "down"},
				"down": {"uv": [5, 12, 6, 15], "texture": "#overlay", "cullface": "down"}
			}
		},
		{
			"name": "lapis_lazuli_19",
			"from": [8, -0.15, 2],
			"to": [11, 0, 4],
			"rotation": {"angle": 0, "axis": "x", "origin": [8, 8, 8]},
			"faces": {
				"north": {"uv": [8, 13, 11, 14], "rotation": 180, "texture": "#overlay", "cullface": "down"},
				"east": {"uv": [10, 12, 11, 14], "rotation": 270, "texture": "#overlay", "cullface": "down"},
				"south": {"uv": [11, 12, 8, 13], "rotation": 180, "texture": "#overlay", "cullface": "down"},
				"west": {"uv": [8, 12, 9, 14], "rotation": 90, "texture": "#overlay", "cullface": "down"},
				"down": {"uv": [8, 12, 11, 14], "texture": "#overlay", "cullface": "down"}
			}
		},
		{
			"name": "lapis_lazuli_20",
			"from": [4, -0.05, 1],
			"to": [5, 0, 3],
			"rotation": {"angle": 0, "axis": "x", "origin": [8, 8, 8]},
			"faces": {
				"north": {"uv": [4, 14, 5, 15], "rotation": 180, "texture": "#overlay", "cullface": "down"},
				"east": {"uv": [4, 13, 5, 15], "rotation": 270, "texture": "#overlay", "cullface": "down"},
				"south": {"uv": [5, 13, 4, 14], "rotation": 180, "texture": "#overlay", "cullface": "down"},
				"west": {"uv": [4, 13, 5, 15], "rotation": 90, "texture": "#overlay", "cullface": "down"},
				"down": {"uv": [4, 13, 5, 15], "texture": "#overlay", "cullface": "down"}
			}
		},
		{
			"name": "lapis_lazuli_21",
			"from": [6, -0.05, 1],
			"to": [7, 0, 3],
			"rotation": {"angle": 0, "axis": "x", "origin": [8, 8, 8]},
			"faces": {
				"north": {"uv": [6, 14, 7, 15], "rotation": 180, "texture": "#overlay", "cullface": "down"},
				"east": {"uv": [6, 13, 7, 15], "rotation": 270, "texture": "#overlay", "cullface": "down"},
				"south": {"uv": [7, 13, 6, 14], "rotation": 180, "texture": "#overlay", "cullface": "down"},
				"west": {"uv": [6, 13, 7, 15], "rotation": 90, "texture": "#overlay", "cullface": "down"},
				"down": {"uv": [6, 13, 7, 15], "texture": "#overlay", "cullface": "down"}
			}
		},
		{
			"name": "lapis_lazuli_0",
			"from": [2, 13, 16],
			"to": [6, 14, 16.1],
			"rotation": {"angle": 0, "axis": "x", "origin": [8, 8, 8]},
			"faces": {
				"east": {"uv": [5, 2, 6, 3], "texture": "#overlay", "cullface": "south"},
				"south": {"uv": [2, 2, 6, 3], "texture": "#overlay", "cullface": "south"},
				"west": {"uv": [2, 2, 3, 3], "texture": "#overlay", "cullface": "south"},
				"up": {"uv": [6, 2, 2, 3], "rotation": 180, "texture": "#overlay", "cullface": "south"},
				"down": {"uv": [2, 2, 6, 3], "texture": "#overlay", "cullface": "south"}
			}
		},
		{
			"name": "lapis_lazuli_1",
			"from": [12, 13, 16],
			"to": [14, 14, 16.05],
			"rotation": {"angle": 0, "axis": "x", "origin": [8, 8, 8]},
			"faces": {
				"east": {"uv": [13, 2, 14, 3], "texture": "#overlay", "cullface": "south"},
				"south": {"uv": [12, 2, 14, 3], "texture": "#overlay", "cullface": "south"},
				"west": {"uv": [12, 2, 13, 3], "texture": "#overlay", "cullface": "south"},
				"up": {"uv": [14, 2, 12, 3], "rotation": 180, "texture": "#overlay", "cullface": "south"},
				"down": {"uv": [12, 2, 14, 3], "texture": "#overlay", "cullface": "south"}
			}
		},
		{
			"name": "lapis_lazuli_2",
			"from": [5, 12, 16],
			"to": [6, 13, 16.05],
			"rotation": {"angle": 0, "axis": "x", "origin": [8, 8, 8]},
			"faces": {
				"east": {"uv": [5, 3, 6, 4], "texture": "#overlay", "cullface": "south"},
				"south": {"uv": [5, 3, 6, 4], "texture": "#overlay", "cullface": "south"},
				"west": {"uv": [5, 3, 6, 4], "texture": "#overlay", "cullface": "south"},
				"up": {"uv": [6, 3, 5, 4], "rotation": 180, "texture": "#overlay", "cullface": "south"},
				"down": {"uv": [5, 3, 6, 4], "texture": "#overlay", "cullface": "south"}
			}
		},
		{
			"name": "lapis_lazuli_3",
			"from": [7, 12, 16],
			"to": [9, 13, 16.05],
			"rotation": {"angle": 0, "axis": "x", "origin": [8, 8, 8]},
			"faces": {
				"east": {"uv": [8, 3, 9, 4], "texture": "#overlay", "cullface": "south"},
				"south": {"uv": [7, 3, 9, 4], "texture": "#overlay", "cullface": "south"},
				"west": {"uv": [7, 3, 8, 4], "texture": "#overlay", "cullface": "south"},
				"up": {"uv": [9, 3, 7, 4], "rotation": 180, "texture": "#overlay", "cullface": "south"},
				"down": {"uv": [7, 3, 9, 4], "texture": "#overlay", "cullface": "south"}
			}
		},
		{
			"name": "lapis_lazuli_4",
			"from": [5, 9, 16],
			"to": [7, 11, 16.1],
			"rotation": {"angle": 0, "axis": "x", "origin": [8, 8, 8]},
			"faces": {
				"east": {"uv": [6, 5, 7, 7], "texture": "#overlay", "cullface": "south"},
				"south": {"uv": [5, 5, 7, 7], "texture": "#overlay", "cullface": "south"},
				"west": {"uv": [5, 5, 6, 7], "texture": "#overlay", "cullface": "south"},
				"up": {"uv": [7, 5, 5, 6], "rotation": 180, "texture": "#overlay", "cullface": "south"},
				"down": {"uv": [5, 6, 7, 7], "texture": "#overlay", "cullface": "south"}
			}
		},
		{
			"name": "lapis_lazuli_5",
			"from": [10, 9, 16],
			"to": [12, 11, 16.1],
			"rotation": {"angle": 0, "axis": "x", "origin": [8, 8, 8]},
			"faces": {
				"east": {"uv": [11, 5, 12, 7], "texture": "#overlay", "cullface": "south"},
				"south": {"uv": [10, 5, 12, 7], "texture": "#overlay", "cullface": "south"},
				"west": {"uv": [10, 5, 11, 7], "texture": "#overlay", "cullface": "south"},
				"up": {"uv": [12, 5, 10, 6], "rotation": 180, "texture": "#overlay", "cullface": "south"},
				"down": {"uv": [10, 6, 12, 7], "texture": "#overlay", "cullface": "south"}
			}
		},
		{
			"name": "lapis_lazuli_6",
			"from": [3, 9, 16],
			"to": [5, 10, 16.05],
			"rotation": {"angle": 0, "axis": "x", "origin": [8, 8, 8]},
			"faces": {
				"east": {"uv": [4, 6, 5, 7], "texture": "#overlay", "cullface": "south"},
				"south": {"uv": [3, 6, 5, 7], "texture": "#overlay", "cullface": "south"},
				"west": {"uv": [3, 6, 4, 7], "texture": "#overlay", "cullface": "south"},
				"up": {"uv": [5, 6, 3, 7], "rotation": 180, "texture": "#overlay", "cullface": "south"},
				"down": {"uv": [3, 6, 5, 7], "texture": "#overlay", "cullface": "south"}
			}
		},
		{
			"name": "lapis_lazuli_7",
			"from": [7, 9, 16],
			"to": [8, 10, 16.05],
			"rotation": {"angle": 0, "axis": "x", "origin": [8, 8, 8]},
			"faces": {
				"east": {"uv": [7, 6, 8, 7], "texture": "#overlay", "cullface": "south"},
				"south": {"uv": [7, 6, 8, 7], "texture": "#overlay", "cullface": "south"},
				"west": {"uv": [7, 6, 8, 7], "texture": "#overlay", "cullface": "south"},
				"up": {"uv": [8, 6, 7, 7], "rotation": 180, "texture": "#overlay", "cullface": "south"},
				"down": {"uv": [7, 6, 8, 7], "texture": "#overlay", "cullface": "south"}
			}
		},
		{
			"name": "lapis_lazuli_8",
			"from": [1, 7, 16],
			"to": [3, 9, 16.1],
			"rotation": {"angle": 0, "axis": "x", "origin": [8, 8, 8]},
			"faces": {
				"east": {"uv": [2, 7, 3, 9], "texture": "#overlay", "cullface": "south"},
				"south": {"uv": [1, 7, 3, 9], "texture": "#overlay", "cullface": "south"},
				"west": {"uv": [1, 7, 2, 9], "texture": "#overlay", "cullface": "south"},
				"up": {"uv": [3, 7, 1, 8], "rotation": 180, "texture": "#overlay", "cullface": "south"},
				"down": {"uv": [1, 8, 3, 9], "texture": "#overlay", "cullface": "south"}
			}
		},
		{
			"name": "lapis_lazuli_9",
			"from": [7, 6, 16],
			"to": [8, 8, 16.05],
			"rotation": {"angle": 0, "axis": "x", "origin": [8, 8, 8]},
			"faces": {
				"east": {"uv": [7, 8, 8, 10], "texture": "#overlay", "cullface": "south"},
				"south": {"uv": [7, 8, 8, 10], "texture": "#overlay", "cullface": "south"},
				"west": {"uv": [7, 8, 8, 10], "texture": "#overlay", "cullface": "south"},
				"up": {"uv": [8, 8, 7, 9], "rotation": 180, "texture": "#overlay", "cullface": "south"},
				"down": {"uv": [7, 9, 8, 10], "texture": "#overlay", "cullface": "south"}
			}
		},
		{
			"name": "lapis_lazuli_10",
			"from": [9, 6, 16],
			"to": [12, 8, 16.15],
			"rotation": {"angle": 0, "axis": "x", "origin": [8, 8, 8]},
			"faces": {
				"east": {"uv": [11, 8, 12, 10], "texture": "#overlay", "cullface": "south"},
				"south": {"uv": [9, 8, 12, 10], "texture": "#overlay", "cullface": "south"},
				"west": {"uv": [9, 8, 10, 10], "texture": "#overlay", "cullface": "south"},
				"up": {"uv": [12, 8, 9, 9], "rotation": 180, "texture": "#overlay", "cullface": "south"},
				"down": {"uv": [9, 9, 12, 10], "texture": "#overlay", "cullface": "south"}
			}
		},
		{
			"name": "lapis_lazuli_11",
			"from": [8, 5, 16],
			"to": [9, 7, 16.05],
			"rotation": {"angle": 0, "axis": "x", "origin": [8, 8, 8]},
			"faces": {
				"east": {"uv": [8, 9, 9, 11], "texture": "#overlay", "cullface": "south"},
				"south": {"uv": [8, 9, 9, 11], "texture": "#overlay", "cullface": "south"},
				"west": {"uv": [8, 9, 9, 11], "texture": "#overlay", "cullface": "south"},
				"up": {"uv": [9, 9, 8, 10], "rotation": 180, "texture": "#overlay", "cullface": "south"},
				"down": {"uv": [8, 10, 9, 11], "texture": "#overlay", "cullface": "south"}
			}
		},
		{
			"name": "lapis_lazuli_12",
			"from": [13, 3, 16],
			"to": [14, 7, 16.1],
			"rotation": {"angle": 0, "axis": "x", "origin": [8, 8, 8]},
			"faces": {
				"east": {"uv": [13, 9, 14, 13], "texture": "#overlay", "cullface": "south"},
				"south": {"uv": [13, 9, 14, 13], "texture": "#overlay", "cullface": "south"},
				"west": {"uv": [13, 9, 14, 13], "texture": "#overlay", "cullface": "south"},
				"up": {"uv": [14, 9, 13, 10], "rotation": 180, "texture": "#overlay", "cullface": "south"},
				"down": {"uv": [13, 12, 14, 13], "texture": "#overlay", "cullface": "south"}
			}
		},
		{
			"name": "lapis_lazuli_13",
			"from": [4, 4, 16],
			"to": [5, 6, 16.05],
			"rotation": {"angle": 0, "axis": "x", "origin": [8, 8, 8]},
			"faces": {
				"east": {"uv": [4, 10, 5, 12], "texture": "#overlay", "cullface": "south"},
				"south": {"uv": [4, 10, 5, 12], "texture": "#overlay", "cullface": "south"},
				"west": {"uv": [4, 10, 5, 12], "texture": "#overlay", "cullface": "south"},
				"up": {"uv": [5, 10, 4, 11], "rotation": 180, "texture": "#overlay", "cullface": "south"},
				"down": {"uv": [4, 11, 5, 12], "texture": "#overlay", "cullface": "south"}
			}
		},
		{
			"name": "lapis_lazuli_14",
			"from": [9, 5, 16],
			"to": [11, 6, 16.05],
			"rotation": {"angle": 0, "axis": "x", "origin": [8, 8, 8]},
			"faces": {
				"east": {"uv": [10, 10, 11, 11], "texture": "#overlay", "cullface": "south"},
				"south": {"uv": [9, 10, 11, 11], "texture": "#overlay", "cullface": "south"},
				"west": {"uv": [9, 10, 10, 11], "texture": "#overlay", "cullface": "south"},
				"up": {"uv": [11, 10, 9, 11], "rotation": 180, "texture": "#overlay", "cullface": "south"},
				"down": {"uv": [9, 10, 11, 11], "texture": "#overlay", "cullface": "south"}
			}
		},
		{
			"name": "lapis_lazuli_15",
			"from": [14, 3, 16],
			"to": [15, 6, 16.1],
			"rotation": {"angle": 0, "axis": "x", "origin": [8, 8, 8]},
			"faces": {
				"east": {"uv": [14, 10, 15, 13], "texture": "#overlay", "cullface": "south"},
				"south": {"uv": [14, 10, 15, 13], "texture": "#overlay", "cullface": "south"},
				"west": {"uv": [14, 10, 15, 13], "texture": "#overlay", "cullface": "south"},
				"up": {"uv": [15, 10, 14, 11], "rotation": 180, "texture": "#overlay", "cullface": "south"},
				"down": {"uv": [14, 12, 15, 13], "texture": "#overlay", "cullface": "south"}
			}
		},
		{
			"name": "lapis_lazuli_16",
			"from": [2, 4, 16],
			"to": [4, 5, 16.05],
			"rotation": {"angle": 0, "axis": "x", "origin": [8, 8, 8]},
			"faces": {
				"east": {"uv": [3, 11, 4, 12], "texture": "#overlay", "cullface": "south"},
				"south": {"uv": [2, 11, 4, 12], "texture": "#overlay", "cullface": "south"},
				"west": {"uv": [2, 11, 3, 12], "texture": "#overlay", "cullface": "south"},
				"up": {"uv": [4, 11, 2, 12], "rotation": 180, "texture": "#overlay", "cullface": "south"},
				"down": {"uv": [2, 11, 4, 12], "texture": "#overlay", "cullface": "south"}
			}
		},
		{
			"name": "lapis_lazuli_17",
			"from": [5, 1, 16],
			"to": [6, 4, 16.1],
			"rotation": {"angle": 0, "axis": "x", "origin": [8, 8, 8]},
			"faces": {
				"east": {"uv": [5, 12, 6, 15], "texture": "#overlay", "cullface": "south"},
				"south": {"uv": [5, 12, 6, 15], "texture": "#overlay", "cullface": "south"},
				"west": {"uv": [5, 12, 6, 15], "texture": "#overlay", "cullface": "south"},
				"up": {"uv": [6, 12, 5, 13], "rotation": 180, "texture": "#overlay", "cullface": "south"},
				"down": {"uv": [5, 14, 6, 15], "texture": "#overlay", "cullface": "south"}
			}
		},
		{
			"name": "lapis_lazuli_18",
			"from": [8, 2, 16],
			"to": [11, 4, 16.15],
			"rotation": {"angle": 0, "axis": "x", "origin": [8, 8, 8]},
			"faces": {
				"east": {"uv": [10, 12, 11, 14], "texture": "#overlay", "cullface": "south"},
				"south": {"uv": [8, 12, 11, 14], "texture": "#overlay", "cullface": "south"},
				"west": {"uv": [8, 12, 9, 14], "texture": "#overlay", "cullface": "south"},
				"up": {"uv": [11, 12, 8, 13], "rotation": 180, "texture": "#overlay", "cullface": "south"},
				"down": {"uv": [8, 13, 11, 14], "texture": "#overlay", "cullface": "south"}
			}
		},
		{
			"name": "lapis_lazuli_19",
			"from": [4, 1, 16],
			"to": [5, 3, 16.05],
			"rotation": {"angle": 0, "axis": "x", "origin": [8, 8, 8]},
			"faces": {
				"east": {"uv": [4, 13, 5, 15], "texture": "#overlay", "cullface": "south"},
				"south": {"uv": [4, 13, 5, 15], "texture": "#overlay", "cullface": "south"},
				"west": {"uv": [4, 13, 5, 15], "texture": "#overlay", "cullface": "south"},
				"up": {"uv": [5, 13, 4, 14], "rotation": 180, "texture": "#overlay", "cullface": "south"},
				"down": {"uv": [4, 14, 5, 15], "texture": "#overlay", "cullface": "south"}
			}
		},
		{
			"name": "lapis_lazuli_20",
			"from": [6, 1, 16],
			"to": [7, 3, 16.05],
			"rotation": {"angle": 0, "axis": "x", "origin": [8, 8, 8]},
			"faces": {
				"east": {"uv": [6, 13, 7, 15], "texture": "#overlay", "cullface": "south"},
				"south": {"uv": [6, 13, 7, 15], "texture": "#overlay", "cullface": "south"},
				"west": {"uv": [6, 13, 7, 15], "texture": "#overlay", "cullface": "south"},
				"up": {"uv": [7, 13, 6, 14], "rotation": 180, "texture": "#overlay", "cullface": "south"},
				"down": {"uv": [6, 14, 7, 15], "texture": "#overlay", "cullface": "south"}
			}
		},
		{
			"name": "lapis_lazuli_1",
			"from": [16, 13, 10],
			"to": [16.1, 14, 14],
			"rotation": {"angle": 0, "axis": "y", "origin": [8, 8, 8]},
			"faces": {
				"north": {"uv": [5, 2, 6, 3], "texture": "#overlay", "cullface": "east"},
				"east": {"uv": [2, 2, 6, 3], "texture": "#overlay", "cullface": "east"},
				"south": {"uv": [2, 2, 3, 3], "texture": "#overlay", "cullface": "east"},
				"up": {"uv": [6, 2, 2, 3], "rotation": 90, "texture": "#overlay", "cullface": "east"},
				"down": {"uv": [2, 2, 6, 3], "rotation": 90, "texture": "#overlay", "cullface": "east"}
			}
		},
		{
			"name": "lapis_lazuli_2",
			"from": [16, 13, 2],
			"to": [16.05, 14, 4],
			"rotation": {"angle": 0, "axis": "y", "origin": [8, 8, 8]},
			"faces": {
				"north": {"uv": [13, 2, 14, 3], "texture": "#overlay", "cullface": "east"},
				"east": {"uv": [12, 2, 14, 3], "texture": "#overlay", "cullface": "east"},
				"south": {"uv": [12, 2, 13, 3], "texture": "#overlay", "cullface": "east"},
				"up": {"uv": [14, 2, 12, 3], "rotation": 90, "texture": "#overlay", "cullface": "east"},
				"down": {"uv": [12, 2, 14, 3], "rotation": 90, "texture": "#overlay", "cullface": "east"}
			}
		},
		{
			"name": "lapis_lazuli_3",
			"from": [16, 12, 10],
			"to": [16.05, 13, 11],
			"rotation": {"angle": 0, "axis": "y", "origin": [8, 8, 8]},
			"faces": {
				"north": {"uv": [5, 3, 6, 4], "texture": "#overlay", "cullface": "east"},
				"east": {"uv": [5, 3, 6, 4], "texture": "#overlay", "cullface": "east"},
				"south": {"uv": [5, 3, 6, 4], "texture": "#overlay", "cullface": "east"},
				"up": {"uv": [6, 3, 5, 4], "rotation": 90, "texture": "#overlay", "cullface": "east"},
				"down": {"uv": [5, 3, 6, 4], "rotation": 90, "texture": "#overlay", "cullface": "east"}
			}
		},
		{
			"name": "lapis_lazuli_4",
			"from": [16, 12, 7],
			"to": [16.05, 13, 9],
			"rotation": {"angle": 0, "axis": "y", "origin": [8, 8, 8]},
			"faces": {
				"north": {"uv": [8, 3, 9, 4], "texture": "#overlay", "cullface": "east"},
				"east": {"uv": [7, 3, 9, 4], "texture": "#overlay", "cullface": "east"},
				"south": {"uv": [7, 3, 8, 4], "texture": "#overlay", "cullface": "east"},
				"up": {"uv": [9, 3, 7, 4], "rotation": 90, "texture": "#overlay", "cullface": "east"},
				"down": {"uv": [7, 3, 9, 4], "rotation": 90, "texture": "#overlay", "cullface": "east"}
			}
		},
		{
			"name": "lapis_lazuli_5",
			"from": [16, 9, 9],
			"to": [16.1, 11, 11],
			"rotation": {"angle": 0, "axis": "y", "origin": [8, 8, 8]},
			"faces": {
				"north": {"uv": [6, 5, 7, 7], "texture": "#overlay", "cullface": "east"},
				"east": {"uv": [5, 5, 7, 7], "texture": "#overlay", "cullface": "east"},
				"south": {"uv": [5, 5, 6, 7], "texture": "#overlay", "cullface": "east"},
				"up": {"uv": [7, 5, 5, 6], "rotation": 90, "texture": "#overlay", "cullface": "east"},
				"down": {"uv": [5, 6, 7, 7], "rotation": 90, "texture": "#overlay", "cullface": "east"}
			}
		},
		{
			"name": "lapis_lazuli_6",
			"from": [16, 9, 4],
			"to": [16.1, 11, 6],
			"rotation": {"angle": 0, "axis": "y", "origin": [8, 8, 8]},
			"faces": {
				"north": {"uv": [11, 5, 12, 7], "texture": "#overlay", "cullface": "east"},
				"east": {"uv": [10, 5, 12, 7], "texture": "#overlay", "cullface": "east"},
				"south": {"uv": [10, 5, 11, 7], "texture": "#overlay", "cullface": "east"},
				"up": {"uv": [12, 5, 10, 6], "rotation": 90, "texture": "#overlay", "cullface": "east"},
				"down": {"uv": [10, 6, 12, 7], "rotation": 90, "texture": "#overlay", "cullface": "east"}
			}
		},
		{
			"name": "lapis_lazuli_7",
			"from": [16, 9, 11],
			"to": [16.05, 10, 13],
			"rotation": {"angle": 0, "axis": "y", "origin": [8, 8, 8]},
			"faces": {
				"north": {"uv": [4, 6, 5, 7], "texture": "#overlay", "cullface": "east"},
				"east": {"uv": [3, 6, 5, 7], "texture": "#overlay", "cullface": "east"},
				"south": {"uv": [3, 6, 4, 7], "texture": "#overlay", "cullface": "east"},
				"up": {"uv": [5, 6, 3, 7], "rotation": 90, "texture": "#overlay", "cullface": "east"},
				"down": {"uv": [3, 6, 5, 7], "rotation": 90, "texture": "#overlay", "cullface": "east"}
			}
		},
		{
			"name": "lapis_lazuli_8",
			"from": [16, 9, 8],
			"to": [16.05, 10, 9],
			"rotation": {"angle": 0, "axis": "y", "origin": [8, 8, 8]},
			"faces": {
				"north": {"uv": [7, 6, 8, 7], "texture": "#overlay", "cullface": "east"},
				"east": {"uv": [7, 6, 8, 7], "texture": "#overlay", "cullface": "east"},
				"south": {"uv": [7, 6, 8, 7], "texture": "#overlay", "cullface": "east"},
				"up": {"uv": [8, 6, 7, 7], "rotation": 90, "texture": "#overlay", "cullface": "east"},
				"down": {"uv": [7, 6, 8, 7], "rotation": 90, "texture": "#overlay", "cullface": "east"}
			}
		},
		{
			"name": "lapis_lazuli_9",
			"from": [16, 7, 13],
			"to": [16.1, 9, 15],
			"rotation": {"angle": 0, "axis": "y", "origin": [8, 8, 8]},
			"faces": {
				"north": {"uv": [2, 7, 3, 9], "texture": "#overlay", "cullface": "east"},
				"east": {"uv": [1, 7, 3, 9], "texture": "#overlay", "cullface": "east"},
				"south": {"uv": [1, 7, 2, 9], "texture": "#overlay", "cullface": "east"},
				"up": {"uv": [3, 7, 1, 8], "rotation": 90, "texture": "#overlay", "cullface": "east"},
				"down": {"uv": [1, 8, 3, 9], "rotation": 90, "texture": "#overlay", "cullface": "east"}
			}
		},
		{
			"name": "lapis_lazuli_10",
			"from": [16, 6, 8],
			"to": [16.05, 8, 9],
			"rotation": {"angle": 0, "axis": "y", "origin": [8, 8, 8]},
			"faces": {
				"north": {"uv": [7, 8, 8, 10], "texture": "#overlay", "cullface": "east"},
				"east": {"uv": [7, 8, 8, 10], "texture": "#overlay", "cullface": "east"},
				"south": {"uv": [7, 8, 8, 10], "texture": "#overlay", "cullface": "east"},
				"up": {"uv": [8, 8, 7, 9], "rotation": 90, "texture": "#overlay", "cullface": "east"},
				"down": {"uv": [7, 9, 8, 10], "rotation": 90, "texture": "#overlay", "cullface": "east"}
			}
		},
		{
			"name": "lapis_lazuli_11",
			"from": [16, 6, 4],
			"to": [16.15, 8, 7],
			"rotation": {"angle": 0, "axis": "y", "origin": [8, 8, 8]},
			"faces": {
				"north": {"uv": [11, 8, 12, 10], "texture": "#overlay", "cullface": "east"},
				"east": {"uv": [9, 8, 12, 10], "texture": "#overlay", "cullface": "east"},
				"south": {"uv": [9, 8, 10, 10], "texture": "#overlay", "cullface": "east"},
				"up": {"uv": [12, 8, 9, 9], "rotation": 90, "texture": "#overlay", "cullface": "east"},
				"down": {"uv": [9, 9, 12, 10], "rotation": 90, "texture": "#overlay", "cullface": "east"}
			}
		},
		{
			"name": "lapis_lazuli_12",
			"from": [16, 5, 7],
			"to": [16.05, 7, 8],
			"rotation": {"angle": 0, "axis": "y", "origin": [8, 8, 8]},
			"faces": {
				"north": {"uv": [8, 9, 9, 11], "texture": "#overlay", "cullface": "east"},
				"east": {"uv": [8, 9, 9, 11], "texture": "#overlay", "cullface": "east"},
				"south": {"uv": [8, 9, 9, 11], "texture": "#overlay", "cullface": "east"},
				"up": {"uv": [9, 9, 8, 10], "rotation": 90, "texture": "#overlay", "cullface": "east"},
				"down": {"uv": [8, 10, 9, 11], "rotation": 90, "texture": "#overlay", "cullface": "east"}
			}
		},
		{
			"name": "lapis_lazuli_13",
			"from": [16, 3, 2],
			"to": [16.1, 7, 3],
			"rotation": {"angle": 0, "axis": "y", "origin": [8, 8, 8]},
			"faces": {
				"north": {"uv": [13, 9, 14, 13], "texture": "#overlay", "cullface": "east"},
				"east": {"uv": [13, 9, 14, 13], "texture": "#overlay", "cullface": "east"},
				"south": {"uv": [13, 9, 14, 13], "texture": "#overlay", "cullface": "east"},
				"up": {"uv": [14, 9, 13, 10], "rotation": 90, "texture": "#overlay", "cullface": "east"},
				"down": {"uv": [13, 12, 14, 13], "rotation": 90, "texture": "#overlay", "cullface": "east"}
			}
		},
		{
			"name": "lapis_lazuli_14",
			"from": [16, 4, 11],
			"to": [16.05, 6, 12],
			"rotation": {"angle": 0, "axis": "y", "origin": [8, 8, 8]},
			"faces": {
				"north": {"uv": [4, 10, 5, 12], "texture": "#overlay", "cullface": "east"},
				"east": {"uv": [4, 10, 5, 12], "texture": "#overlay", "cullface": "east"},
				"south": {"uv": [4, 10, 5, 12], "texture": "#overlay", "cullface": "east"},
				"up": {"uv": [5, 10, 4, 11], "rotation": 90, "texture": "#overlay", "cullface": "east"},
				"down": {"uv": [4, 11, 5, 12], "rotation": 90, "texture": "#overlay", "cullface": "east"}
			}
		},
		{
			"name": "lapis_lazuli_15",
			"from": [16, 5, 5],
			"to": [16.05, 6, 7],
			"rotation": {"angle": 0, "axis": "y", "origin": [8, 8, 8]},
			"faces": {
				"north": {"uv": [10, 10, 11, 11], "texture": "#overlay", "cullface": "east"},
				"east": {"uv": [9, 10, 11, 11], "texture": "#overlay", "cullface": "east"},
				"south": {"uv": [9, 10, 10, 11], "texture": "#overlay", "cullface": "east"},
				"up": {"uv": [11, 10, 9, 11], "rotation": 90, "texture": "#overlay", "cullface": "east"},
				"down": {"uv": [9, 10, 11, 11], "rotation": 90, "texture": "#overlay", "cullface": "east"}
			}
		},
		{
			"name": "lapis_lazuli_16",
			"from": [16, 3, 1],
			"to": [16.1, 6, 2],
			"rotation": {"angle": 0, "axis": "y", "origin": [8, 8, 8]},
			"faces": {
				"north": {"uv": [14, 10, 15, 13], "texture": "#overlay", "cullface": "east"},
				"east": {"uv": [14, 10, 15, 13], "texture": "#overlay", "cullface": "east"},
				"south": {"uv": [14, 10, 15, 13], "texture": "#overlay", "cullface": "east"},
				"up": {"uv": [15, 10, 14, 11], "rotation": 90, "texture": "#overlay", "cullface": "east"},
				"down": {"uv": [14, 12, 15, 13], "rotation": 90, "texture": "#overlay", "cullface": "east"}
			}
		},
		{
			"name": "lapis_lazuli_17",
			"from": [16, 4, 12],
			"to": [16.05, 5, 14],
			"rotation": {"angle": 0, "axis": "y", "origin": [8, 8, 8]},
			"faces": {
				"north": {"uv": [3, 11, 4, 12], "texture": "#overlay", "cullface": "east"},
				"east": {"uv": [2, 11, 4, 12], "texture": "#overlay", "cullface": "east"},
				"south": {"uv": [2, 11, 3, 12], "texture": "#overlay", "cullface": "east"},
				"up": {"uv": [4, 11, 2, 12], "rotation": 90, "texture": "#overlay", "cullface": "east"},
				"down": {"uv": [2, 11, 4, 12], "rotation": 90, "texture": "#overlay", "cullface": "east"}
			}
		},
		{
			"name": "lapis_lazuli_18",
			"from": [16, 1, 10],
			"to": [16.1, 4, 11],
			"rotation": {"angle": 0, "axis": "y", "origin": [8, 8, 8]},
			"faces": {
				"north": {"uv": [5, 12, 6, 15], "texture": "#overlay", "cullface": "east"},
				"east": {"uv": [5, 12, 6, 15], "texture": "#overlay", "cullface": "east"},
				"south": {"uv": [5, 12, 6, 15], "texture": "#overlay", "cullface": "east"},
				"up": {"uv": [6, 12, 5, 13], "rotation": 90, "texture": "#overlay", "cullface": "east"},
				"down": {"uv": [5, 14, 6, 15], "rotation": 90, "texture": "#overlay", "cullface": "east"}
			}
		},
		{
			"name": "lapis_lazuli_19",
			"from": [16, 2, 5],
			"to": [16.15, 4, 8],
			"rotation": {"angle": 0, "axis": "y", "origin": [8, 8, 8]},
			"faces": {
				"north": {"uv": [10, 12, 11, 14], "texture": "#overlay", "cullface": "east"},
				"east": {"uv": [8, 12, 11, 14], "texture": "#overlay", "cullface": "east"},
				"south": {"uv": [8, 12, 9, 14], "texture": "#overlay", "cullface": "east"},
				"up": {"uv": [11, 12, 8, 13], "rotation": 90, "texture": "#overlay", "cullface": "east"},
				"down": {"uv": [8, 13, 11, 14], "rotation": 90, "texture": "#overlay", "cullface": "east"}
			}
		},
		{
			"name": "lapis_lazuli_20",
			"from": [16, 1, 11],
			"to": [16.05, 3, 12],
			"rotation": {"angle": 0, "axis": "y", "origin": [8, 8, 8]},
			"faces": {
				"north": {"uv": [4, 13, 5, 15], "texture": "#overlay", "cullface": "east"},
				"east": {"uv": [4, 13, 5, 15], "texture": "#overlay", "cullface": "east"},
				"south": {"uv": [4, 13, 5, 15], "texture": "#overlay", "cullface": "east"},
				"up": {"uv": [5, 13, 4, 14], "rotation": 90, "texture": "#overlay", "cullface": "east"},
				"down": {"uv": [4, 14, 5, 15], "rotation": 90, "texture": "#overlay", "cullface": "east"}
			}
		},
		{
			"name": "lapis_lazuli_21",
			"from": [16, 1, 9],
			"to": [16.05, 3, 10],
			"rotation": {"angle": 0, "axis": "y", "origin": [8, 8, 8]},
			"faces": {
				"north": {"uv": [6, 13, 7, 15], "texture": "#overlay", "cullface": "east"},
				"east": {"uv": [6, 13, 7, 15], "texture": "#overlay", "cullface": "east"},
				"south": {"uv": [6, 13, 7, 15], "texture": "#overlay", "cullface": "east"},
				"up": {"uv": [7, 13, 6, 14], "rotation": 90, "texture": "#overlay", "cullface": "east"},
				"down": {"uv": [6, 14, 7, 15], "rotation": 90, "texture": "#overlay", "cullface": "east"}
			}
		},
		{
			"name": "lapis_lazuli_1",
			"from": [10, 13, -0.1],
			"to": [14, 14, 0],
			"rotation": {"angle": 0, "axis": "y", "origin": [8, 8, 8]},
			"faces": {
				"north": {"uv": [2, 2, 6, 3], "texture": "#overlay", "cullface": "north"},
				"east": {"uv": [2, 2, 3, 3], "texture": "#overlay", "cullface": "north"},
				"west": {"uv": [5, 2, 6, 3], "texture": "#overlay", "cullface": "north"},
				"up": {"uv": [6, 2, 2, 3], "texture": "#overlay", "cullface": "north"},
				"down": {"uv": [2, 2, 6, 3], "rotation": 180, "texture": "#overlay", "cullface": "north"}
			}
		},
		{
			"name": "lapis_lazuli_2",
			"from": [2, 13, -0.05],
			"to": [4, 14, 0],
			"rotation": {"angle": 0, "axis": "y", "origin": [8, 8, 8]},
			"faces": {
				"north": {"uv": [12, 2, 14, 3], "texture": "#overlay", "cullface": "north"},
				"east": {"uv": [12, 2, 13, 3], "texture": "#overlay", "cullface": "north"},
				"west": {"uv": [13, 2, 14, 3], "texture": "#overlay", "cullface": "north"},
				"up": {"uv": [14, 2, 12, 3], "texture": "#overlay", "cullface": "north"},
				"down": {"uv": [12, 2, 14, 3], "rotation": 180, "texture": "#overlay", "cullface": "north"}
			}
		},
		{
			"name": "lapis_lazuli_3",
			"from": [10, 12, -0.05],
			"to": [11, 13, 0],
			"rotation": {"angle": 0, "axis": "y", "origin": [8, 8, 8]},
			"faces": {
				"north": {"uv": [5, 3, 6, 4], "texture": "#overlay", "cullface": "north"},
				"east": {"uv": [5, 3, 6, 4], "texture": "#overlay", "cullface": "north"},
				"west": {"uv": [5, 3, 6, 4], "texture": "#overlay", "cullface": "north"},
				"up": {"uv": [6, 3, 5, 4], "texture": "#overlay", "cullface": "north"},
				"down": {"uv": [5, 3, 6, 4], "rotation": 180, "texture": "#overlay", "cullface": "north"}
			}
		},
		{
			"name": "lapis_lazuli_4",
			"from": [7, 12, -0.05],
			"to": [9, 13, 0],
			"rotation": {"angle": 0, "axis": "y", "origin": [8, 8, 8]},
			"faces": {
				"north": {"uv": [7, 3, 9, 4], "texture": "#overlay", "cullface": "north"},
				"east": {"uv": [7, 3, 8, 4], "texture": "#overlay", "cullface": "north"},
				"west": {"uv": [8, 3, 9, 4], "texture": "#overlay", "cullface": "north"},
				"up": {"uv": [9, 3, 7, 4], "texture": "#overlay", "cullface": "north"},
				"down": {"uv": [7, 3, 9, 4], "rotation": 180, "texture": "#overlay", "cullface": "north"}
			}
		},
		{
			"name": "lapis_lazuli_5",
			"from": [9, 9, -0.1],
			"to": [11, 11, 0],
			"rotation": {"angle": 0, "axis": "y", "origin": [8, 8, 8]},
			"faces": {
				"north": {"uv": [5, 5, 7, 7], "texture": "#overlay", "cullface": "north"},
				"east": {"uv": [5, 5, 6, 7], "texture": "#overlay", "cullface": "north"},
				"west": {"uv": [6, 5, 7, 7], "texture": "#overlay", "cullface": "north"},
				"up": {"uv": [7, 5, 5, 6], "texture": "#overlay", "cullface": "north"},
				"down": {"uv": [5, 6, 7, 7], "rotation": 180, "texture": "#overlay", "cullface": "north"}
			}
		},
		{
			"name": "lapis_lazuli_6",
			"from": [4, 9, -0.1],
			"to": [6, 11, 0],
			"rotation": {"angle": 0, "axis": "y", "origin": [8, 8, 8]},
			"faces": {
				"north": {"uv": [10, 5, 12, 7], "texture": "#overlay", "cullface": "north"},
				"east": {"uv": [10, 5, 11, 7], "texture": "#overlay", "cullface": "north"},
				"west": {"uv": [11, 5, 12, 7], "texture": "#overlay", "cullface": "north"},
				"up": {"uv": [12, 5, 10, 6], "texture": "#overlay", "cullface": "north"},
				"down": {"uv": [10, 6, 12, 7], "rotation": 180, "texture": "#overlay", "cullface": "north"}
			}
		},
		{
			"name": "lapis_lazuli_7",
			"from": [11, 9, -0.05],
			"to": [13, 10, 0],
			"rotation": {"angle": 0, "axis": "y", "origin": [8, 8, 8]},
			"faces": {
				"north": {"uv": [3, 6, 5, 7], "texture": "#overlay", "cullface": "north"},
				"east": {"uv": [3, 6, 4, 7], "texture": "#overlay", "cullface": "north"},
				"west": {"uv": [4, 6, 5, 7], "texture": "#overlay", "cullface": "north"},
				"up": {"uv": [5, 6, 3, 7], "texture": "#overlay", "cullface": "north"},
				"down": {"uv": [3, 6, 5, 7], "rotation": 180, "texture": "#overlay", "cullface": "north"}
			}
		},
		{
			"name": "lapis_lazuli_8",
			"from": [8, 9, -0.05],
			"to": [9, 10, 0],
			"rotation": {"angle": 0, "axis": "y", "origin": [8, 8, 8]},
			"faces": {
				"north": {"uv": [7, 6, 8, 7], "texture": "#overlay", "cullface": "north"},
				"east": {"uv": [7, 6, 8, 7], "texture": "#overlay", "cullface": "north"},
				"west": {"uv": [7, 6, 8, 7], "texture": "#overlay", "cullface": "north"},
				"up": {"uv": [8, 6, 7, 7], "texture": "#overlay", "cullface": "north"},
				"down": {"uv": [7, 6, 8, 7], "rotation": 180, "texture": "#overlay", "cullface": "north"}
			}
		},
		{
			"name": "lapis_lazuli_9",
			"from": [13, 7, -0.1],
			"to": [15, 9, 0],
			"rotation": {"angle": 0, "axis": "y", "origin": [8, 8, 8]},
			"faces": {
				"north": {"uv": [1, 7, 3, 9], "texture": "#overlay", "cullface": "north"},
				"east": {"uv": [1, 7, 2, 9], "texture": "#overlay", "cullface": "north"},
				"west": {"uv": [2, 7, 3, 9], "texture": "#overlay", "cullface": "north"},
				"up": {"uv": [3, 7, 1, 8], "texture": "#overlay", "cullface": "north"},
				"down": {"uv": [1, 8, 3, 9], "rotation": 180, "texture": "#overlay", "cullface": "north"}
			}
		},
		{
			"name": "lapis_lazuli_10",
			"from": [8, 6, -0.05],
			"to": [9, 8, 0],
			"rotation": {"angle": 0, "axis": "y", "origin": [8, 8, 8]},
			"faces": {
				"north": {"uv": [7, 8, 8, 10], "texture": "#overlay", "cullface": "north"},
				"east": {"uv": [7, 8, 8, 10], "texture": "#overlay", "cullface": "north"},
				"west": {"uv": [7, 8, 8, 10], "texture": "#overlay", "cullface": "north"},
				"up": {"uv": [8, 8, 7, 9], "texture": "#overlay", "cullface": "north"},
				"down": {"uv": [7, 9, 8, 10], "rotation": 180, "texture": "#overlay", "cullface": "north"}
			}
		},
		{
			"name": "lapis_lazuli_11",
			"from": [4, 6, -0.15],
			"to": [7, 8, 0],
			"rotation": {"angle": 0, "axis": "y", "origin": [8, 8, 8]},
			"faces": {
				"north": {"uv": [9, 8, 12, 10], "texture": "#overlay", "cullface": "north"},
				"east": {"uv": [9, 8, 10, 10], "texture": "#overlay", "cullface": "north"},
				"west": {"uv": [11, 8, 12, 10], "texture": "#overlay", "cullface": "north"},
				"up": {"uv": [12, 8, 9, 9], "texture": "#overlay", "cullface": "north"},
				"down": {"uv": [9, 9, 12, 10], "rotation": 180, "texture": "#overlay", "cullface": "north"}
			}
		},
		{
			"name": "lapis_lazuli_12",
			"from": [7, 5, -0.05],
			"to": [8, 7, 0],
			"rotation": {"angle": 0, "axis": "y", "origin": [8, 8, 8]},
			"faces": {
				"north": {"uv": [8, 9, 9, 11], "texture": "#overlay", "cullface": "north"},
				"east": {"uv": [8, 9, 9, 11], "texture": "#overlay", "cullface": "north"},
				"west": {"uv": [8, 9, 9, 11], "texture": "#overlay", "cullface": "north"},
				"up": {"uv": [9, 9, 8, 10], "texture": "#overlay", "cullface": "north"},
				"down": {"uv": [8, 10, 9, 11], "rotation": 180, "texture": "#overlay", "cullface": "north"}
			}
		},
		{
			"name": "lapis_lazuli_13",
			"from": [2, 3, -0.1],
			"to": [3, 7, 0],
			"rotation": {"angle": 0, "axis": "y", "origin": [8, 8, 8]},
			"faces": {
				"north": {"uv": [13, 9, 14, 13], "texture": "#overlay", "cullface": "north"},
				"east": {"uv": [13, 9, 14, 13], "texture": "#overlay", "cullface": "north"},
				"west": {"uv": [13, 9, 14, 13], "texture": "#overlay", "cullface": "north"},
				"up": {"uv": [14, 9, 13, 10], "texture": "#overlay", "cullface": "north"},
				"down": {"uv": [13, 12, 14, 13], "rotation": 180, "texture": "#overlay", "cullface": "north"}
			}
		},
		{
			"name": "lapis_lazuli_14",
			"from": [11, 4, -0.05],
			"to": [12, 6, 0],
			"rotation": {"angle": 0, "axis": "y", "origin": [8, 8, 8]},
			"faces": {
				"north": {"uv": [4, 10, 5, 12], "texture": "#overlay", "cullface": "north"},
				"east": {"uv": [4, 10, 5, 12], "texture": "#overlay", "cullface": "north"},
				"west": {"uv": [4, 10, 5, 12], "texture": "#overlay", "cullface": "north"},
				"up": {"uv": [5, 10, 4, 11], "texture": "#overlay", "cullface": "north"},
				"down": {"uv": [4, 11, 5, 12], "rotation": 180, "texture": "#overlay", "cullface": "north"}
			}
		},
		{
			"name": "lapis_lazuli_15",
			"from": [5, 5, -0.05],
			"to": [7, 6, 0],
			"rotation": {"angle": 0, "axis": "y", "origin": [8, 8, 8]},
			"faces": {
				"north": {"uv": [9, 10, 11, 11], "texture": "#overlay", "cullface": "north"},
				"east": {"uv": [9, 10, 10, 11], "texture": "#overlay", "cullface": "north"},
				"west": {"uv": [10, 10, 11, 11], "texture": "#overlay", "cullface": "north"},
				"up": {"uv": [11, 10, 9, 11], "texture": "#overlay", "cullface": "north"},
				"down": {"uv": [9, 10, 11, 11], "rotation": 180, "texture": "#overlay", "cullface": "north"}
			}
		},
		{
			"name": "lapis_lazuli_16",
			"from": [1, 3, -0.1],
			"to": [2, 6, 0],
			"rotation": {"angle": 0, "axis": "y", "origin": [8, 8, 8]},
			"faces": {
				"north": {"uv": [14, 10, 15, 13], "texture": "#overlay", "cullface": "north"},
				"east": {"uv": [14, 10, 15, 13], "texture": "#overlay", "cullface": "north"},
				"west": {"uv": [14, 10, 15, 13], "texture": "#overlay", "cullface": "north"},
				"up": {"uv": [15, 10, 14, 11], "texture": "#overlay", "cullface": "north"},
				"down": {"uv": [14, 12, 15, 13], "rotation": 180, "texture": "#overlay", "cullface": "north"}
			}
		},
		{
			"name": "lapis_lazuli_17",
			"from": [12, 4, -0.05],
			"to": [14, 5, 0],
			"rotation": {"angle": 0, "axis": "y", "origin": [8, 8, 8]},
			"faces": {
				"north": {"uv": [2, 11, 4, 12], "texture": "#overlay", "cullface": "north"},
				"east": {"uv": [2, 11, 3, 12], "texture": "#overlay", "cullface": "north"},
				"west": {"uv": [3, 11, 4, 12], "texture": "#overlay", "cullface": "north"},
				"up": {"uv": [4, 11, 2, 12], "texture": "#overlay", "cullface": "north"},
				"down": {"uv": [2, 11, 4, 12], "rotation": 180, "texture": "#overlay", "cullface": "north"}
			}
		},
		{
			"name": "lapis_lazuli_18",
			"from": [10, 1, -0.1],
			"to": [11, 4, 0],
			"rotation": {"angle": 0, "axis": "y", "origin": [8, 8, 8]},
			"faces": {
				"north": {"uv": [5, 12, 6, 15], "texture": "#overlay", "cullface": "north"},
				"east": {"uv": [5, 12, 6, 15], "texture": "#overlay", "cullface": "north"},
				"west": {"uv": [5, 12, 6, 15], "texture": "#overlay", "cullface": "north"},
				"up": {"uv": [6, 12, 5, 13], "texture": "#overlay", "cullface": "north"},
				"down": {"uv": [5, 14, 6, 15], "rotation": 180, "texture": "#overlay", "cullface": "north"}
			}
		},
		{
			"name": "lapis_lazuli_19",
			"from": [5, 2, -0.15],
			"to": [8, 4, 0],
			"rotation": {"angle": 0, "axis": "y", "origin": [8, 8, 8]},
			"faces": {
				"north": {"uv": [8, 12, 11, 14], "texture": "#overlay", "cullface": "north"},
				"east": {"uv": [8, 12, 9, 14], "texture": "#overlay", "cullface": "north"},
				"west": {"uv": [10, 12, 11, 14], "texture": "#overlay", "cullface": "north"},
				"up": {"uv": [11, 12, 8, 13], "texture": "#overlay", "cullface": "north"},
				"down": {"uv": [8, 13, 11, 14], "rotation": 180, "texture": "#overlay", "cullface": "north"}
			}
		},
		{
			"name": "lapis_lazuli_20",
			"from": [11, 1, -0.05],
			"to": [12, 3, 0],
			"rotation": {"angle": 0, "axis": "y", "origin": [8, 8, 8]},
			"faces": {
				"north": {"uv": [4, 13, 5, 15], "texture": "#overlay", "cullface": "north"},
				"east": {"uv": [4, 13, 5, 15], "texture": "#overlay", "cullface": "north"},
				"west": {"uv": [4, 13, 5, 15], "texture": "#overlay", "cullface": "north"},
				"up": {"uv": [5, 13, 4, 14], "texture": "#overlay", "cullface": "north"},
				"down": {"uv": [4, 14, 5, 15], "rotation": 180, "texture": "#overlay", "cullface": "north"}
			}
		},
		{
			"name": "lapis_lazuli_21",
			"from": [9, 1, -0.05],
			"to": [10, 3, 0],
			"rotation": {"angle": 0, "axis": "y", "origin": [8, 8, 8]},
			"faces": {
				"north": {"uv": [6, 13, 7, 15], "texture": "#overlay", "cullface": "north"},
				"east": {"uv": [6, 13, 7, 15], "texture": "#overlay", "cullface": "north"},
				"west": {"uv": [6, 13, 7, 15], "texture": "#overlay", "cullface": "north"},
				"up": {"uv": [7, 13, 6, 14], "texture": "#overlay", "cullface": "north"},
				"down": {"uv": [6, 14, 7, 15], "rotation": 180, "texture": "#overlay", "cullface": "north"}
			}
		},
		{
			"name": "lapis_lazuli_2",
			"from": [-0.1, 13, 2],
			"to": [0, 14, 6],
			"rotation": {"angle": 0, "axis": "y", "origin": [8, 8, 8]},
			"faces": {
				"north": {"uv": [2, 2, 3, 3], "texture": "#overlay", "cullface": "west"},
				"south": {"uv": [5, 2, 6, 3], "texture": "#overlay", "cullface": "west"},
				"west": {"uv": [2, 2, 6, 3], "texture": "#overlay", "cullface": "west"},
				"up": {"uv": [6, 2, 2, 3], "rotation": 270, "texture": "#overlay", "cullface": "west"},
				"down": {"uv": [2, 2, 6, 3], "rotation": 270, "texture": "#overlay", "cullface": "west"}
			}
		},
		{
			"name": "lapis_lazuli_3",
			"from": [-0.05, 13, 12],
			"to": [0, 14, 14],
			"rotation": {"angle": 0, "axis": "y", "origin": [8, 8, 8]},
			"faces": {
				"north": {"uv": [12, 2, 13, 3], "texture": "#overlay", "cullface": "west"},
				"south": {"uv": [13, 2, 14, 3], "texture": "#overlay", "cullface": "west"},
				"west": {"uv": [12, 2, 14, 3], "texture": "#overlay", "cullface": "west"},
				"up": {"uv": [14, 2, 12, 3], "rotation": 270, "texture": "#overlay", "cullface": "west"},
				"down": {"uv": [12, 2, 14, 3], "rotation": 270, "texture": "#overlay", "cullface": "west"}
			}
		},
		{
			"name": "lapis_lazuli_4",
			"from": [-0.05, 12, 5],
			"to": [0, 13, 6],
			"rotation": {"angle": 0, "axis": "y", "origin": [8, 8, 8]},
			"faces": {
				"north": {"uv": [5, 3, 6, 4], "texture": "#overlay", "cullface": "west"},
				"south": {"uv": [5, 3, 6, 4], "texture": "#overlay", "cullface": "west"},
				"west": {"uv": [5, 3, 6, 4], "texture": "#overlay", "cullface": "west"},
				"up": {"uv": [6, 3, 5, 4], "rotation": 270, "texture": "#overlay", "cullface": "west"},
				"down": {"uv": [5, 3, 6, 4], "rotation": 270, "texture": "#overlay", "cullface": "west"}
			}
		},
		{
			"name": "lapis_lazuli_5",
			"from": [-0.05, 12, 7],
			"to": [0, 13, 9],
			"rotation": {"angle": 0, "axis": "y", "origin": [8, 8, 8]},
			"faces": {
				"north": {"uv": [7, 3, 8, 4], "texture": "#overlay", "cullface": "west"},
				"south": {"uv": [8, 3, 9, 4], "texture": "#overlay", "cullface": "west"},
				"west": {"uv": [7, 3, 9, 4], "texture": "#overlay", "cullface": "west"},
				"up": {"uv": [9, 3, 7, 4], "rotation": 270, "texture": "#overlay", "cullface": "west"},
				"down": {"uv": [7, 3, 9, 4], "rotation": 270, "texture": "#overlay", "cullface": "west"}
			}
		},
		{
			"name": "lapis_lazuli_6",
			"from": [-0.1, 9, 5],
			"to": [0, 11, 7],
			"rotation": {"angle": 0, "axis": "y", "origin": [8, 8, 8]},
			"faces": {
				"north": {"uv": [5, 5, 6, 7], "texture": "#overlay", "cullface": "west"},
				"south": {"uv": [6, 5, 7, 7], "texture": "#overlay", "cullface": "west"},
				"west": {"uv": [5, 5, 7, 7], "texture": "#overlay", "cullface": "west"},
				"up": {"uv": [7, 5, 5, 6], "rotation": 270, "texture": "#overlay", "cullface": "west"},
				"down": {"uv": [5, 6, 7, 7], "rotation": 270, "texture": "#overlay", "cullface": "west"}
			}
		},
		{
			"name": "lapis_lazuli_7",
			"from": [-0.1, 9, 10],
			"to": [0, 11, 12],
			"rotation": {"angle": 0, "axis": "y", "origin": [8, 8, 8]},
			"faces": {
				"north": {"uv": [10, 5, 11, 7], "texture": "#overlay", "cullface": "west"},
				"south": {"uv": [11, 5, 12, 7], "texture": "#overlay", "cullface": "west"},
				"west": {"uv": [10, 5, 12, 7], "texture": "#overlay", "cullface": "west"},
				"up": {"uv": [12, 5, 10, 6], "rotation": 270, "texture": "#overlay", "cullface": "west"},
				"down": {"uv": [10, 6, 12, 7], "rotation": 270, "texture": "#overlay", "cullface": "west"}
			}
		},
		{
			"name": "lapis_lazuli_8",
			"from": [-0.05, 9, 3],
			"to": [0, 10, 5],
			"rotation": {"angle": 0, "axis": "y", "origin": [8, 8, 8]},
			"faces": {
				"north": {"uv": [3, 6, 4, 7], "texture": "#overlay", "cullface": "west"},
				"south": {"uv": [4, 6, 5, 7], "texture": "#overlay", "cullface": "west"},
				"west": {"uv": [3, 6, 5, 7], "texture": "#overlay", "cullface": "west"},
				"up": {"uv": [5, 6, 3, 7], "rotation": 270, "texture": "#overlay", "cullface": "west"},
				"down": {"uv": [3, 6, 5, 7], "rotation": 270, "texture": "#overlay", "cullface": "west"}
			}
		},
		{
			"name": "lapis_lazuli_9",
			"from": [-0.05, 9, 7],
			"to": [0, 10, 8],
			"rotation": {"angle": 0, "axis": "y", "origin": [8, 8, 8]},
			"faces": {
				"north": {"uv": [7, 6, 8, 7], "texture": "#overlay", "cullface": "west"},
				"south": {"uv": [7, 6, 8, 7], "texture": "#overlay", "cullface": "west"},
				"west": {"uv": [7, 6, 8, 7], "texture": "#overlay", "cullface": "west"},
				"up": {"uv": [8, 6, 7, 7], "rotation": 270, "texture": "#overlay", "cullface": "west"},
				"down": {"uv": [7, 6, 8, 7], "rotation": 270, "texture": "#overlay", "cullface": "west"}
			}
		},
		{
			"name": "lapis_lazuli_10",
			"from": [-0.1, 7, 1],
			"to": [0, 9, 3],
			"rotation": {"angle": 0, "axis": "y", "origin": [8, 8, 8]},
			"faces": {
				"north": {"uv": [1, 7, 2, 9], "texture": "#overlay", "cullface": "west"},
				"south": {"uv": [2, 7, 3, 9], "texture": "#overlay", "cullface": "west"},
				"west": {"uv": [1, 7, 3, 9], "texture": "#overlay", "cullface": "west"},
				"up": {"uv": [3, 7, 1, 8], "rotation": 270, "texture": "#overlay", "cullface": "west"},
				"down": {"uv": [1, 8, 3, 9], "rotation": 270, "texture": "#overlay", "cullface": "west"}
			}
		},
		{
			"name": "lapis_lazuli_11",
			"from": [-0.05, 6, 7],
			"to": [0, 8, 8],
			"rotation": {"angle": 0, "axis": "y", "origin": [8, 8, 8]},
			"faces": {
				"north": {"uv": [7, 8, 8, 10], "texture": "#overlay", "cullface": "west"},
				"south": {"uv": [7, 8, 8, 10], "texture": "#overlay", "cullface": "west"},
				"west": {"uv": [7, 8, 8, 10], "texture": "#overlay", "cullface": "west"},
				"up": {"uv": [8, 8, 7, 9], "rotation": 270, "texture": "#overlay", "cullface": "west"},
				"down": {"uv": [7, 9, 8, 10], "rotation": 270, "texture": "#overlay", "cullface": "west"}
			}
		},
		{
			"name": "lapis_lazuli_12",
			"from": [-0.15, 6, 9],
			"to": [0, 8, 12],
			"rotation": {"angle": 0, "axis": "y", "origin": [8, 8, 8]},
			"faces": {
				"north": {"uv": [9, 8, 10, 10], "texture": "#overlay", "cullface": "west"},
				"south": {"uv": [11, 8, 12, 10], "texture": "#overlay", "cullface": "west"},
				"west": {"uv": [9, 8, 12, 10], "texture": "#overlay", "cullface": "west"},
				"up": {"uv": [12, 8, 9, 9], "rotation": 270, "texture": "#overlay", "cullface": "west"},
				"down": {"uv": [9, 9, 12, 10], "rotation": 270, "texture": "#overlay", "cullface": "west"}
			}
		},
		{
			"name": "lapis_lazuli_13",
			"from": [-0.05, 5, 8],
			"to": [0, 7, 9],
			"rotation": {"angle": 0, "axis": "y", "origin": [8, 8, 8]},
			"faces": {
				"north": {"uv": [8, 9, 9, 11], "texture": "#overlay", "cullface": "west"},
				"south": {"uv": [8, 9, 9, 11], "texture": "#overlay", "cullface": "west"},
				"west": {"uv": [8, 9, 9, 11], "texture": "#overlay", "cullface": "west"},
				"up": {"uv": [9, 9, 8, 10], "rotation": 270, "texture": "#overlay", "cullface": "west"},
				"down": {"uv": [8, 10, 9, 11], "rotation": 270, "texture": "#overlay", "cullface": "west"}
			}
		},
		{
			"name": "lapis_lazuli_14",
			"from": [-0.1, 3, 13],
			"to": [0, 7, 14],
			"rotation": {"angle": 0, "axis": "y", "origin": [8, 8, 8]},
			"faces": {
				"north": {"uv": [13, 9, 14, 13], "texture": "#overlay", "cullface": "west"},
				"south": {"uv": [13, 9, 14, 13], "texture": "#overlay", "cullface": "west"},
				"west": {"uv": [13, 9, 14, 13], "texture": "#overlay", "cullface": "west"},
				"up": {"uv": [14, 9, 13, 10], "rotation": 270, "texture": "#overlay", "cullface": "west"},
				"down": {"uv": [13, 12, 14, 13], "rotation": 270, "texture": "#overlay", "cullface": "west"}
			}
		},
		{
			"name": "lapis_lazuli_15",
			"from": [-0.05, 4, 4],
			"to": [0, 6, 5],
			"rotation": {"angle": 0, "axis": "y", "origin": [8, 8, 8]},
			"faces": {
				"north": {"uv": [4, 10, 5, 12], "texture": "#overlay", "cullface": "west"},
				"south": {"uv": [4, 10, 5, 12], "texture": "#overlay", "cullface": "west"},
				"west": {"uv": [4, 10, 5, 12], "texture": "#overlay", "cullface": "west"},
				"up": {"uv": [5, 10, 4, 11], "rotation": 270, "texture": "#overlay", "cullface": "west"},
				"down": {"uv": [4, 11, 5, 12], "rotation": 270, "texture": "#overlay", "cullface": "west"}
			}
		},
		{
			"name": "lapis_lazuli_16",
			"from": [-0.05, 5, 9],
			"to": [0, 6, 11],
			"rotation": {"angle": 0, "axis": "y", "origin": [8, 8, 8]},
			"faces": {
				"north": {"uv": [9, 10, 10, 11], "texture": "#overlay", "cullface": "west"},
				"south": {"uv": [10, 10, 11, 11], "texture": "#overlay", "cullface": "west"},
				"west": {"uv": [9, 10, 11, 11], "texture": "#overlay", "cullface": "west"},
				"up": {"uv": [11, 10, 9, 11], "rotation": 270, "texture": "#overlay", "cullface": "west"},
				"down": {"uv": [9, 10, 11, 11], "rotation": 270, "texture": "#overlay", "cullface": "west"}
			}
		},
		{
			"name": "lapis_lazuli_17",
			"from": [-0.1, 3, 14],
			"to": [0, 6, 15],
			"rotation": {"angle": 0, "axis": "y", "origin": [8, 8, 8]},
			"faces": {
				"north": {"uv": [14, 10, 15, 13], "texture": "#overlay", "cullface": "west"},
				"south": {"uv": [14, 10, 15, 13], "texture": "#overlay", "cullface": "west"},
				"west": {"uv": [14, 10, 15, 13], "texture": "#overlay", "cullface": "west"},
				"up": {"uv": [15, 10, 14, 11], "rotation": 270, "texture": "#overlay", "cullface": "west"},
				"down": {"uv": [14, 12, 15, 13], "rotation": 270, "texture": "#overlay", "cullface": "west"}
			}
		},
		{
			"name": "lapis_lazuli_18",
			"from": [-0.05, 4, 2],
			"to": [0, 5, 4],
			"rotation": {"angle": 0, "axis": "y", "origin": [8, 8, 8]},
			"faces": {
				"north": {"uv": [2, 11, 3, 12], "texture": "#overlay", "cullface": "west"},
				"south": {"uv": [3, 11, 4, 12], "texture": "#overlay", "cullface": "west"},
				"west": {"uv": [2, 11, 4, 12], "texture": "#overlay", "cullface": "west"},
				"up": {"uv": [4, 11, 2, 12], "rotation": 270, "texture": "#overlay", "cullface": "west"},
				"down": {"uv": [2, 11, 4, 12], "rotation": 270, "texture": "#overlay", "cullface": "west"}
			}
		},
		{
			"name": "lapis_lazuli_19",
			"from": [-0.1, 1, 5],
			"to": [0, 4, 6],
			"rotation": {"angle": 0, "axis": "y", "origin": [8, 8, 8]},
			"faces": {
				"north": {"uv": [5, 12, 6, 15], "texture": "#overlay", "cullface": "west"},
				"south": {"uv": [5, 12, 6, 15], "texture": "#overlay", "cullface": "west"},
				"west": {"uv": [5, 12, 6, 15], "texture": "#overlay", "cullface": "west"},
				"up": {"uv": [6, 12, 5, 13], "rotation": 270, "texture": "#overlay", "cullface": "west"},
				"down": {"uv": [5, 14, 6, 15], "rotation": 270, "texture": "#overlay", "cullface": "west"}
			}
		},
		{
			"name": "lapis_lazuli_20",
			"from": [-0.15, 2, 8],
			"to": [0, 4, 11],
			"rotation": {"angle": 0, "axis": "y", "origin": [8, 8, 8]},
			"faces": {
				"north": {"uv": [8, 12, 9, 14], "texture": "#overlay", "cullface": "west"},
				"south": {"uv": [10, 12, 11, 14], "texture": "#overlay", "cullface": "west"},
				"west": {"uv": [8, 12, 11, 14], "texture": "#overlay", "cullface": "west"},
				"up": {"uv": [11, 12, 8, 13], "rotation": 270, "texture": "#overlay", "cullface": "west"},
				"down": {"uv": [8, 13, 11, 14], "rotation": 270, "texture": "#overlay", "cullface": "west"}
			}
		},
		{
			"name": "lapis_lazuli_21",
			"from": [-0.05, 1, 4],
			"to": [0, 3, 5],
			"rotation": {"angle": 0, "axis": "y", "origin": [8, 8, 8]},
			"faces": {
				"north": {"uv": [4, 13, 5, 15], "texture": "#overlay", "cullface": "west"},
				"south": {"uv": [4, 13, 5, 15], "texture": "#overlay", "cullface": "west"},
				"west": {"uv": [4, 13, 5, 15], "texture": "#overlay", "cullface": "west"},
				"up": {"uv": [5, 13, 4, 14], "rotation": 270, "texture": "#overlay", "cullface": "west"},
				"down": {"uv": [4, 14, 5, 15], "rotation": 270, "texture": "#overlay", "cullface": "west"}
			}
		},
		{
			"name": "lapis_lazuli_22",
			"from": [-0.05, 1, 6],
			"to": [0, 3, 7],
			"rotation": {"angle": 0, "axis": "y", "origin": [8, 8, 8]},
			"faces": {
				"north": {"uv": [6, 13, 7, 15], "texture": "#overlay", "cullface": "west"},
				"south": {"uv": [6, 13, 7, 15], "texture": "#overlay", "cullface": "west"},
				"west": {"uv": [6, 13, 7, 15], "texture": "#overlay", "cullface": "west"},
				"up": {"uv": [7, 13, 6, 14], "rotation": 270, "texture": "#overlay", "cullface": "west"},
				"down": {"uv": [6, 14, 7, 15], "rotation": 270, "texture": "#overlay", "cullface": "west"}
			}
		}
	],
	"groups": [
		0,
		{
			"name": "lapis_lazuli",
			"origin": [8, 8, 8],
			"color": 0,
			"children": [1, 2, 3, 4, 5, 6, 7, 8, 9, 10, 11, 12, 13, 14, 15, 16, 17, 18, 19, 20, 21]
		},
		{
			"name": "lapis_lazuli",
			"origin": [8, 8, 8],
			"color": 0,
			"children": [22, 23, 24, 25, 26, 27, 28, 29, 30, 31, 32, 33, 34, 35, 36, 37, 38, 39, 40, 41, 42]
		},
		{
			"name": "lapis_lazuli",
			"origin": [8, 8, 8],
			"color": 0,
			"children": [43, 44, 45, 46, 47, 48, 49, 50, 51, 52, 53, 54, 55, 56, 57, 58, 59, 60, 61, 62, 63]
		},
		{
			"name": "lapis_lazuli",
			"origin": [8, 8, 8],
			"color": 0,
			"children": [64, 65, 66, 67, 68, 69, 70, 71, 72, 73, 74, 75, 76, 77, 78, 79, 80, 81, 82, 83, 84]
		},
		{
			"name": "lapis_lazuli",
			"origin": [8, 8, 8],
			"color": 0,
			"children": [85, 86, 87, 88, 89, 90, 91, 92, 93, 94, 95, 96, 97, 98, 99, 100, 101, 102, 103, 104, 105]
		},
		{
			"name": "lapis_lazuli",
			"origin": [8, 8, 8],
			"color": 0,
			"children": [106, 107, 108, 109, 110, 111, 112, 113, 114, 115, 116, 117, 118, 119, 120, 121, 122, 123, 124, 125, 126]
		}
	]
}