{
	"credit": "Made with Blockbench",
	"parent": "block/block",
	"elements": [
		{
			"from": [0, 0, 0],
			"to": [16, 16, 16],
			"rotation": {"angle": 0, "axis": "y", "origin": [8, 8, 8]},
			"faces": {
				"north": {"uv": [0, 0, 16, 16], "texture": "#all", "cullface": "north"},
				"east": {"uv": [0, 0, 16, 16], "texture": "#all", "cullface": "east"},
				"south": {"uv": [0, 0, 16, 16], "texture": "#all", "cullface": "south"},
				"west": {"uv": [0, 0, 16, 16], "texture": "#all", "cullface": "west"},
				"up": {"uv": [0, 0, 16, 16], "texture": "#all", "cullface": "up"},
				"down": {"uv": [0, 0, 16, 16], "texture": "#all", "cullface": "down"}
			}
		},
		{
			"name": "lignite_1",
			"from": [0, 16, 0],
			"to": [2, 16.15, 1],
			"rotation": {"angle": 0, "axis": "x", "origin": [8, 8, 8]},
			"faces": {
				"north": {"uv": [2, 0, 0, 1], "texture": "#overlay", "cullface": "up"},
				"east": {"uv": [1, 0, 2, 1], "rotation": 90, "texture": "#overlay", "cullface": "up"},
				"south": {"uv": [0, 0, 2, 1], "texture": "#overlay", "cullface": "up"},
				"west": {"uv": [0, 0, 1, 1], "rotation": 270, "texture": "#overlay", "cullface": "up"},
				"up": {"uv": [0, 0, 2, 1], "texture": "#overlay", "cullface": "up"}
			}
		},
		{
			"name": "lignite_2",
			"from": [8, 16, 0],
			"to": [13, 16.35, 1],
			"rotation": {"angle": 0, "axis": "x", "origin": [8, 8, 8]},
			"faces": {
				"north": {"uv": [13, 0, 8, 1], "texture": "#overlay", "cullface": "up"},
				"east": {"uv": [12, 0, 13, 1], "rotation": 90, "texture": "#overlay", "cullface": "up"},
				"south": {"uv": [8, 0, 13, 1], "texture": "#overlay", "cullface": "up"},
				"west": {"uv": [8, 0, 9, 1], "rotation": 270, "texture": "#overlay", "cullface": "up"},
				"up": {"uv": [8, 0, 13, 1], "texture": "#overlay", "cullface": "up"}
			}
		},
		{
			"name": "lignite_3",
			"from": [0, 16, 1],
			"to": [1, 16.15, 2],
			"rotation": {"angle": 0, "axis": "x", "origin": [8, 8, 8]},
			"faces": {
				"north": {"uv": [1, 1, 0, 2], "texture": "#overlay", "cullface": "up"},
				"east": {"uv": [0, 1, 1, 2], "rotation": 90, "texture": "#overlay", "cullface": "up"},
				"south": {"uv": [0, 1, 1, 2], "texture": "#overlay", "cullface": "up"},
				"west": {"uv": [0, 1, 1, 2], "rotation": 270, "texture": "#overlay", "cullface": "up"},
				"up": {"uv": [0, 1, 1, 2], "texture": "#overlay", "cullface": "up"}
			}
		},
		{
			"name": "lignite_4",
			"from": [4, 16, 1],
			"to": [6, 16.15, 2],
			"rotation": {"angle": 0, "axis": "x", "origin": [8, 8, 8]},
			"faces": {
				"north": {"uv": [6, 1, 4, 2], "texture": "#overlay", "cullface": "up"},
				"east": {"uv": [5, 1, 6, 2], "rotation": 90, "texture": "#overlay", "cullface": "up"},
				"south": {"uv": [4, 1, 6, 2], "texture": "#overlay", "cullface": "up"},
				"west": {"uv": [4, 1, 5, 2], "rotation": 270, "texture": "#overlay", "cullface": "up"},
				"up": {"uv": [4, 1, 6, 2], "texture": "#overlay", "cullface": "up"}
			}
		},
		{
			"name": "lignite_5",
			"from": [9, 16, 1],
			"to": [13, 16.25, 2],
			"rotation": {"angle": 0, "axis": "x", "origin": [8, 8, 8]},
			"faces": {
				"north": {"uv": [13, 1, 9, 2], "texture": "#overlay", "cullface": "up"},
				"east": {"uv": [12, 1, 13, 2], "rotation": 90, "texture": "#overlay", "cullface": "up"},
				"south": {"uv": [9, 1, 13, 2], "texture": "#overlay", "cullface": "up"},
				"west": {"uv": [9, 1, 10, 2], "rotation": 270, "texture": "#overlay", "cullface": "up"},
				"up": {"uv": [9, 1, 13, 2], "texture": "#overlay", "cullface": "up"}
			}
		},
		{
			"name": "lignite_6",
			"from": [5, 16, 2],
			"to": [7, 16.15, 3],
			"rotation": {"angle": 0, "axis": "x", "origin": [8, 8, 8]},
			"faces": {
				"north": {"uv": [7, 2, 5, 3], "texture": "#overlay", "cullface": "up"},
				"east": {"uv": [6, 2, 7, 3], "rotation": 90, "texture": "#overlay", "cullface": "up"},
				"south": {"uv": [5, 2, 7, 3], "texture": "#overlay", "cullface": "up"},
				"west": {"uv": [5, 2, 6, 3], "rotation": 270, "texture": "#overlay", "cullface": "up"},
				"up": {"uv": [5, 2, 7, 3], "texture": "#overlay", "cullface": "up"}
			}
		},
		{
			"name": "lignite_7",
			"from": [11, 16, 2],
			"to": [12, 16.15, 3],
			"rotation": {"angle": 0, "axis": "x", "origin": [8, 8, 8]},
			"faces": {
				"north": {"uv": [12, 2, 11, 3], "texture": "#overlay", "cullface": "up"},
				"east": {"uv": [11, 2, 12, 3], "rotation": 90, "texture": "#overlay", "cullface": "up"},
				"south": {"uv": [11, 2, 12, 3], "texture": "#overlay", "cullface": "up"},
				"west": {"uv": [11, 2, 12, 3], "rotation": 270, "texture": "#overlay", "cullface": "up"},
				"up": {"uv": [11, 2, 12, 3], "texture": "#overlay", "cullface": "up"}
			}
		},
		{
			"name": "lignite_8",
			"from": [2, 16, 3],
			"to": [4, 16.5, 8],
			"rotation": {"angle": 0, "axis": "x", "origin": [8, 8, 8]},
			"faces": {
				"north": {"uv": [4, 3, 2, 4], "texture": "#overlay", "cullface": "up"},
				"east": {"uv": [3, 3, 4, 8], "rotation": 90, "texture": "#overlay", "cullface": "up"},
				"south": {"uv": [2, 7, 4, 8], "texture": "#overlay", "cullface": "up"},
				"west": {"uv": [2, 3, 3, 8], "rotation": 270, "texture": "#overlay", "cullface": "up"},
				"up": {"uv": [2, 3, 4, 8], "texture": "#overlay", "cullface": "up"}
			}
		},
		{
			"name": "lignite_9",
			"from": [13, 16, 3],
			"to": [14, 16.35, 9],
			"rotation": {"angle": 0, "axis": "x", "origin": [8, 8, 8]},
			"faces": {
				"north": {"uv": [14, 3, 13, 4], "texture": "#overlay", "cullface": "up"},
				"east": {"uv": [13, 3, 14, 9], "rotation": 90, "texture": "#overlay", "cullface": "up"},
				"south": {"uv": [13, 8, 14, 9], "texture": "#overlay", "cullface": "up"},
				"west": {"uv": [13, 3, 14, 9], "rotation": 270, "texture": "#overlay", "cullface": "up"},
				"up": {"uv": [13, 3, 14, 9], "texture": "#overlay", "cullface": "up"}
			}
		},
		{
			"name": "lignite_10",
			"from": [4, 16, 4],
			"to": [5, 16.35, 9],
			"rotation": {"angle": 0, "axis": "x", "origin": [8, 8, 8]},
			"faces": {
				"north": {"uv": [5, 4, 4, 5], "texture": "#overlay", "cullface": "up"},
				"east": {"uv": [4, 4, 5, 9], "rotation": 90, "texture": "#overlay", "cullface": "up"},
				"south": {"uv": [4, 8, 5, 9], "texture": "#overlay", "cullface": "up"},
				"west": {"uv": [4, 4, 5, 9], "rotation": 270, "texture": "#overlay", "cullface": "up"},
				"up": {"uv": [4, 4, 5, 9], "texture": "#overlay", "cullface": "up"}
			}
		},
		{
			"name": "lignite_11",
			"from": [11, 16, 4],
			"to": [13, 16.65, 10],
			"rotation": {"angle": 0, "axis": "x", "origin": [8, 8, 8]},
			"faces": {
				"north": {"uv": [13, 4, 11, 5], "texture": "#overlay", "cullface": "up"},
				"east": {"uv": [12, 4, 13, 10], "rotation": 90, "texture": "#overlay", "cullface": "up"},
				"south": {"uv": [11, 9, 13, 10], "texture": "#overlay", "cullface": "up"},
				"west": {"uv": [11, 4, 12, 10], "rotation": 270, "texture": "#overlay", "cullface": "up"},
				"up": {"uv": [11, 4, 13, 10], "texture": "#overlay", "cullface": "up"}
			}
		},
		{
			"name": "lignite_12",
			"from": [5, 16, 5],
			"to": [6, 16.15, 7],
			"rotation": {"angle": 0, "axis": "x", "origin": [8, 8, 8]},
			"faces": {
				"north": {"uv": [6, 5, 5, 6], "texture": "#overlay", "cullface": "up"},
				"east": {"uv": [5, 5, 6, 7], "rotation": 90, "texture": "#overlay", "cullface": "up"},
				"south": {"uv": [5, 6, 6, 7], "texture": "#overlay", "cullface": "up"},
				"west": {"uv": [5, 5, 6, 7], "rotation": 270, "texture": "#overlay", "cullface": "up"},
				"up": {"uv": [5, 5, 6, 7], "texture": "#overlay", "cullface": "up"}
			}
		},
		{
			"name": "lignite_13",
			"from": [9, 16, 5],
			"to": [11, 16.5, 10],
			"rotation": {"angle": 0, "axis": "x", "origin": [8, 8, 8]},
			"faces": {
				"north": {"uv": [11, 5, 9, 6], "texture": "#overlay", "cullface": "up"},
				"east": {"uv": [10, 5, 11, 10], "rotation": 90, "texture": "#overlay", "cullface": "up"},
				"south": {"uv": [9, 9, 11, 10], "texture": "#overlay", "cullface": "up"},
				"west": {"uv": [9, 5, 10, 10], "rotation": 270, "texture": "#overlay", "cullface": "up"},
				"up": {"uv": [9, 5, 11, 10], "texture": "#overlay", "cullface": "up"}
			}
		},
		{
			"name": "lignite_14",
			"from": [0, 16, 6],
			"to": [1, 16.25, 9],
			"rotation": {"angle": 0, "axis": "x", "origin": [8, 8, 8]},
			"faces": {
				"north": {"uv": [1, 6, 0, 7], "texture": "#overlay", "cullface": "up"},
				"east": {"uv": [0, 6, 1, 9], "rotation": 90, "texture": "#overlay", "cullface": "up"},
				"south": {"uv": [0, 8, 1, 9], "texture": "#overlay", "cullface": "up"},
				"west": {"uv": [0, 6, 1, 9], "rotation": 270, "texture": "#overlay", "cullface": "up"},
				"up": {"uv": [0, 6, 1, 9], "texture": "#overlay", "cullface": "up"}
			}
		},
		{
			"name": "lignite_15",
			"from": [15, 16, 6],
			"to": [16, 16.15, 8],
			"rotation": {"angle": 0, "axis": "x", "origin": [8, 8, 8]},
			"faces": {
				"north": {"uv": [16, 6, 15, 7], "texture": "#overlay", "cullface": "up"},
				"east": {"uv": [15, 6, 16, 8], "rotation": 90, "texture": "#overlay", "cullface": "up"},
				"south": {"uv": [15, 7, 16, 8], "texture": "#overlay", "cullface": "up"},
				"west": {"uv": [15, 6, 16, 8], "rotation": 270, "texture": "#overlay", "cullface": "up"},
				"up": {"uv": [15, 6, 16, 8], "texture": "#overlay", "cullface": "up"}
			}
		},
		{
			"name": "lignite_16",
			"from": [8, 16, 9],
			"to": [9, 16.15, 11],
			"rotation": {"angle": 0, "axis": "x", "origin": [8, 8, 8]},
			"faces": {
				"north": {"uv": [9, 9, 8, 10], "texture": "#overlay", "cullface": "up"},
				"east": {"uv": [8, 9, 9, 11], "rotation": 90, "texture": "#overlay", "cullface": "up"},
				"south": {"uv": [8, 10, 9, 11], "texture": "#overlay", "cullface": "up"},
				"west": {"uv": [8, 9, 9, 11], "rotation": 270, "texture": "#overlay", "cullface": "up"},
				"up": {"uv": [8, 9, 9, 11], "texture": "#overlay", "cullface": "up"}
			}
		},
		{
			"name": "lignite_17",
			"from": [4, 16, 10],
			"to": [7, 16.25, 11],
			"rotation": {"angle": 0, "axis": "x", "origin": [8, 8, 8]},
			"faces": {
				"north": {"uv": [7, 10, 4, 11], "texture": "#overlay", "cullface": "up"},
				"east": {"uv": [6, 10, 7, 11], "rotation": 90, "texture": "#overlay", "cullface": "up"},
				"south": {"uv": [4, 10, 7, 11], "texture": "#overlay", "cullface": "up"},
				"west": {"uv": [4, 10, 5, 11], "rotation": 270, "texture": "#overlay", "cullface": "up"},
				"up": {"uv": [4, 10, 7, 11], "texture": "#overlay", "cullface": "up"}
			}
		},
		{
			"name": "lignite_18",
			"from": [1, 16, 11],
			"to": [3, 16.5, 15],
			"rotation": {"angle": 0, "axis": "x", "origin": [8, 8, 8]},
			"faces": {
				"north": {"uv": [3, 11, 1, 12], "texture": "#overlay", "cullface": "up"},
				"east": {"uv": [2, 11, 3, 15], "rotation": 90, "texture": "#overlay", "cullface": "up"},
				"south": {"uv": [1, 14, 3, 15], "texture": "#overlay", "cullface": "up"},
				"west": {"uv": [1, 11, 2, 15], "rotation": 270, "texture": "#overlay", "cullface": "up"},
				"up": {"uv": [1, 11, 3, 15], "texture": "#overlay", "cullface": "up"}
			}
		},
		{
			"name": "lignite_19",
			"from": [5, 16, 11],
			"to": [7, 16.15, 12],
			"rotation": {"angle": 0, "axis": "x", "origin": [8, 8, 8]},
			"faces": {
				"north": {"uv": [7, 11, 5, 12], "texture": "#overlay", "cullface": "up"},
				"east": {"uv": [6, 11, 7, 12], "rotation": 90, "texture": "#overlay", "cullface": "up"},
				"south": {"uv": [5, 11, 7, 12], "texture": "#overlay", "cullface": "up"},
				"west": {"uv": [5, 11, 6, 12], "rotation": 270, "texture": "#overlay", "cullface": "up"},
				"up": {"uv": [5, 11, 7, 12], "texture": "#overlay", "cullface": "up"}
			}
		},
		{
			"name": "lignite_20",
			"from": [14, 16, 11],
			"to": [15, 16.25, 14],
			"rotation": {"angle": 0, "axis": "x", "origin": [8, 8, 8]},
			"faces": {
				"north": {"uv": [15, 11, 14, 12], "texture": "#overlay", "cullface": "up"},
				"east": {"uv": [14, 11, 15, 14], "rotation": 90, "texture": "#overlay", "cullface": "up"},
				"south": {"uv": [14, 13, 15, 14], "texture": "#overlay", "cullface": "up"},
				"west": {"uv": [14, 11, 15, 14], "rotation": 270, "texture": "#overlay", "cullface": "up"},
				"up": {"uv": [14, 11, 15, 14], "texture": "#overlay", "cullface": "up"}
			}
		},
		{
			"name": "lignite_21",
			"from": [3, 16, 12],
			"to": [4, 16.25, 15],
			"rotation": {"angle": 0, "axis": "x", "origin": [8, 8, 8]},
			"faces": {
				"north": {"uv": [4, 12, 3, 13], "texture": "#overlay", "cullface": "up"},
				"east": {"uv": [3, 12, 4, 15], "rotation": 90, "texture": "#overlay", "cullface": "up"},
				"south": {"uv": [3, 14, 4, 15], "texture": "#overlay", "cullface": "up"},
				"west": {"uv": [3, 12, 4, 15], "rotation": 270, "texture": "#overlay", "cullface": "up"},
				"up": {"uv": [3, 12, 4, 15], "texture": "#overlay", "cullface": "up"}
			}
		},
		{
			"name": "lignite_22",
			"from": [12, 16, 12],
			"to": [14, 16.15, 13],
			"rotation": {"angle": 0, "axis": "x", "origin": [8, 8, 8]},
			"faces": {
				"north": {"uv": [14, 12, 12, 13], "texture": "#overlay", "cullface": "up"},
				"east": {"uv": [13, 12, 14, 13], "rotation": 90, "texture": "#overlay", "cullface": "up"},
				"south": {"uv": [12, 12, 14, 13], "texture": "#overlay", "cullface": "up"},
				"west": {"uv": [12, 12, 13, 13], "rotation": 270, "texture": "#overlay", "cullface": "up"},
				"up": {"uv": [12, 12, 14, 13], "texture": "#overlay", "cullface": "up"}
			}
		},
		{
			"name": "lignite_23",
			"from": [8, 16, 13],
			"to": [10, 16.35, 16],
			"rotation": {"angle": 0, "axis": "x", "origin": [8, 8, 8]},
			"faces": {
				"north": {"uv": [10, 13, 8, 14], "texture": "#overlay", "cullface": "up"},
				"east": {"uv": [9, 13, 10, 16], "rotation": 90, "texture": "#overlay", "cullface": "up"},
				"south": {"uv": [8, 15, 10, 16], "texture": "#overlay", "cullface": "up"},
				"west": {"uv": [8, 13, 9, 16], "rotation": 270, "texture": "#overlay", "cullface": "up"},
				"up": {"uv": [8, 13, 10, 16], "texture": "#overlay", "cullface": "up"}
			}
		},
		{
			"name": "lignite_24",
			"from": [13, 16, 13],
			"to": [14, 16.15, 14],
			"rotation": {"angle": 0, "axis": "x", "origin": [8, 8, 8]},
			"faces": {
				"north": {"uv": [14, 13, 13, 14], "texture": "#overlay", "cullface": "up"},
				"east": {"uv": [13, 13, 14, 14], "rotation": 90, "texture": "#overlay", "cullface": "up"},
				"south": {"uv": [13, 13, 14, 14], "texture": "#overlay", "cullface": "up"},
				"west": {"uv": [13, 13, 14, 14], "rotation": 270, "texture": "#overlay", "cullface": "up"},
				"up": {"uv": [13, 13, 14, 14], "texture": "#overlay", "cullface": "up"}
			}
		},
		{
			"name": "lignite_25",
			"from": [0, 16, 14],
			"to": [1, 16.15, 16],
			"rotation": {"angle": 0, "axis": "x", "origin": [8, 8, 8]},
			"faces": {
				"north": {"uv": [1, 14, 0, 15], "texture": "#overlay", "cullface": "up"},
				"east": {"uv": [0, 14, 1, 16], "rotation": 90, "texture": "#overlay", "cullface": "up"},
				"south": {"uv": [0, 15, 1, 16], "texture": "#overlay", "cullface": "up"},
				"west": {"uv": [0, 14, 1, 16], "rotation": 270, "texture": "#overlay", "cullface": "up"},
				"up": {"uv": [0, 14, 1, 16], "texture": "#overlay", "cullface": "up"}
			}
		},
		{
			"name": "lignite_26",
			"from": [10, 16, 14],
			"to": [12, 16.25, 16],
			"rotation": {"angle": 0, "axis": "x", "origin": [8, 8, 8]},
			"faces": {
				"north": {"uv": [12, 14, 10, 15], "texture": "#overlay", "cullface": "up"},
				"east": {"uv": [11, 14, 12, 16], "rotation": 90, "texture": "#overlay", "cullface": "up"},
				"south": {"uv": [10, 15, 12, 16], "texture": "#overlay", "cullface": "up"},
				"west": {"uv": [10, 14, 11, 16], "rotation": 270, "texture": "#overlay", "cullface": "up"},
				"up": {"uv": [10, 14, 12, 16], "texture": "#overlay", "cullface": "up"}
			}
		},
		{
			"name": "lignite_27",
			"from": [1, 16, 15],
			"to": [2, 16.15, 16],
			"rotation": {"angle": 0, "axis": "x", "origin": [8, 8, 8]},
			"faces": {
				"north": {"uv": [2, 15, 1, 16], "texture": "#overlay", "cullface": "up"},
				"east": {"uv": [1, 15, 2, 16], "rotation": 90, "texture": "#overlay", "cullface": "up"},
				"south": {"uv": [1, 15, 2, 16], "texture": "#overlay", "cullface": "up"},
				"west": {"uv": [1, 15, 2, 16], "rotation": 270, "texture": "#overlay", "cullface": "up"},
				"up": {"uv": [1, 15, 2, 16], "texture": "#overlay", "cullface": "up"}
			}
		},
		{
			"name": "lignite_1",
			"from": [0, -0.15, 15],
			"to": [2, 0, 16],
			"rotation": {"angle": 0, "axis": "x", "origin": [8, 8, 8]},
			"faces": {
				"north": {"uv": [0, 0, 2, 1], "rotation": 180, "texture": "#overlay", "cullface": "down"},
				"east": {"uv": [1, 0, 2, 1], "rotation": 270, "texture": "#overlay", "cullface": "down"},
				"south": {"uv": [2, 0, 0, 1], "rotation": 180, "texture": "#overlay", "cullface": "down"},
				"west": {"uv": [0, 0, 1, 1], "rotation": 90, "texture": "#overlay", "cullface": "down"},
				"down": {"uv": [0, 0, 2, 1], "texture": "#overlay", "cullface": "down"}
			}
		},
		{
			"name": "lignite_2",
			"from": [8, -0.35, 15],
			"to": [13, 0, 16],
			"rotation": {"angle": 0, "axis": "x", "origin": [8, 8, 8]},
			"faces": {
				"north": {"uv": [8, 0, 13, 1], "rotation": 180, "texture": "#overlay", "cullface": "down"},
				"east": {"uv": [12, 0, 13, 1], "rotation": 270, "texture": "#overlay", "cullface": "down"},
				"south": {"uv": [13, 0, 8, 1], "rotation": 180, "texture": "#overlay", "cullface": "down"},
				"west": {"uv": [8, 0, 9, 1], "rotation": 90, "texture": "#overlay", "cullface": "down"},
				"down": {"uv": [8, 0, 13, 1], "texture": "#overlay", "cullface": "down"}
			}
		},
		{
			"name": "lignite_3",
			"from": [0, -0.15, 14],
			"to": [1, 0, 15],
			"rotation": {"angle": 0, "axis": "x", "origin": [8, 8, 8]},
			"faces": {
				"north": {"uv": [0, 1, 1, 2], "rotation": 180, "texture": "#overlay", "cullface": "down"},
				"east": {"uv": [0, 1, 1, 2], "rotation": 270, "texture": "#overlay", "cullface": "down"},
				"south": {"uv": [1, 1, 0, 2], "rotation": 180, "texture": "#overlay", "cullface": "down"},
				"west": {"uv": [0, 1, 1, 2], "rotation": 90, "texture": "#overlay", "cullface": "down"},
				"down": {"uv": [0, 1, 1, 2], "texture": "#overlay", "cullface": "down"}
			}
		},
		{
			"name": "lignite_4",
			"from": [4, -0.15, 14],
			"to": [6, 0, 15],
			"rotation": {"angle": 0, "axis": "x", "origin": [8, 8, 8]},
			"faces": {
				"north": {"uv": [4, 1, 6, 2], "rotation": 180, "texture": "#overlay", "cullface": "down"},
				"east": {"uv": [5, 1, 6, 2], "rotation": 270, "texture": "#overlay", "cullface": "down"},
				"south": {"uv": [6, 1, 4, 2], "rotation": 180, "texture": "#overlay", "cullface": "down"},
				"west": {"uv": [4, 1, 5, 2], "rotation": 90, "texture": "#overlay", "cullface": "down"},
				"down": {"uv": [4, 1, 6, 2], "texture": "#overlay", "cullface": "down"}
			}
		},
		{
			"name": "lignite_5",
			"from": [9, -0.25, 14],
			"to": [13, 0, 15],
			"rotation": {"angle": 0, "axis": "x", "origin": [8, 8, 8]},
			"faces": {
				"north": {"uv": [9, 1, 13, 2], "rotation": 180, "texture": "#overlay", "cullface": "down"},
				"east": {"uv": [12, 1, 13, 2], "rotation": 270, "texture": "#overlay", "cullface": "down"},
				"south": {"uv": [13, 1, 9, 2], "rotation": 180, "texture": "#overlay", "cullface": "down"},
				"west": {"uv": [9, 1, 10, 2], "rotation": 90, "texture": "#overlay", "cullface": "down"},
				"down": {"uv": [9, 1, 13, 2], "texture": "#overlay", "cullface": "down"}
			}
		},
		{
			"name": "lignite_6",
			"from": [5, -0.15, 13],
			"to": [7, 0, 14],
			"rotation": {"angle": 0, "axis": "x", "origin": [8, 8, 8]},
			"faces": {
				"north": {"uv": [5, 2, 7, 3], "rotation": 180, "texture": "#overlay", "cullface": "down"},
				"east": {"uv": [6, 2, 7, 3], "rotation": 270, "texture": "#overlay", "cullface": "down"},
				"south": {"uv": [7, 2, 5, 3], "rotation": 180, "texture": "#overlay", "cullface": "down"},
				"west": {"uv": [5, 2, 6, 3], "rotation": 90, "texture": "#overlay", "cullface": "down"},
				"down": {"uv": [5, 2, 7, 3], "texture": "#overlay", "cullface": "down"}
			}
		},
		{
			"name": "lignite_7",
			"from": [11, -0.15, 13],
			"to": [12, 0, 14],
			"rotation": {"angle": 0, "axis": "x", "origin": [8, 8, 8]},
			"faces": {
				"north": {"uv": [11, 2, 12, 3], "rotation": 180, "texture": "#overlay", "cullface": "down"},
				"east": {"uv": [11, 2, 12, 3], "rotation": 270, "texture": "#overlay", "cullface": "down"},
				"south": {"uv": [12, 2, 11, 3], "rotation": 180, "texture": "#overlay", "cullface": "down"},
				"west": {"uv": [11, 2, 12, 3], "rotation": 90, "texture": "#overlay", "cullface": "down"},
				"down": {"uv": [11, 2, 12, 3], "texture": "#overlay", "cullface": "down"}
			}
		},
		{
			"name": "lignite_8",
			"from": [2, -0.5, 8],
			"to": [4, 0, 13],
			"rotation": {"angle": 0, "axis": "x", "origin": [8, 8, 8]},
			"faces": {
				"north": {"uv": [2, 7, 4, 8], "rotation": 180, "texture": "#overlay", "cullface": "down"},
				"east": {"uv": [3, 3, 4, 8], "rotation": 270, "texture": "#overlay", "cullface": "down"},
				"south": {"uv": [4, 3, 2, 4], "rotation": 180, "texture": "#overlay", "cullface": "down"},
				"west": {"uv": [2, 3, 3, 8], "rotation": 90, "texture": "#overlay", "cullface": "down"},
				"down": {"uv": [2, 3, 4, 8], "texture": "#overlay", "cullface": "down"}
			}
		},
		{
			"name": "lignite_9",
			"from": [13, -0.35, 7],
			"to": [14, 0, 13],
			"rotation": {"angle": 0, "axis": "x", "origin": [8, 8, 8]},
			"faces": {
				"north": {"uv": [13, 8, 14, 9], "rotation": 180, "texture": "#overlay", "cullface": "down"},
				"east": {"uv": [13, 3, 14, 9], "rotation": 270, "texture": "#overlay", "cullface": "down"},
				"south": {"uv": [14, 3, 13, 4], "rotation": 180, "texture": "#overlay", "cullface": "down"},
				"west": {"uv": [13, 3, 14, 9], "rotation": 90, "texture": "#overlay", "cullface": "down"},
				"down": {"uv": [13, 3, 14, 9], "texture": "#overlay", "cullface": "down"}
			}
		},
		{
			"name": "lignite_10",
			"from": [4, -0.35, 7],
			"to": [5, 0, 12],
			"rotation": {"angle": 0, "axis": "x", "origin": [8, 8, 8]},
			"faces": {
				"north": {"uv": [4, 8, 5, 9], "rotation": 180, "texture": "#overlay", "cullface": "down"},
				"east": {"uv": [4, 4, 5, 9], "rotation": 270, "texture": "#overlay", "cullface": "down"},
				"south": {"uv": [5, 4, 4, 5], "rotation": 180, "texture": "#overlay", "cullface": "down"},
				"west": {"uv": [4, 4, 5, 9], "rotation": 90, "texture": "#overlay", "cullface": "down"},
				"down": {"uv": [4, 4, 5, 9], "texture": "#overlay", "cullface": "down"}
			}
		},
		{
			"name": "lignite_11",
			"from": [11, -0.65, 6],
			"to": [13, 0, 12],
			"rotation": {"angle": 0, "axis": "x", "origin": [8, 8, 8]},
			"faces": {
				"north": {"uv": [11, 9, 13, 10], "rotation": 180, "texture": "#overlay", "cullface": "down"},
				"east": {"uv": [12, 4, 13, 10], "rotation": 270, "texture": "#overlay", "cullface": "down"},
				"south": {"uv": [13, 4, 11, 5], "rotation": 180, "texture": "#overlay", "cullface": "down"},
				"west": {"uv": [11, 4, 12, 10], "rotation": 90, "texture": "#overlay", "cullface": "down"},
				"down": {"uv": [11, 4, 13, 10], "texture": "#overlay", "cullface": "down"}
			}
		},
		{
			"name": "lignite_12",
			"from": [5, -0.15, 9],
			"to": [6, 0, 11],
			"rotation": {"angle": 0, "axis": "x", "origin": [8, 8, 8]},
			"faces": {
				"north": {"uv": [5, 6, 6, 7], "rotation": 180, "texture": "#overlay", "cullface": "down"},
				"east": {"uv": [5, 5, 6, 7], "rotation": 270, "texture": "#overlay", "cullface": "down"},
				"south": {"uv": [6, 5, 5, 6], "rotation": 180, "texture": "#overlay", "cullface": "down"},
				"west": {"uv": [5, 5, 6, 7], "rotation": 90, "texture": "#overlay", "cullface": "down"},
				"down": {"uv": [5, 5, 6, 7], "texture": "#overlay", "cullface": "down"}
			}
		},
		{
			"name": "lignite_13",
			"from": [9, -0.5, 6],
			"to": [11, 0, 11],
			"rotation": {"angle": 0, "axis": "x", "origin": [8, 8, 8]},
			"faces": {
				"north": {"uv": [9, 9, 11, 10], "rotation": 180, "texture": "#overlay", "cullface": "down"},
				"east": {"uv": [10, 5, 11, 10], "rotation": 270, "texture": "#overlay", "cullface": "down"},
				"south": {"uv": [11, 5, 9, 6], "rotation": 180, "texture": "#overlay", "cullface": "down"},
				"west": {"uv": [9, 5, 10, 10], "rotation": 90, "texture": "#overlay", "cullface": "down"},
				"down": {"uv": [9, 5, 11, 10], "texture": "#overlay", "cullface": "down"}
			}
		},
		{
			"name": "lignite_14",
			"from": [0, -0.25, 7],
			"to": [1, 0, 10],
			"rotation": {"angle": 0, "axis": "x", "origin": [8, 8, 8]},
			"faces": {
				"north": {"uv": [0, 8, 1, 9], "rotation": 180, "texture": "#overlay", "cullface": "down"},
				"east": {"uv": [0, 6, 1, 9], "rotation": 270, "texture": "#overlay", "cullface": "down"},
				"south": {"uv": [1, 6, 0, 7], "rotation": 180, "texture": "#overlay", "cullface": "down"},
				"west": {"uv": [0, 6, 1, 9], "rotation": 90, "texture": "#overlay", "cullface": "down"},
				"down": {"uv": [0, 6, 1, 9], "texture": "#overlay", "cullface": "down"}
			}
		},
		{
			"name": "lignite_15",
			"from": [15, -0.15, 8],
			"to": [16, 0, 10],
			"rotation": {"angle": 0, "axis": "x", "origin": [8, 8, 8]},
			"faces": {
				"north": {"uv": [15, 7, 16, 8], "rotation": 180, "texture": "#overlay", "cullface": "down"},
				"east": {"uv": [15, 6, 16, 8], "rotation": 270, "texture": "#overlay", "cullface": "down"},
				"south": {"uv": [16, 6, 15, 7], "rotation": 180, "texture": "#overlay", "cullface": "down"},
				"west": {"uv": [15, 6, 16, 8], "rotation": 90, "texture": "#overlay", "cullface": "down"},
				"down": {"uv": [15, 6, 16, 8], "texture": "#overlay", "cullface": "down"}
			}
		},
		{
			"name": "lignite_16",
			"from": [8, -0.15, 5],
			"to": [9, 0, 7],
			"rotation": {"angle": 0, "axis": "x", "origin": [8, 8, 8]},
			"faces": {
				"north": {"uv": [8, 10, 9, 11], "rotation": 180, "texture": "#overlay", "cullface": "down"},
				"east": {"uv": [8, 9, 9, 11], "rotation": 270, "texture": "#overlay", "cullface": "down"},
				"south": {"uv": [9, 9, 8, 10], "rotation": 180, "texture": "#overlay", "cullface": "down"},
				"west": {"uv": [8, 9, 9, 11], "rotation": 90, "texture": "#overlay", "cullface": "down"},
				"down": {"uv": [8, 9, 9, 11], "texture": "#overlay", "cullface": "down"}
			}
		},
		{
			"name": "lignite_17",
			"from": [4, -0.25, 5],
			"to": [7, 0, 6],
			"rotation": {"angle": 0, "axis": "x", "origin": [8, 8, 8]},
			"faces": {
				"north": {"uv": [4, 10, 7, 11], "rotation": 180, "texture": "#overlay", "cullface": "down"},
				"east": {"uv": [6, 10, 7, 11], "rotation": 270, "texture": "#overlay", "cullface": "down"},
				"south": {"uv": [7, 10, 4, 11], "rotation": 180, "texture": "#overlay", "cullface": "down"},
				"west": {"uv": [4, 10, 5, 11], "rotation": 90, "texture": "#overlay", "cullface": "down"},
				"down": {"uv": [4, 10, 7, 11], "texture": "#overlay", "cullface": "down"}
			}
		},
		{
			"name": "lignite_18",
			"from": [1, -0.5, 1],
			"to": [3, 0, 5],
			"rotation": {"angle": 0, "axis": "x", "origin": [8, 8, 8]},
			"faces": {
				"north": {"uv": [1, 14, 3, 15], "rotation": 180, "texture": "#overlay", "cullface": "down"},
				"east": {"uv": [2, 11, 3, 15], "rotation": 270, "texture": "#overlay", "cullface": "down"},
				"south": {"uv": [3, 11, 1, 12], "rotation": 180, "texture": "#overlay", "cullface": "down"},
				"west": {"uv": [1, 11, 2, 15], "rotation": 90, "texture": "#overlay", "cullface": "down"},
				"down": {"uv": [1, 11, 3, 15], "texture": "#overlay", "cullface": "down"}
			}
		},
		{
			"name": "lignite_19",
			"from": [5, -0.15, 4],
			"to": [7, 0, 5],
			"rotation": {"angle": 0, "axis": "x", "origin": [8, 8, 8]},
			"faces": {
				"north": {"uv": [5, 11, 7, 12], "rotation": 180, "texture": "#overlay", "cullface": "down"},
				"east": {"uv": [6, 11, 7, 12], "rotation": 270, "texture": "#overlay", "cullface": "down"},
				"south": {"uv": [7, 11, 5, 12], "rotation": 180, "texture": "#overlay", "cullface": "down"},
				"west": {"uv": [5, 11, 6, 12], "rotation": 90, "texture": "#overlay", "cullface": "down"},
				"down": {"uv": [5, 11, 7, 12], "texture": "#overlay", "cullface": "down"}
			}
		},
		{
			"name": "lignite_20",
			"from": [14, -0.25, 2],
			"to": [15, 0, 5],
			"rotation": {"angle": 0, "axis": "x", "origin": [8, 8, 8]},
			"faces": {
				"north": {"uv": [14, 13, 15, 14], "rotation": 180, "texture": "#overlay", "cullface": "down"},
				"east": {"uv": [14, 11, 15, 14], "rotation": 270, "texture": "#overlay", "cullface": "down"},
				"south": {"uv": [15, 11, 14, 12], "rotation": 180, "texture": "#overlay", "cullface": "down"},
				"west": {"uv": [14, 11, 15, 14], "rotation": 90, "texture": "#overlay", "cullface": "down"},
				"down": {"uv": [14, 11, 15, 14], "texture": "#overlay", "cullface": "down"}
			}
		},
		{
			"name": "lignite_21",
			"from": [3, -0.25, 1],
			"to": [4, 0, 4],
			"rotation": {"angle": 0, "axis": "x", "origin": [8, 8, 8]},
			"faces": {
				"north": {"uv": [3, 14, 4, 15], "rotation": 180, "texture": "#overlay", "cullface": "down"},
				"east": {"uv": [3, 12, 4, 15], "rotation": 270, "texture": "#overlay", "cullface": "down"},
				"south": {"uv": [4, 12, 3, 13], "rotation": 180, "texture": "#overlay", "cullface": "down"},
				"west": {"uv": [3, 12, 4, 15], "rotation": 90, "texture": "#overlay", "cullface": "down"},
				"down": {"uv": [3, 12, 4, 15], "texture": "#overlay", "cullface": "down"}
			}
		},
		{
			"name": "lignite_22",
			"from": [12, -0.15, 3],
			"to": [14, 0, 4],
			"rotation": {"angle": 0, "axis": "x", "origin": [8, 8, 8]},
			"faces": {
				"north": {"uv": [12, 12, 14, 13], "rotation": 180, "texture": "#overlay", "cullface": "down"},
				"east": {"uv": [13, 12, 14, 13], "rotation": 270, "texture": "#overlay", "cullface": "down"},
				"south": {"uv": [14, 12, 12, 13], "rotation": 180, "texture": "#overlay", "cullface": "down"},
				"west": {"uv": [12, 12, 13, 13], "rotation": 90, "texture": "#overlay", "cullface": "down"},
				"down": {"uv": [12, 12, 14, 13], "texture": "#overlay", "cullface": "down"}
			}
		},
		{
			"name": "lignite_23",
			"from": [8, -0.35, 0],
			"to": [10, 0, 3],
			"rotation": {"angle": 0, "axis": "x", "origin": [8, 8, 8]},
			"faces": {
				"north": {"uv": [8, 15, 10, 16], "rotation": 180, "texture": "#overlay", "cullface": "down"},
				"east": {"uv": [9, 13, 10, 16], "rotation": 270, "texture": "#overlay", "cullface": "down"},
				"south": {"uv": [10, 13, 8, 14], "rotation": 180, "texture": "#overlay", "cullface": "down"},
				"west": {"uv": [8, 13, 9, 16], "rotation": 90, "texture": "#overlay", "cullface": "down"},
				"down": {"uv": [8, 13, 10, 16], "texture": "#overlay", "cullface": "down"}
			}
		},
		{
			"name": "lignite_24",
			"from": [13, -0.15, 2],
			"to": [14, 0, 3],
			"rotation": {"angle": 0, "axis": "x", "origin": [8, 8, 8]},
			"faces": {
				"north": {"uv": [13, 13, 14, 14], "rotation": 180, "texture": "#overlay", "cullface": "down"},
				"east": {"uv": [13, 13, 14, 14], "rotation": 270, "texture": "#overlay", "cullface": "down"},
				"south": {"uv": [14, 13, 13, 14], "rotation": 180, "texture": "#overlay", "cullface": "down"},
				"west": {"uv": [13, 13, 14, 14], "rotation": 90, "texture": "#overlay", "cullface": "down"},
				"down": {"uv": [13, 13, 14, 14], "texture": "#overlay", "cullface": "down"}
			}
		},
		{
			"name": "lignite_25",
			"from": [0, -0.15, 0],
			"to": [1, 0, 2],
			"rotation": {"angle": 0, "axis": "x", "origin": [8, 8, 8]},
			"faces": {
				"north": {"uv": [0, 15, 1, 16], "rotation": 180, "texture": "#overlay", "cullface": "down"},
				"east": {"uv": [0, 14, 1, 16], "rotation": 270, "texture": "#overlay", "cullface": "down"},
				"south": {"uv": [1, 14, 0, 15], "rotation": 180, "texture": "#overlay", "cullface": "down"},
				"west": {"uv": [0, 14, 1, 16], "rotation": 90, "texture": "#overlay", "cullface": "down"},
				"down": {"uv": [0, 14, 1, 16], "texture": "#overlay", "cullface": "down"}
			}
		},
		{
			"name": "lignite_26",
			"from": [10, -0.25, 0],
			"to": [12, 0, 2],
			"rotation": {"angle": 0, "axis": "x", "origin": [8, 8, 8]},
			"faces": {
				"north": {"uv": [10, 15, 12, 16], "rotation": 180, "texture": "#overlay", "cullface": "down"},
				"east": {"uv": [11, 14, 12, 16], "rotation": 270, "texture": "#overlay", "cullface": "down"},
				"south": {"uv": [12, 14, 10, 15], "rotation": 180, "texture": "#overlay", "cullface": "down"},
				"west": {"uv": [10, 14, 11, 16], "rotation": 90, "texture": "#overlay", "cullface": "down"},
				"down": {"uv": [10, 14, 12, 16], "texture": "#overlay", "cullface": "down"}
			}
		},
		{
			"name": "lignite_27",
			"from": [1, -0.15, 0],
			"to": [2, 0, 1],
			"rotation": {"angle": 0, "axis": "x", "origin": [8, 8, 8]},
			"faces": {
				"north": {"uv": [1, 15, 2, 16], "rotation": 180, "texture": "#overlay", "cullface": "down"},
				"east": {"uv": [1, 15, 2, 16], "rotation": 270, "texture": "#overlay", "cullface": "down"},
				"south": {"uv": [2, 15, 1, 16], "rotation": 180, "texture": "#overlay", "cullface": "down"},
				"west": {"uv": [1, 15, 2, 16], "rotation": 90, "texture": "#overlay", "cullface": "down"},
				"down": {"uv": [1, 15, 2, 16], "texture": "#overlay", "cullface": "down"}
			}
		},
		{
			"name": "lignite_0",
			"from": [0, 15, 16],
			"to": [2, 16, 16.15],
			"rotation": {"angle": 0, "axis": "x", "origin": [8, 8, 8]},
			"faces": {
				"east": {"uv": [1, 0, 2, 1], "texture": "#overlay", "cullface": "south"},
				"south": {"uv": [0, 0, 2, 1], "texture": "#overlay", "cullface": "south"},
				"west": {"uv": [0, 0, 1, 1], "texture": "#overlay", "cullface": "south"},
				"up": {"uv": [2, 0, 0, 1], "rotation": 180, "texture": "#overlay", "cullface": "south"},
				"down": {"uv": [0, 0, 2, 1], "texture": "#overlay", "cullface": "south"}
			}
		},
		{
			"name": "lignite_1",
			"from": [8, 15, 16],
			"to": [13, 16, 16.35],
			"rotation": {"angle": 0, "axis": "x", "origin": [8, 8, 8]},
			"faces": {
				"east": {"uv": [12, 0, 13, 1], "texture": "#overlay", "cullface": "south"},
				"south": {"uv": [8, 0, 13, 1], "texture": "#overlay", "cullface": "south"},
				"west": {"uv": [8, 0, 9, 1], "texture": "#overlay", "cullface": "south"},
				"up": {"uv": [13, 0, 8, 1], "rotation": 180, "texture": "#overlay", "cullface": "south"},
				"down": {"uv": [8, 0, 13, 1], "texture": "#overlay", "cullface": "south"}
			}
		},
		{
			"name": "lignite_2",
			"from": [0, 14, 16],
			"to": [1, 15, 16.15],
			"rotation": {"angle": 0, "axis": "x", "origin": [8, 8, 8]},
			"faces": {
				"east": {"uv": [0, 1, 1, 2], "texture": "#overlay", "cullface": "south"},
				"south": {"uv": [0, 1, 1, 2], "texture": "#overlay", "cullface": "south"},
				"west": {"uv": [0, 1, 1, 2], "texture": "#overlay", "cullface": "south"},
				"up": {"uv": [1, 1, 0, 2], "rotation": 180, "texture": "#overlay", "cullface": "south"},
				"down": {"uv": [0, 1, 1, 2], "texture": "#overlay", "cullface": "south"}
			}
		},
		{
			"name": "lignite_3",
			"from": [4, 14, 16],
			"to": [6, 15, 16.15],
			"rotation": {"angle": 0, "axis": "x", "origin": [8, 8, 8]},
			"faces": {
				"east": {"uv": [5, 1, 6, 2], "texture": "#overlay", "cullface": "south"},
				"south": {"uv": [4, 1, 6, 2], "texture": "#overlay", "cullface": "south"},
				"west": {"uv": [4, 1, 5, 2], "texture": "#overlay", "cullface": "south"},
				"up": {"uv": [6, 1, 4, 2], "rotation": 180, "texture": "#overlay", "cullface": "south"},
				"down": {"uv": [4, 1, 6, 2], "texture": "#overlay", "cullface": "south"}
			}
		},
		{
			"name": "lignite_4",
			"from": [9, 14, 16],
			"to": [13, 15, 16.25],
			"rotation": {"angle": 0, "axis": "x", "origin": [8, 8, 8]},
			"faces": {
				"east": {"uv": [12, 1, 13, 2], "texture": "#overlay", "cullface": "south"},
				"south": {"uv": [9, 1, 13, 2], "texture": "#overlay", "cullface": "south"},
				"west": {"uv": [9, 1, 10, 2], "texture": "#overlay", "cullface": "south"},
				"up": {"uv": [13, 1, 9, 2], "rotation": 180, "texture": "#overlay", "cullface": "south"},
				"down": {"uv": [9, 1, 13, 2], "texture": "#overlay", "cullface": "south"}
			}
		},
		{
			"name": "lignite_5",
			"from": [5, 13, 16],
			"to": [7, 14, 16.15],
			"rotation": {"angle": 0, "axis": "x", "origin": [8, 8, 8]},
			"faces": {
				"east": {"uv": [6, 2, 7, 3], "texture": "#overlay", "cullface": "south"},
				"south": {"uv": [5, 2, 7, 3], "texture": "#overlay", "cullface": "south"},
				"west": {"uv": [5, 2, 6, 3], "texture": "#overlay", "cullface": "south"},
				"up": {"uv": [7, 2, 5, 3], "rotation": 180, "texture": "#overlay", "cullface": "south"},
				"down": {"uv": [5, 2, 7, 3], "texture": "#overlay", "cullface": "south"}
			}
		},
		{
			"name": "lignite_6",
			"from": [11, 13, 16],
			"to": [12, 14, 16.15],
			"rotation": {"angle": 0, "axis": "x", "origin": [8, 8, 8]},
			"faces": {
				"east": {"uv": [11, 2, 12, 3], "texture": "#overlay", "cullface": "south"},
				"south": {"uv": [11, 2, 12, 3], "texture": "#overlay", "cullface": "south"},
				"west": {"uv": [11, 2, 12, 3], "texture": "#overlay", "cullface": "south"},
				"up": {"uv": [12, 2, 11, 3], "rotation": 180, "texture": "#overlay", "cullface": "south"},
				"down": {"uv": [11, 2, 12, 3], "texture": "#overlay", "cullface": "south"}
			}
		},
		{
			"name": "lignite_7",
			"from": [2, 8, 16],
			"to": [4, 13, 16.5],
			"rotation": {"angle": 0, "axis": "x", "origin": [8, 8, 8]},
			"faces": {
				"east": {"uv": [3, 3, 4, 8], "texture": "#overlay", "cullface": "south"},
				"south": {"uv": [2, 3, 4, 8], "texture": "#overlay", "cullface": "south"},
				"west": {"uv": [2, 3, 3, 8], "texture": "#overlay", "cullface": "south"},
				"up": {"uv": [4, 3, 2, 4], "rotation": 180, "texture": "#overlay", "cullface": "south"},
				"down": {"uv": [2, 7, 4, 8], "texture": "#overlay", "cullface": "south"}
			}
		},
		{
			"name": "lignite_8",
			"from": [13, 7, 16],
			"to": [14, 13, 16.35],
			"rotation": {"angle": 0, "axis": "x", "origin": [8, 8, 8]},
			"faces": {
				"east": {"uv": [13, 3, 14, 9], "texture": "#overlay", "cullface": "south"},
				"south": {"uv": [13, 3, 14, 9], "texture": "#overlay", "cullface": "south"},
				"west": {"uv": [13, 3, 14, 9], "texture": "#overlay", "cullface": "south"},
				"up": {"uv": [14, 3, 13, 4], "rotation": 180, "texture": "#overlay", "cullface": "south"},
				"down": {"uv": [13, 8, 14, 9], "texture": "#overlay", "cullface": "south"}
			}
		},
		{
			"name": "lignite_9",
			"from": [4, 7, 16],
			"to": [5, 12, 16.35],
			"rotation": {"angle": 0, "axis": "x", "origin": [8, 8, 8]},
			"faces": {
				"east": {"uv": [4, 4, 5, 9], "texture": "#overlay", "cullface": "south"},
				"south": {"uv": [4, 4, 5, 9], "texture": "#overlay", "cullface": "south"},
				"west": {"uv": [4, 4, 5, 9], "texture": "#overlay", "cullface": "south"},
				"up": {"uv": [5, 4, 4, 5], "rotation": 180, "texture": "#overlay", "cullface": "south"},
				"down": {"uv": [4, 8, 5, 9], "texture": "#overlay", "cullface": "south"}
			}
		},
		{
			"name": "lignite_10",
			"from": [11, 6, 16],
			"to": [13, 12, 16.65],
			"rotation": {"angle": 0, "axis": "x", "origin": [8, 8, 8]},
			"faces": {
				"east": {"uv": [12, 4, 13, 10], "texture": "#overlay", "cullface": "south"},
				"south": {"uv": [11, 4, 13, 10], "texture": "#overlay", "cullface": "south"},
				"west": {"uv": [11, 4, 12, 10], "texture": "#overlay", "cullface": "south"},
				"up": {"uv": [13, 4, 11, 5], "rotation": 180, "texture": "#overlay", "cullface": "south"},
				"down": {"uv": [11, 9, 13, 10], "texture": "#overlay", "cullface": "south"}
			}
		},
		{
			"name": "lignite_11",
			"from": [5, 9, 16],
			"to": [6, 11, 16.15],
			"rotation": {"angle": 0, "axis": "x", "origin": [8, 8, 8]},
			"faces": {
				"east": {"uv": [5, 5, 6, 7], "texture": "#overlay", "cullface": "south"},
				"south": {"uv": [5, 5, 6, 7], "texture": "#overlay", "cullface": "south"},
				"west": {"uv": [5, 5, 6, 7], "texture": "#overlay", "cullface": "south"},
				"up": {"uv": [6, 5, 5, 6], "rotation": 180, "texture": "#overlay", "cullface": "south"},
				"down": {"uv": [5, 6, 6, 7], "texture": "#overlay", "cullface": "south"}
			}
		},
		{
			"name": "lignite_12",
			"from": [9, 6, 16],
			"to": [11, 11, 16.5],
			"rotation": {"angle": 0, "axis": "x", "origin": [8, 8, 8]},
			"faces": {
				"east": {"uv": [10, 5, 11, 10], "texture": "#overlay", "cullface": "south"},
				"south": {"uv": [9, 5, 11, 10], "texture": "#overlay", "cullface": "south"},
				"west": {"uv": [9, 5, 10, 10], "texture": "#overlay", "cullface": "south"},
				"up": {"uv": [11, 5, 9, 6], "rotation": 180, "texture": "#overlay", "cullface": "south"},
				"down": {"uv": [9, 9, 11, 10], "texture": "#overlay", "cullface": "south"}
			}
		},
		{
			"name": "lignite_13",
			"from": [0, 7, 16],
			"to": [1, 10, 16.25],
			"rotation": {"angle": 0, "axis": "x", "origin": [8, 8, 8]},
			"faces": {
				"east": {"uv": [0, 6, 1, 9], "texture": "#overlay", "cullface": "south"},
				"south": {"uv": [0, 6, 1, 9], "texture": "#overlay", "cullface": "south"},
				"west": {"uv": [0, 6, 1, 9], "texture": "#overlay", "cullface": "south"},
				"up": {"uv": [1, 6, 0, 7], "rotation": 180, "texture": "#overlay", "cullface": "south"},
				"down": {"uv": [0, 8, 1, 9], "texture": "#overlay", "cullface": "south"}
			}
		},
		{
			"name": "lignite_14",
			"from": [15, 8, 16],
			"to": [16, 10, 16.15],
			"rotation": {"angle": 0, "axis": "x", "origin": [8, 8, 8]},
			"faces": {
				"east": {"uv": [15, 6, 16, 8], "texture": "#overlay", "cullface": "south"},
				"south": {"uv": [15, 6, 16, 8], "texture": "#overlay", "cullface": "south"},
				"west": {"uv": [15, 6, 16, 8], "texture": "#overlay", "cullface": "south"},
				"up": {"uv": [16, 6, 15, 7], "rotation": 180, "texture": "#overlay", "cullface": "south"},
				"down": {"uv": [15, 7, 16, 8], "texture": "#overlay", "cullface": "south"}
			}
		},
		{
			"name": "lignite_15",
			"from": [8, 5, 16],
			"to": [9, 7, 16.15],
			"rotation": {"angle": 0, "axis": "x", "origin": [8, 8, 8]},
			"faces": {
				"east": {"uv": [8, 9, 9, 11], "texture": "#overlay", "cullface": "south"},
				"south": {"uv": [8, 9, 9, 11], "texture": "#overlay", "cullface": "south"},
				"west": {"uv": [8, 9, 9, 11], "texture": "#overlay", "cullface": "south"},
				"up": {"uv": [9, 9, 8, 10], "rotation": 180, "texture": "#overlay", "cullface": "south"},
				"down": {"uv": [8, 10, 9, 11], "texture": "#overlay", "cullface": "south"}
			}
		},
		{
			"name": "lignite_16",
			"from": [4, 5, 16],
			"to": [7, 6, 16.25],
			"rotation": {"angle": 0, "axis": "x", "origin": [8, 8, 8]},
			"faces": {
				"east": {"uv": [6, 10, 7, 11], "texture": "#overlay", "cullface": "south"},
				"south": {"uv": [4, 10, 7, 11], "texture": "#overlay", "cullface": "south"},
				"west": {"uv": [4, 10, 5, 11], "texture": "#overlay", "cullface": "south"},
				"up": {"uv": [7, 10, 4, 11], "rotation": 180, "texture": "#overlay", "cullface": "south"},
				"down": {"uv": [4, 10, 7, 11], "texture": "#overlay", "cullface": "south"}
			}
		},
		{
			"name": "lignite_17",
			"from": [1, 1, 16],
			"to": [3, 5, 16.5],
			"rotation": {"angle": 0, "axis": "x", "origin": [8, 8, 8]},
			"faces": {
				"east": {"uv": [2, 11, 3, 15], "texture": "#overlay", "cullface": "south"},
				"south": {"uv": [1, 11, 3, 15], "texture": "#overlay", "cullface": "south"},
				"west": {"uv": [1, 11, 2, 15], "texture": "#overlay", "cullface": "south"},
				"up": {"uv": [3, 11, 1, 12], "rotation": 180, "texture": "#overlay", "cullface": "south"},
				"down": {"uv": [1, 14, 3, 15], "texture": "#overlay", "cullface": "south"}
			}
		},
		{
			"name": "lignite_18",
			"from": [5, 4, 16],
			"to": [7, 5, 16.15],
			"rotation": {"angle": 0, "axis": "x", "origin": [8, 8, 8]},
			"faces": {
				"east": {"uv": [6, 11, 7, 12], "texture": "#overlay", "cullface": "south"},
				"south": {"uv": [5, 11, 7, 12], "texture": "#overlay", "cullface": "south"},
				"west": {"uv": [5, 11, 6, 12], "texture": "#overlay", "cullface": "south"},
				"up": {"uv": [7, 11, 5, 12], "rotation": 180, "texture": "#overlay", "cullface": "south"},
				"down": {"uv": [5, 11, 7, 12], "texture": "#overlay", "cullface": "south"}
			}
		},
		{
			"name": "lignite_19",
			"from": [14, 2, 16],
			"to": [15, 5, 16.25],
			"rotation": {"angle": 0, "axis": "x", "origin": [8, 8, 8]},
			"faces": {
				"east": {"uv": [14, 11, 15, 14], "texture": "#overlay", "cullface": "south"},
				"south": {"uv": [14, 11, 15, 14], "texture": "#overlay", "cullface": "south"},
				"west": {"uv": [14, 11, 15, 14], "texture": "#overlay", "cullface": "south"},
				"up": {"uv": [15, 11, 14, 12], "rotation": 180, "texture": "#overlay", "cullface": "south"},
				"down": {"uv": [14, 13, 15, 14], "texture": "#overlay", "cullface": "south"}
			}
		},
		{
			"name": "lignite_20",
			"from": [3, 1, 16],
			"to": [4, 4, 16.25],
			"rotation": {"angle": 0, "axis": "x", "origin": [8, 8, 8]},
			"faces": {
				"east": {"uv": [3, 12, 4, 15], "texture": "#overlay", "cullface": "south"},
				"south": {"uv": [3, 12, 4, 15], "texture": "#overlay", "cullface": "south"},
				"west": {"uv": [3, 12, 4, 15], "texture": "#overlay", "cullface": "south"},
				"up": {"uv": [4, 12, 3, 13], "rotation": 180, "texture": "#overlay", "cullface": "south"},
				"down": {"uv": [3, 14, 4, 15], "texture": "#overlay", "cullface": "south"}
			}
		},
		{
			"name": "lignite_21",
			"from": [12, 3, 16],
			"to": [14, 4, 16.15],
			"rotation": {"angle": 0, "axis": "x", "origin": [8, 8, 8]},
			"faces": {
				"east": {"uv": [13, 12, 14, 13], "texture": "#overlay", "cullface": "south"},
				"south": {"uv": [12, 12, 14, 13], "texture": "#overlay", "cullface": "south"},
				"west": {"uv": [12, 12, 13, 13], "texture": "#overlay", "cullface": "south"},
				"up": {"uv": [14, 12, 12, 13], "rotation": 180, "texture": "#overlay", "cullface": "south"},
				"down": {"uv": [12, 12, 14, 13], "texture": "#overlay", "cullface": "south"}
			}
		},
		{
			"name": "lignite_22",
			"from": [8, 0, 16],
			"to": [10, 3, 16.35],
			"rotation": {"angle": 0, "axis": "x", "origin": [8, 8, 8]},
			"faces": {
				"east": {"uv": [9, 13, 10, 16], "texture": "#overlay", "cullface": "south"},
				"south": {"uv": [8, 13, 10, 16], "texture": "#overlay", "cullface": "south"},
				"west": {"uv": [8, 13, 9, 16], "texture": "#overlay", "cullface": "south"},
				"up": {"uv": [10, 13, 8, 14], "rotation": 180, "texture": "#overlay", "cullface": "south"},
				"down": {"uv": [8, 15, 10, 16], "texture": "#overlay", "cullface": "south"}
			}
		},
		{
			"name": "lignite_23",
			"from": [13, 2, 16],
			"to": [14, 3, 16.15],
			"rotation": {"angle": 0, "axis": "x", "origin": [8, 8, 8]},
			"faces": {
				"east": {"uv": [13, 13, 14, 14], "texture": "#overlay", "cullface": "south"},
				"south": {"uv": [13, 13, 14, 14], "texture": "#overlay", "cullface": "south"},
				"west": {"uv": [13, 13, 14, 14], "texture": "#overlay", "cullface": "south"},
				"up": {"uv": [14, 13, 13, 14], "rotation": 180, "texture": "#overlay", "cullface": "south"},
				"down": {"uv": [13, 13, 14, 14], "texture": "#overlay", "cullface": "south"}
			}
		},
		{
			"name": "lignite_24",
			"from": [0, 0, 16],
			"to": [1, 2, 16.15],
			"rotation": {"angle": 0, "axis": "x", "origin": [8, 8, 8]},
			"faces": {
				"east": {"uv": [0, 14, 1, 16], "texture": "#overlay", "cullface": "south"},
				"south": {"uv": [0, 14, 1, 16], "texture": "#overlay", "cullface": "south"},
				"west": {"uv": [0, 14, 1, 16], "texture": "#overlay", "cullface": "south"},
				"up": {"uv": [1, 14, 0, 15], "rotation": 180, "texture": "#overlay", "cullface": "south"},
				"down": {"uv": [0, 15, 1, 16], "texture": "#overlay", "cullface": "south"}
			}
		},
		{
			"name": "lignite_25",
			"from": [10, 0, 16],
			"to": [12, 2, 16.25],
			"rotation": {"angle": 0, "axis": "x", "origin": [8, 8, 8]},
			"faces": {
				"east": {"uv": [11, 14, 12, 16], "texture": "#overlay", "cullface": "south"},
				"south": {"uv": [10, 14, 12, 16], "texture": "#overlay", "cullface": "south"},
				"west": {"uv": [10, 14, 11, 16], "texture": "#overlay", "cullface": "south"},
				"up": {"uv": [12, 14, 10, 15], "rotation": 180, "texture": "#overlay", "cullface": "south"},
				"down": {"uv": [10, 15, 12, 16], "texture": "#overlay", "cullface": "south"}
			}
		},
		{
			"name": "lignite_26",
			"from": [1, 0, 16],
			"to": [2, 1, 16.15],
			"rotation": {"angle": 0, "axis": "x", "origin": [8, 8, 8]},
			"faces": {
				"east": {"uv": [1, 15, 2, 16], "texture": "#overlay", "cullface": "south"},
				"south": {"uv": [1, 15, 2, 16], "texture": "#overlay", "cullface": "south"},
				"west": {"uv": [1, 15, 2, 16], "texture": "#overlay", "cullface": "south"},
				"up": {"uv": [2, 15, 1, 16], "rotation": 180, "texture": "#overlay", "cullface": "south"},
				"down": {"uv": [1, 15, 2, 16], "texture": "#overlay", "cullface": "south"}
			}
		},
		{
			"name": "lignite_1",
			"from": [16, 15, 14],
			"to": [16.15, 16, 16],
			"rotation": {"angle": 0, "axis": "y", "origin": [8, 8, 8]},
			"faces": {
				"north": {"uv": [1, 0, 2, 1], "texture": "#overlay", "cullface": "east"},
				"east": {"uv": [0, 0, 2, 1], "texture": "#overlay", "cullface": "east"},
				"south": {"uv": [0, 0, 1, 1], "texture": "#overlay", "cullface": "east"},
				"up": {"uv": [2, 0, 0, 1], "rotation": 90, "texture": "#overlay", "cullface": "east"},
				"down": {"uv": [0, 0, 2, 1], "rotation": 90, "texture": "#overlay", "cullface": "east"}
			}
		},
		{
			"name": "lignite_2",
			"from": [16, 15, 3],
			"to": [16.35, 16, 8],
			"rotation": {"angle": 0, "axis": "y", "origin": [8, 8, 8]},
			"faces": {
				"north": {"uv": [12, 0, 13, 1], "texture": "#overlay", "cullface": "east"},
				"east": {"uv": [8, 0, 13, 1], "texture": "#overlay", "cullface": "east"},
				"south": {"uv": [8, 0, 9, 1], "texture": "#overlay", "cullface": "east"},
				"up": {"uv": [13, 0, 8, 1], "rotation": 90, "texture": "#overlay", "cullface": "east"},
				"down": {"uv": [8, 0, 13, 1], "rotation": 90, "texture": "#overlay", "cullface": "east"}
			}
		},
		{
			"name": "lignite_3",
			"from": [16, 14, 15],
			"to": [16.15, 15, 16],
			"rotation": {"angle": 0, "axis": "y", "origin": [8, 8, 8]},
			"faces": {
				"north": {"uv": [0, 1, 1, 2], "texture": "#overlay", "cullface": "east"},
				"east": {"uv": [0, 1, 1, 2], "texture": "#overlay", "cullface": "east"},
				"south": {"uv": [0, 1, 1, 2], "texture": "#overlay", "cullface": "east"},
				"up": {"uv": [1, 1, 0, 2], "rotation": 90, "texture": "#overlay", "cullface": "east"},
				"down": {"uv": [0, 1, 1, 2], "rotation": 90, "texture": "#overlay", "cullface": "east"}
			}
		},
		{
			"name": "lignite_4",
			"from": [16, 14, 10],
			"to": [16.15, 15, 12],
			"rotation": {"angle": 0, "axis": "y", "origin": [8, 8, 8]},
			"faces": {
				"north": {"uv": [5, 1, 6, 2], "texture": "#overlay", "cullface": "east"},
				"east": {"uv": [4, 1, 6, 2], "texture": "#overlay", "cullface": "east"},
				"south": {"uv": [4, 1, 5, 2], "texture": "#overlay", "cullface": "east"},
				"up": {"uv": [6, 1, 4, 2], "rotation": 90, "texture": "#overlay", "cullface": "east"},
				"down": {"uv": [4, 1, 6, 2], "rotation": 90, "texture": "#overlay", "cullface": "east"}
			}
		},
		{
			"name": "lignite_5",
			"from": [16, 14, 3],
			"to": [16.25, 15, 7],
			"rotation": {"angle": 0, "axis": "y", "origin": [8, 8, 8]},
			"faces": {
				"north": {"uv": [12, 1, 13, 2], "texture": "#overlay", "cullface": "east"},
				"east": {"uv": [9, 1, 13, 2], "texture": "#overlay", "cullface": "east"},
				"south": {"uv": [9, 1, 10, 2], "texture": "#overlay", "cullface": "east"},
				"up": {"uv": [13, 1, 9, 2], "rotation": 90, "texture": "#overlay", "cullface": "east"},
				"down": {"uv": [9, 1, 13, 2], "rotation": 90, "texture": "#overlay", "cullface": "east"}
			}
		},
		{
			"name": "lignite_6",
			"from": [16, 13, 9],
			"to": [16.15, 14, 11],
			"rotation": {"angle": 0, "axis": "y", "origin": [8, 8, 8]},
			"faces": {
				"north": {"uv": [6, 2, 7, 3], "texture": "#overlay", "cullface": "east"},
				"east": {"uv": [5, 2, 7, 3], "texture": "#overlay", "cullface": "east"},
				"south": {"uv": [5, 2, 6, 3], "texture": "#overlay", "cullface": "east"},
				"up": {"uv": [7, 2, 5, 3], "rotation": 90, "texture": "#overlay", "cullface": "east"},
				"down": {"uv": [5, 2, 7, 3], "rotation": 90, "texture": "#overlay", "cullface": "east"}
			}
		},
		{
			"name": "lignite_7",
			"from": [16, 13, 4],
			"to": [16.15, 14, 5],
			"rotation": {"angle": 0, "axis": "y", "origin": [8, 8, 8]},
			"faces": {
				"north": {"uv": [11, 2, 12, 3], "texture": "#overlay", "cullface": "east"},
				"east": {"uv": [11, 2, 12, 3], "texture": "#overlay", "cullface": "east"},
				"south": {"uv": [11, 2, 12, 3], "texture": "#overlay", "cullface": "east"},
				"up": {"uv": [12, 2, 11, 3], "rotation": 90, "texture": "#overlay", "cullface": "east"},
				"down": {"uv": [11, 2, 12, 3], "rotation": 90, "texture": "#overlay", "cullface": "east"}
			}
		},
		{
			"name": "lignite_8",
			"from": [16, 8, 12],
			"to": [16.5, 13, 14],
			"rotation": {"angle": 0, "axis": "y", "origin": [8, 8, 8]},
			"faces": {
				"north": {"uv": [3, 3, 4, 8], "texture": "#overlay", "cullface": "east"},
				"east": {"uv": [2, 3, 4, 8], "texture": "#overlay", "cullface": "east"},
				"south": {"uv": [2, 3, 3, 8], "texture": "#overlay", "cullface": "east"},
				"up": {"uv": [4, 3, 2, 4], "rotation": 90, "texture": "#overlay", "cullface": "east"},
				"down": {"uv": [2, 7, 4, 8], "rotation": 90, "texture": "#overlay", "cullface": "east"}
			}
		},
		{
			"name": "lignite_9",
			"from": [16, 7, 2],
			"to": [16.35, 13, 3],
			"rotation": {"angle": 0, "axis": "y", "origin": [8, 8, 8]},
			"faces": {
				"north": {"uv": [13, 3, 14, 9], "texture": "#overlay", "cullface": "east"},
				"east": {"uv": [13, 3, 14, 9], "texture": "#overlay", "cullface": "east"},
				"south": {"uv": [13, 3, 14, 9], "texture": "#overlay", "cullface": "east"},
				"up": {"uv": [14, 3, 13, 4], "rotation": 90, "texture": "#overlay", "cullface": "east"},
				"down": {"uv": [13, 8, 14, 9], "rotation": 90, "texture": "#overlay", "cullface": "east"}
			}
		},
		{
			"name": "lignite_10",
			"from": [16, 7, 11],
			"to": [16.35, 12, 12],
			"rotation": {"angle": 0, "axis": "y", "origin": [8, 8, 8]},
			"faces": {
				"north": {"uv": [4, 4, 5, 9], "texture": "#overlay", "cullface": "east"},
				"east": {"uv": [4, 4, 5, 9], "texture": "#overlay", "cullface": "east"},
				"south": {"uv": [4, 4, 5, 9], "texture": "#overlay", "cullface": "east"},
				"up": {"uv": [5, 4, 4, 5], "rotation": 90, "texture": "#overlay", "cullface": "east"},
				"down": {"uv": [4, 8, 5, 9], "rotation": 90, "texture": "#overlay", "cullface": "east"}
			}
		},
		{
			"name": "lignite_11",
			"from": [16, 6, 3],
			"to": [16.65, 12, 5],
			"rotation": {"angle": 0, "axis": "y", "origin": [8, 8, 8]},
			"faces": {
				"north": {"uv": [12, 4, 13, 10], "texture": "#overlay", "cullface": "east"},
				"east": {"uv": [11, 4, 13, 10], "texture": "#overlay", "cullface": "east"},
				"south": {"uv": [11, 4, 12, 10], "texture": "#overlay", "cullface": "east"},
				"up": {"uv": [13, 4, 11, 5], "rotation": 90, "texture": "#overlay", "cullface": "east"},
				"down": {"uv": [11, 9, 13, 10], "rotation": 90, "texture": "#overlay", "cullface": "east"}
			}
		},
		{
			"name": "lignite_12",
			"from": [16, 9, 10],
			"to": [16.15, 11, 11],
			"rotation": {"angle": 0, "axis": "y", "origin": [8, 8, 8]},
			"faces": {
				"north": {"uv": [5, 5, 6, 7], "texture": "#overlay", "cullface": "east"},
				"east": {"uv": [5, 5, 6, 7], "texture": "#overlay", "cullface": "east"},
				"south": {"uv": [5, 5, 6, 7], "texture": "#overlay", "cullface": "east"},
				"up": {"uv": [6, 5, 5, 6], "rotation": 90, "texture": "#overlay", "cullface": "east"},
				"down": {"uv": [5, 6, 6, 7], "rotation": 90, "texture": "#overlay", "cullface": "east"}
			}
		},
		{
			"name": "lignite_13",
			"from": [16, 6, 5],
			"to": [16.5, 11, 7],
			"rotation": {"angle": 0, "axis": "y", "origin": [8, 8, 8]},
			"faces": {
				"north": {"uv": [10, 5, 11, 10], "texture": "#overlay", "cullface": "east"},
				"east": {"uv": [9, 5, 11, 10], "texture": "#overlay", "cullface": "east"},
				"south": {"uv": [9, 5, 10, 10], "texture": "#overlay", "cullface": "east"},
				"up": {"uv": [11, 5, 9, 6], "rotation": 90, "texture": "#overlay", "cullface": "east"},
				"down": {"uv": [9, 9, 11, 10], "rotation": 90, "texture": "#overlay", "cullface": "east"}
			}
		},
		{
			"name": "lignite_14",
			"from": [16, 7, 15],
			"to": [16.25, 10, 16],
			"rotation": {"angle": 0, "axis": "y", "origin": [8, 8, 8]},
			"faces": {
				"north": {"uv": [0, 6, 1, 9], "texture": "#overlay", "cullface": "east"},
				"east": {"uv": [0, 6, 1, 9], "texture": "#overlay", "cullface": "east"},
				"south": {"uv": [0, 6, 1, 9], "texture": "#overlay", "cullface": "east"},
				"up": {"uv": [1, 6, 0, 7], "rotation": 90, "texture": "#overlay", "cullface": "east"},
				"down": {"uv": [0, 8, 1, 9], "rotation": 90, "texture": "#overlay", "cullface": "east"}
			}
		},
		{
			"name": "lignite_15",
			"from": [16, 8, 0],
			"to": [16.15, 10, 1],
			"rotation": {"angle": 0, "axis": "y", "origin": [8, 8, 8]},
			"faces": {
				"north": {"uv": [15, 6, 16, 8], "texture": "#overlay", "cullface": "east"},
				"east": {"uv": [15, 6, 16, 8], "texture": "#overlay", "cullface": "east"},
				"south": {"uv": [15, 6, 16, 8], "texture": "#overlay", "cullface": "east"},
				"up": {"uv": [16, 6, 15, 7], "rotation": 90, "texture": "#overlay", "cullface": "east"},
				"down": {"uv": [15, 7, 16, 8], "rotation": 90, "texture": "#overlay", "cullface": "east"}
			}
		},
		{
			"name": "lignite_16",
			"from": [16, 5, 7],
			"to": [16.15, 7, 8],
			"rotation": {"angle": 0, "axis": "y", "origin": [8, 8, 8]},
			"faces": {
				"north": {"uv": [8, 9, 9, 11], "texture": "#overlay", "cullface": "east"},
				"east": {"uv": [8, 9, 9, 11], "texture": "#overlay", "cullface": "east"},
				"south": {"uv": [8, 9, 9, 11], "texture": "#overlay", "cullface": "east"},
				"up": {"uv": [9, 9, 8, 10], "rotation": 90, "texture": "#overlay", "cullface": "east"},
				"down": {"uv": [8, 10, 9, 11], "rotation": 90, "texture": "#overlay", "cullface": "east"}
			}
		},
		{
			"name": "lignite_17",
			"from": [16, 5, 9],
			"to": [16.25, 6, 12],
			"rotation": {"angle": 0, "axis": "y", "origin": [8, 8, 8]},
			"faces": {
				"north": {"uv": [6, 10, 7, 11], "texture": "#overlay", "cullface": "east"},
				"east": {"uv": [4, 10, 7, 11], "texture": "#overlay", "cullface": "east"},
				"south": {"uv": [4, 10, 5, 11], "texture": "#overlay", "cullface": "east"},
				"up": {"uv": [7, 10, 4, 11], "rotation": 90, "texture": "#overlay", "cullface": "east"},
				"down": {"uv": [4, 10, 7, 11], "rotation": 90, "texture": "#overlay", "cullface": "east"}
			}
		},
		{
			"name": "lignite_18",
			"from": [16, 1, 13],
			"to": [16.5, 5, 15],
			"rotation": {"angle": 0, "axis": "y", "origin": [8, 8, 8]},
			"faces": {
				"north": {"uv": [2, 11, 3, 15], "texture": "#overlay", "cullface": "east"},
				"east": {"uv": [1, 11, 3, 15], "texture": "#overlay", "cullface": "east"},
				"south": {"uv": [1, 11, 2, 15], "texture": "#overlay", "cullface": "east"},
				"up": {"uv": [3, 11, 1, 12], "rotation": 90, "texture": "#overlay", "cullface": "east"},
				"down": {"uv": [1, 14, 3, 15], "rotation": 90, "texture": "#overlay", "cullface": "east"}
			}
		},
		{
			"name": "lignite_19",
			"from": [16, 4, 9],
			"to": [16.15, 5, 11],
			"rotation": {"angle": 0, "axis": "y", "origin": [8, 8, 8]},
			"faces": {
				"north": {"uv": [6, 11, 7, 12], "texture": "#overlay", "cullface": "east"},
				"east": {"uv": [5, 11, 7, 12], "texture": "#overlay", "cullface": "east"},
				"south": {"uv": [5, 11, 6, 12], "texture": "#overlay", "cullface": "east"},
				"up": {"uv": [7, 11, 5, 12], "rotation": 90, "texture": "#overlay", "cullface": "east"},
				"down": {"uv": [5, 11, 7, 12], "rotation": 90, "texture": "#overlay", "cullface": "east"}
			}
		},
		{
			"name": "lignite_20",
			"from": [16, 2, 1],
			"to": [16.25, 5, 2],
			"rotation": {"angle": 0, "axis": "y", "origin": [8, 8, 8]},
			"faces": {
				"north": {"uv": [14, 11, 15, 14], "texture": "#overlay", "cullface": "east"},
				"east": {"uv": [14, 11, 15, 14], "texture": "#overlay", "cullface": "east"},
				"south": {"uv": [14, 11, 15, 14], "texture": "#overlay", "cullface": "east"},
				"up": {"uv": [15, 11, 14, 12], "rotation": 90, "texture": "#overlay", "cullface": "east"},
				"down": {"uv": [14, 13, 15, 14], "rotation": 90, "texture": "#overlay", "cullface": "east"}
			}
		},
		{
			"name": "lignite_21",
			"from": [16, 1, 12],
			"to": [16.25, 4, 13],
			"rotation": {"angle": 0, "axis": "y", "origin": [8, 8, 8]},
			"faces": {
				"north": {"uv": [3, 12, 4, 15], "texture": "#overlay", "cullface": "east"},
				"east": {"uv": [3, 12, 4, 15], "texture": "#overlay", "cullface": "east"},
				"south": {"uv": [3, 12, 4, 15], "texture": "#overlay", "cullface": "east"},
				"up": {"uv": [4, 12, 3, 13], "rotation": 90, "texture": "#overlay", "cullface": "east"},
				"down": {"uv": [3, 14, 4, 15], "rotation": 90, "texture": "#overlay", "cullface": "east"}
			}
		},
		{
			"name": "lignite_22",
			"from": [16, 3, 2],
			"to": [16.15, 4, 4],
			"rotation": {"angle": 0, "axis": "y", "origin": [8, 8, 8]},
			"faces": {
				"north": {"uv": [13, 12, 14, 13], "texture": "#overlay", "cullface": "east"},
				"east": {"uv": [12, 12, 14, 13], "texture": "#overlay", "cullface": "east"},
				"south": {"uv": [12, 12, 13, 13], "texture": "#overlay", "cullface": "east"},
				"up": {"uv": [14, 12, 12, 13], "rotation": 90, "texture": "#overlay", "cullface": "east"},
				"down": {"uv": [12, 12, 14, 13], "rotation": 90, "texture": "#overlay", "cullface": "east"}
			}
		},
		{
			"name": "lignite_23",
			"from": [16, 0, 6],
			"to": [16.35, 3, 8],
			"rotation": {"angle": 0, "axis": "y", "origin": [8, 8, 8]},
			"faces": {
				"north": {"uv": [9, 13, 10, 16], "texture": "#overlay", "cullface": "east"},
				"east": {"uv": [8, 13, 10, 16], "texture": "#overlay", "cullface": "east"},
				"south": {"uv": [8, 13, 9, 16], "texture": "#overlay", "cullface": "east"},
				"up": {"uv": [10, 13, 8, 14], "rotation": 90, "texture": "#overlay", "cullface": "east"},
				"down": {"uv": [8, 15, 10, 16], "rotation": 90, "texture": "#overlay", "cullface": "east"}
			}
		},
		{
			"name": "lignite_24",
			"from": [16, 2, 2],
			"to": [16.15, 3, 3],
			"rotation": {"angle": 0, "axis": "y", "origin": [8, 8, 8]},
			"faces": {
				"north": {"uv": [13, 13, 14, 14], "texture": "#overlay", "cullface": "east"},
				"east": {"uv": [13, 13, 14, 14], "texture": "#overlay", "cullface": "east"},
				"south": {"uv": [13, 13, 14, 14], "texture": "#overlay", "cullface": "east"},
				"up": {"uv": [14, 13, 13, 14], "rotation": 90, "texture": "#overlay", "cullface": "east"},
				"down": {"uv": [13, 13, 14, 14], "rotation": 90, "texture": "#overlay", "cullface": "east"}
			}
		},
		{
			"name": "lignite_25",
			"from": [16, 0, 15],
			"to": [16.15, 2, 16],
			"rotation": {"angle": 0, "axis": "y", "origin": [8, 8, 8]},
			"faces": {
				"north": {"uv": [0, 14, 1, 16], "texture": "#overlay", "cullface": "east"},
				"east": {"uv": [0, 14, 1, 16], "texture": "#overlay", "cullface": "east"},
				"south": {"uv": [0, 14, 1, 16], "texture": "#overlay", "cullface": "east"},
				"up": {"uv": [1, 14, 0, 15], "rotation": 90, "texture": "#overlay", "cullface": "east"},
				"down": {"uv": [0, 15, 1, 16], "rotation": 90, "texture": "#overlay", "cullface": "east"}
			}
		},
		{
			"name": "lignite_26",
			"from": [16, 0, 4],
			"to": [16.25, 2, 6],
			"rotation": {"angle": 0, "axis": "y", "origin": [8, 8, 8]},
			"faces": {
				"north": {"uv": [11, 14, 12, 16], "texture": "#overlay", "cullface": "east"},
				"east": {"uv": [10, 14, 12, 16], "texture": "#overlay", "cullface": "east"},
				"south": {"uv": [10, 14, 11, 16], "texture": "#overlay", "cullface": "east"},
				"up": {"uv": [12, 14, 10, 15], "rotation": 90, "texture": "#overlay", "cullface": "east"},
				"down": {"uv": [10, 15, 12, 16], "rotation": 90, "texture": "#overlay", "cullface": "east"}
			}
		},
		{
			"name": "lignite_27",
			"from": [16, 0, 14],
			"to": [16.15, 1, 15],
			"rotation": {"angle": 0, "axis": "y", "origin": [8, 8, 8]},
			"faces": {
				"north": {"uv": [1, 15, 2, 16], "texture": "#overlay", "cullface": "east"},
				"east": {"uv": [1, 15, 2, 16], "texture": "#overlay", "cullface": "east"},
				"south": {"uv": [1, 15, 2, 16], "texture": "#overlay", "cullface": "east"},
				"up": {"uv": [2, 15, 1, 16], "rotation": 90, "texture": "#overlay", "cullface": "east"},
				"down": {"uv": [1, 15, 2, 16], "rotation": 90, "texture": "#overlay", "cullface": "east"}
			}
		},
		{
			"name": "lignite_1",
			"from": [14, 15, -0.15],
			"to": [16, 16, 0],
			"rotation": {"angle": 0, "axis": "y", "origin": [8, 8, 8]},
			"faces": {
				"north": {"uv": [0, 0, 2, 1], "texture": "#overlay", "cullface": "north"},
				"east": {"uv": [0, 0, 1, 1], "texture": "#overlay", "cullface": "north"},
				"west": {"uv": [1, 0, 2, 1], "texture": "#overlay", "cullface": "north"},
				"up": {"uv": [2, 0, 0, 1], "texture": "#overlay", "cullface": "north"},
				"down": {"uv": [0, 0, 2, 1], "rotation": 180, "texture": "#overlay", "cullface": "north"}
			}
		},
		{
			"name": "lignite_2",
			"from": [3, 15, -0.35],
			"to": [8, 16, 0],
			"rotation": {"angle": 0, "axis": "y", "origin": [8, 8, 8]},
			"faces": {
				"north": {"uv": [8, 0, 13, 1], "texture": "#overlay", "cullface": "north"},
				"east": {"uv": [8, 0, 9, 1], "texture": "#overlay", "cullface": "north"},
				"west": {"uv": [12, 0, 13, 1], "texture": "#overlay", "cullface": "north"},
				"up": {"uv": [13, 0, 8, 1], "texture": "#overlay", "cullface": "north"},
				"down": {"uv": [8, 0, 13, 1], "rotation": 180, "texture": "#overlay", "cullface": "north"}
			}
		},
		{
			"name": "lignite_3",
			"from": [15, 14, -0.15],
			"to": [16, 15, 0],
			"rotation": {"angle": 0, "axis": "y", "origin": [8, 8, 8]},
			"faces": {
				"north": {"uv": [0, 1, 1, 2], "texture": "#overlay", "cullface": "north"},
				"east": {"uv": [0, 1, 1, 2], "texture": "#overlay", "cullface": "north"},
				"west": {"uv": [0, 1, 1, 2], "texture": "#overlay", "cullface": "north"},
				"up": {"uv": [1, 1, 0, 2], "texture": "#overlay", "cullface": "north"},
				"down": {"uv": [0, 1, 1, 2], "rotation": 180, "texture": "#overlay", "cullface": "north"}
			}
		},
		{
			"name": "lignite_4",
			"from": [10, 14, -0.15],
			"to": [12, 15, 0],
			"rotation": {"angle": 0, "axis": "y", "origin": [8, 8, 8]},
			"faces": {
				"north": {"uv": [4, 1, 6, 2], "texture": "#overlay", "cullface": "north"},
				"east": {"uv": [4, 1, 5, 2], "texture": "#overlay", "cullface": "north"},
				"west": {"uv": [5, 1, 6, 2], "texture": "#overlay", "cullface": "north"},
				"up": {"uv": [6, 1, 4, 2], "texture": "#overlay", "cullface": "north"},
				"down": {"uv": [4, 1, 6, 2], "rotation": 180, "texture": "#overlay", "cullface": "north"}
			}
		},
		{
			"name": "lignite_5",
			"from": [3, 14, -0.25],
			"to": [7, 15, 0],
			"rotation": {"angle": 0, "axis": "y", "origin": [8, 8, 8]},
			"faces": {
				"north": {"uv": [9, 1, 13, 2], "texture": "#overlay", "cullface": "north"},
				"east": {"uv": [9, 1, 10, 2], "texture": "#overlay", "cullface": "north"},
				"west": {"uv": [12, 1, 13, 2], "texture": "#overlay", "cullface": "north"},
				"up": {"uv": [13, 1, 9, 2], "texture": "#overlay", "cullface": "north"},
				"down": {"uv": [9, 1, 13, 2], "rotation": 180, "texture": "#overlay", "cullface": "north"}
			}
		},
		{
			"name": "lignite_6",
			"from": [9, 13, -0.15],
			"to": [11, 14, 0],
			"rotation": {"angle": 0, "axis": "y", "origin": [8, 8, 8]},
			"faces": {
				"north": {"uv": [5, 2, 7, 3], "texture": "#overlay", "cullface": "north"},
				"east": {"uv": [5, 2, 6, 3], "texture": "#overlay", "cullface": "north"},
				"west": {"uv": [6, 2, 7, 3], "texture": "#overlay", "cullface": "north"},
				"up": {"uv": [7, 2, 5, 3], "texture": "#overlay", "cullface": "north"},
				"down": {"uv": [5, 2, 7, 3], "rotation": 180, "texture": "#overlay", "cullface": "north"}
			}
		},
		{
			"name": "lignite_7",
			"from": [4, 13, -0.15],
			"to": [5, 14, 0],
			"rotation": {"angle": 0, "axis": "y", "origin": [8, 8, 8]},
			"faces": {
				"north": {"uv": [11, 2, 12, 3], "texture": "#overlay", "cullface": "north"},
				"east": {"uv": [11, 2, 12, 3], "texture": "#overlay", "cullface": "north"},
				"west": {"uv": [11, 2, 12, 3], "texture": "#overlay", "cullface": "north"},
				"up": {"uv": [12, 2, 11, 3], "texture": "#overlay", "cullface": "north"},
				"down": {"uv": [11, 2, 12, 3], "rotation": 180, "texture": "#overlay", "cullface": "north"}
			}
		},
		{
			"name": "lignite_8",
			"from": [12, 8, -0.5],
			"to": [14, 13, 0],
			"rotation": {"angle": 0, "axis": "y", "origin": [8, 8, 8]},
			"faces": {
				"north": {"uv": [2, 3, 4, 8], "texture": "#overlay", "cullface": "north"},
				"east": {"uv": [2, 3, 3, 8], "texture": "#overlay", "cullface": "north"},
				"west": {"uv": [3, 3, 4, 8], "texture": "#overlay", "cullface": "north"},
				"up": {"uv": [4, 3, 2, 4], "texture": "#overlay", "cullface": "north"},
				"down": {"uv": [2, 7, 4, 8], "rotation": 180, "texture": "#overlay", "cullface": "north"}
			}
		},
		{
			"name": "lignite_9",
			"from": [2, 7, -0.35],
			"to": [3, 13, 0],
			"rotation": {"angle": 0, "axis": "y", "origin": [8, 8, 8]},
			"faces": {
				"north": {"uv": [13, 3, 14, 9], "texture": "#overlay", "cullface": "north"},
				"east": {"uv": [13, 3, 14, 9], "texture": "#overlay", "cullface": "north"},
				"west": {"uv": [13, 3, 14, 9], "texture": "#overlay", "cullface": "north"},
				"up": {"uv": [14, 3, 13, 4], "texture": "#overlay", "cullface": "north"},
				"down": {"uv": [13, 8, 14, 9], "rotation": 180, "texture": "#overlay", "cullface": "north"}
			}
		},
		{
			"name": "lignite_10",
			"from": [11, 7, -0.35],
			"to": [12, 12, 0],
			"rotation": {"angle": 0, "axis": "y", "origin": [8, 8, 8]},
			"faces": {
				"north": {"uv": [4, 4, 5, 9], "texture": "#overlay", "cullface": "north"},
				"east": {"uv": [4, 4, 5, 9], "texture": "#overlay", "cullface": "north"},
				"west": {"uv": [4, 4, 5, 9], "texture": "#overlay", "cullface": "north"},
				"up": {"uv": [5, 4, 4, 5], "texture": "#overlay", "cullface": "north"},
				"down": {"uv": [4, 8, 5, 9], "rotation": 180, "texture": "#overlay", "cullface": "north"}
			}
		},
		{
			"name": "lignite_11",
			"from": [3, 6, -0.65],
			"to": [5, 12, 0],
			"rotation": {"angle": 0, "axis": "y", "origin": [8, 8, 8]},
			"faces": {
				"north": {"uv": [11, 4, 13, 10], "texture": "#overlay", "cullface": "north"},
				"east": {"uv": [11, 4, 12, 10], "texture": "#overlay", "cullface": "north"},
				"west": {"uv": [12, 4, 13, 10], "texture": "#overlay", "cullface": "north"},
				"up": {"uv": [13, 4, 11, 5], "texture": "#overlay", "cullface": "north"},
				"down": {"uv": [11, 9, 13, 10], "rotation": 180, "texture": "#overlay", "cullface": "north"}
			}
		},
		{
			"name": "lignite_12",
			"from": [10, 9, -0.15],
			"to": [11, 11, 0],
			"rotation": {"angle": 0, "axis": "y", "origin": [8, 8, 8]},
			"faces": {
				"north": {"uv": [5, 5, 6, 7], "texture": "#overlay", "cullface": "north"},
				"east": {"uv": [5, 5, 6, 7], "texture": "#overlay", "cullface": "north"},
				"west": {"uv": [5, 5, 6, 7], "texture": "#overlay", "cullface": "north"},
				"up": {"uv": [6, 5, 5, 6], "texture": "#overlay", "cullface": "north"},
				"down": {"uv": [5, 6, 6, 7], "rotation": 180, "texture": "#overlay", "cullface": "north"}
			}
		},
		{
			"name": "lignite_13",
			"from": [5, 6, -0.5],
			"to": [7, 11, 0],
			"rotation": {"angle": 0, "axis": "y", "origin": [8, 8, 8]},
			"faces": {
				"north": {"uv": [9, 5, 11, 10], "texture": "#overlay", "cullface": "north"},
				"east": {"uv": [9, 5, 10, 10], "texture": "#overlay", "cullface": "north"},
				"west": {"uv": [10, 5, 11, 10], "texture": "#overlay", "cullface": "north"},
				"up": {"uv": [11, 5, 9, 6], "texture": "#overlay", "cullface": "north"},
				"down": {"uv": [9, 9, 11, 10], "rotation": 180, "texture": "#overlay", "cullface": "north"}
			}
		},
		{
			"name": "lignite_14",
			"from": [15, 7, -0.25],
			"to": [16, 10, 0],
			"rotation": {"angle": 0, "axis": "y", "origin": [8, 8, 8]},
			"faces": {
				"north": {"uv": [0, 6, 1, 9], "texture": "#overlay", "cullface": "north"},
				"east": {"uv": [0, 6, 1, 9], "texture": "#overlay", "cullface": "north"},
				"west": {"uv": [0, 6, 1, 9], "texture": "#overlay", "cullface": "north"},
				"up": {"uv": [1, 6, 0, 7], "texture": "#overlay", "cullface": "north"},
				"down": {"uv": [0, 8, 1, 9], "rotation": 180, "texture": "#overlay", "cullface": "north"}
			}
		},
		{
			"name": "lignite_15",
			"from": [0, 8, -0.15],
			"to": [1, 10, 0],
			"rotation": {"angle": 0, "axis": "y", "origin": [8, 8, 8]},
			"faces": {
				"north": {"uv": [15, 6, 16, 8], "texture": "#overlay", "cullface": "north"},
				"east": {"uv": [15, 6, 16, 8], "texture": "#overlay", "cullface": "north"},
				"west": {"uv": [15, 6, 16, 8], "texture": "#overlay", "cullface": "north"},
				"up": {"uv": [16, 6, 15, 7], "texture": "#overlay", "cullface": "north"},
				"down": {"uv": [15, 7, 16, 8], "rotation": 180, "texture": "#overlay", "cullface": "north"}
			}
		},
		{
			"name": "lignite_16",
			"from": [7, 5, -0.15],
			"to": [8, 7, 0],
			"rotation": {"angle": 0, "axis": "y", "origin": [8, 8, 8]},
			"faces": {
				"north": {"uv": [8, 9, 9, 11], "texture": "#overlay", "cullface": "north"},
				"east": {"uv": [8, 9, 9, 11], "texture": "#overlay", "cullface": "north"},
				"west": {"uv": [8, 9, 9, 11], "texture": "#overlay", "cullface": "north"},
				"up": {"uv": [9, 9, 8, 10], "texture": "#overlay", "cullface": "north"},
				"down": {"uv": [8, 10, 9, 11], "rotation": 180, "texture": "#overlay", "cullface": "north"}
			}
		},
		{
			"name": "lignite_17",
			"from": [9, 5, -0.25],
			"to": [12, 6, 0],
			"rotation": {"angle": 0, "axis": "y", "origin": [8, 8, 8]},
			"faces": {
				"north": {"uv": [4, 10, 7, 11], "texture": "#overlay", "cullface": "north"},
				"east": {"uv": [4, 10, 5, 11], "texture": "#overlay", "cullface": "north"},
				"west": {"uv": [6, 10, 7, 11], "texture": "#overlay", "cullface": "north"},
				"up": {"uv": [7, 10, 4, 11], "texture": "#overlay", "cullface": "north"},
				"down": {"uv": [4, 10, 7, 11], "rotation": 180, "texture": "#overlay", "cullface": "north"}
			}
		},
		{
			"name": "lignite_18",
			"from": [13, 1, -0.5],
			"to": [15, 5, 0],
			"rotation": {"angle": 0, "axis": "y", "origin": [8, 8, 8]},
			"faces": {
				"north": {"uv": [1, 11, 3, 15], "texture": "#overlay", "cullface": "north"},
				"east": {"uv": [1, 11, 2, 15], "texture": "#overlay", "cullface": "north"},
				"west": {"uv": [2, 11, 3, 15], "texture": "#overlay", "cullface": "north"},
				"up": {"uv": [3, 11, 1, 12], "texture": "#overlay", "cullface": "north"},
				"down": {"uv": [1, 14, 3, 15], "rotation": 180, "texture": "#overlay", "cullface": "north"}
			}
		},
		{
			"name": "lignite_19",
			"from": [9, 4, -0.15],
			"to": [11, 5, 0],
			"rotation": {"angle": 0, "axis": "y", "origin": [8, 8, 8]},
			"faces": {
				"north": {"uv": [5, 11, 7, 12], "texture": "#overlay", "cullface": "north"},
				"east": {"uv": [5, 11, 6, 12], "texture": "#overlay", "cullface": "north"},
				"west": {"uv": [6, 11, 7, 12], "texture": "#overlay", "cullface": "north"},
				"up": {"uv": [7, 11, 5, 12], "texture": "#overlay", "cullface": "north"},
				"down": {"uv": [5, 11, 7, 12], "rotation": 180, "texture": "#overlay", "cullface": "north"}
			}
		},
		{
			"name": "lignite_20",
			"from": [1, 2, -0.25],
			"to": [2, 5, 0],
			"rotation": {"angle": 0, "axis": "y", "origin": [8, 8, 8]},
			"faces": {
				"north": {"uv": [14, 11, 15, 14], "texture": "#overlay", "cullface": "north"},
				"east": {"uv": [14, 11, 15, 14], "texture": "#overlay", "cullface": "north"},
				"west": {"uv": [14, 11, 15, 14], "texture": "#overlay", "cullface": "north"},
				"up": {"uv": [15, 11, 14, 12], "texture": "#overlay", "cullface": "north"},
				"down": {"uv": [14, 13, 15, 14], "rotation": 180, "texture": "#overlay", "cullface": "north"}
			}
		},
		{
			"name": "lignite_21",
			"from": [12, 1, -0.25],
			"to": [13, 4, 0],
			"rotation": {"angle": 0, "axis": "y", "origin": [8, 8, 8]},
			"faces": {
				"north": {"uv": [3, 12, 4, 15], "texture": "#overlay", "cullface": "north"},
				"east": {"uv": [3, 12, 4, 15], "texture": "#overlay", "cullface": "north"},
				"west": {"uv": [3, 12, 4, 15], "texture": "#overlay", "cullface": "north"},
				"up": {"uv": [4, 12, 3, 13], "texture": "#overlay", "cullface": "north"},
				"down": {"uv": [3, 14, 4, 15], "rotation": 180, "texture": "#overlay", "cullface": "north"}
			}
		},
		{
			"name": "lignite_22",
			"from": [2, 3, -0.15],
			"to": [4, 4, 0],
			"rotation": {"angle": 0, "axis": "y", "origin": [8, 8, 8]},
			"faces": {
				"north": {"uv": [12, 12, 14, 13], "texture": "#overlay", "cullface": "north"},
				"east": {"uv": [12, 12, 13, 13], "texture": "#overlay", "cullface": "north"},
				"west": {"uv": [13, 12, 14, 13], "texture": "#overlay", "cullface": "north"},
				"up": {"uv": [14, 12, 12, 13], "texture": "#overlay", "cullface": "north"},
				"down": {"uv": [12, 12, 14, 13], "rotation": 180, "texture": "#overlay", "cullface": "north"}
			}
		},
		{
			"name": "lignite_23",
			"from": [6, 0, -0.35],
			"to": [8, 3, 0],
			"rotation": {"angle": 0, "axis": "y", "origin": [8, 8, 8]},
			"faces": {
				"north": {"uv": [8, 13, 10, 16], "texture": "#overlay", "cullface": "north"},
				"east": {"uv": [8, 13, 9, 16], "texture": "#overlay", "cullface": "north"},
				"west": {"uv": [9, 13, 10, 16], "texture": "#overlay", "cullface": "north"},
				"up": {"uv": [10, 13, 8, 14], "texture": "#overlay", "cullface": "north"},
				"down": {"uv": [8, 15, 10, 16], "rotation": 180, "texture": "#overlay", "cullface": "north"}
			}
		},
		{
			"name": "lignite_24",
			"from": [2, 2, -0.15],
			"to": [3, 3, 0],
			"rotation": {"angle": 0, "axis": "y", "origin": [8, 8, 8]},
			"faces": {
				"north": {"uv": [13, 13, 14, 14], "texture": "#overlay", "cullface": "north"},
				"east": {"uv": [13, 13, 14, 14], "texture": "#overlay", "cullface": "north"},
				"west": {"uv": [13, 13, 14, 14], "texture": "#overlay", "cullface": "north"},
				"up": {"uv": [14, 13, 13, 14], "texture": "#overlay", "cullface": "north"},
				"down": {"uv": [13, 13, 14, 14], "rotation": 180, "texture": "#overlay", "cullface": "north"}
			}
		},
		{
			"name": "lignite_25",
			"from": [15, 0, -0.15],
			"to": [16, 2, 0],
			"rotation": {"angle": 0, "axis": "y", "origin": [8, 8, 8]},
			"faces": {
				"north": {"uv": [0, 14, 1, 16], "texture": "#overlay", "cullface": "north"},
				"east": {"uv": [0, 14, 1, 16], "texture": "#overlay", "cullface": "north"},
				"west": {"uv": [0, 14, 1, 16], "texture": "#overlay", "cullface": "north"},
				"up": {"uv": [1, 14, 0, 15], "texture": "#overlay", "cullface": "north"},
				"down": {"uv": [0, 15, 1, 16], "rotation": 180, "texture": "#overlay", "cullface": "north"}
			}
		},
		{
			"name": "lignite_26",
			"from": [4, 0, -0.25],
			"to": [6, 2, 0],
			"rotation": {"angle": 0, "axis": "y", "origin": [8, 8, 8]},
			"faces": {
				"north": {"uv": [10, 14, 12, 16], "texture": "#overlay", "cullface": "north"},
				"east": {"uv": [10, 14, 11, 16], "texture": "#overlay", "cullface": "north"},
				"west": {"uv": [11, 14, 12, 16], "texture": "#overlay", "cullface": "north"},
				"up": {"uv": [12, 14, 10, 15], "texture": "#overlay", "cullface": "north"},
				"down": {"uv": [10, 15, 12, 16], "rotation": 180, "texture": "#overlay", "cullface": "north"}
			}
		},
		{
			"name": "lignite_27",
			"from": [14, 0, -0.15],
			"to": [15, 1, 0],
			"rotation": {"angle": 0, "axis": "y", "origin": [8, 8, 8]},
			"faces": {
				"north": {"uv": [1, 15, 2, 16], "texture": "#overlay", "cullface": "north"},
				"east": {"uv": [1, 15, 2, 16], "texture": "#overlay", "cullface": "north"},
				"west": {"uv": [1, 15, 2, 16], "texture": "#overlay", "cullface": "north"},
				"up": {"uv": [2, 15, 1, 16], "texture": "#overlay", "cullface": "north"},
				"down": {"uv": [1, 15, 2, 16], "rotation": 180, "texture": "#overlay", "cullface": "north"}
			}
		},
		{
			"name": "lignite_2",
			"from": [-0.15, 15, 0],
			"to": [0, 16, 2],
			"rotation": {"angle": 0, "axis": "y", "origin": [8, 8, 8]},
			"faces": {
				"north": {"uv": [0, 0, 1, 1], "texture": "#overlay", "cullface": "west"},
				"south": {"uv": [1, 0, 2, 1], "texture": "#overlay", "cullface": "west"},
				"west": {"uv": [0, 0, 2, 1], "texture": "#overlay", "cullface": "west"},
				"up": {"uv": [2, 0, 0, 1], "rotation": 270, "texture": "#overlay", "cullface": "west"},
				"down": {"uv": [0, 0, 2, 1], "rotation": 270, "texture": "#overlay", "cullface": "west"}
			}
		},
		{
			"name": "lignite_3",
			"from": [-0.35, 15, 8],
			"to": [0, 16, 13],
			"rotation": {"angle": 0, "axis": "y", "origin": [8, 8, 8]},
			"faces": {
				"north": {"uv": [8, 0, 9, 1], "texture": "#overlay", "cullface": "west"},
				"south": {"uv": [12, 0, 13, 1], "texture": "#overlay", "cullface": "west"},
				"west": {"uv": [8, 0, 13, 1], "texture": "#overlay", "cullface": "west"},
				"up": {"uv": [13, 0, 8, 1], "rotation": 270, "texture": "#overlay", "cullface": "west"},
				"down": {"uv": [8, 0, 13, 1], "rotation": 270, "texture": "#overlay", "cullface": "west"}
			}
		},
		{
			"name": "lignite_4",
			"from": [-0.15, 14, 0],
			"to": [0, 15, 1],
			"rotation": {"angle": 0, "axis": "y", "origin": [8, 8, 8]},
			"faces": {
				"north": {"uv": [0, 1, 1, 2], "texture": "#overlay", "cullface": "west"},
				"south": {"uv": [0, 1, 1, 2], "texture": "#overlay", "cullface": "west"},
				"west": {"uv": [0, 1, 1, 2], "texture": "#overlay", "cullface": "west"},
				"up": {"uv": [1, 1, 0, 2], "rotation": 270, "texture": "#overlay", "cullface": "west"},
				"down": {"uv": [0, 1, 1, 2], "rotation": 270, "texture": "#overlay", "cullface": "west"}
			}
		},
		{
			"name": "lignite_5",
			"from": [-0.15, 14, 4],
			"to": [0, 15, 6],
			"rotation": {"angle": 0, "axis": "y", "origin": [8, 8, 8]},
			"faces": {
				"north": {"uv": [4, 1, 5, 2], "texture": "#overlay", "cullface": "west"},
				"south": {"uv": [5, 1, 6, 2], "texture": "#overlay", "cullface": "west"},
				"west": {"uv": [4, 1, 6, 2], "texture": "#overlay", "cullface": "west"},
				"up": {"uv": [6, 1, 4, 2], "rotation": 270, "texture": "#overlay", "cullface": "west"},
				"down": {"uv": [4, 1, 6, 2], "rotation": 270, "texture": "#overlay", "cullface": "west"}
			}
		},
		{
			"name": "lignite_6",
			"from": [-0.25, 14, 9],
			"to": [0, 15, 13],
			"rotation": {"angle": 0, "axis": "y", "origin": [8, 8, 8]},
			"faces": {
				"north": {"uv": [9, 1, 10, 2], "texture": "#overlay", "cullface": "west"},
				"south": {"uv": [12, 1, 13, 2], "texture": "#overlay", "cullface": "west"},
				"west": {"uv": [9, 1, 13, 2], "texture": "#overlay", "cullface": "west"},
				"up": {"uv": [13, 1, 9, 2], "rotation": 270, "texture": "#overlay", "cullface": "west"},
				"down": {"uv": [9, 1, 13, 2], "rotation": 270, "texture": "#overlay", "cullface": "west"}
			}
		},
		{
			"name": "lignite_7",
			"from": [-0.15, 13, 5],
			"to": [0, 14, 7],
			"rotation": {"angle": 0, "axis": "y", "origin": [8, 8, 8]},
			"faces": {
				"north": {"uv": [5, 2, 6, 3], "texture": "#overlay", "cullface": "west"},
				"south": {"uv": [6, 2, 7, 3], "texture": "#overlay", "cullface": "west"},
				"west": {"uv": [5, 2, 7, 3], "texture": "#overlay", "cullface": "west"},
				"up": {"uv": [7, 2, 5, 3], "rotation": 270, "texture": "#overlay", "cullface": "west"},
				"down": {"uv": [5, 2, 7, 3], "rotation": 270, "texture": "#overlay", "cullface": "west"}
			}
		},
		{
			"name": "lignite_8",
			"from": [-0.15, 13, 11],
			"to": [0, 14, 12],
			"rotation": {"angle": 0, "axis": "y", "origin": [8, 8, 8]},
			"faces": {
				"north": {"uv": [11, 2, 12, 3], "texture": "#overlay", "cullface": "west"},
				"south": {"uv": [11, 2, 12, 3], "texture": "#overlay", "cullface": "west"},
				"west": {"uv": [11, 2, 12, 3], "texture": "#overlay", "cullface": "west"},
				"up": {"uv": [12, 2, 11, 3], "rotation": 270, "texture": "#overlay", "cullface": "west"},
				"down": {"uv": [11, 2, 12, 3], "rotation": 270, "texture": "#overlay", "cullface": "west"}
			}
		},
		{
			"name": "lignite_9",
			"from": [-0.5, 8, 2],
			"to": [0, 13, 4],
			"rotation": {"angle": 0, "axis": "y", "origin": [8, 8, 8]},
			"faces": {
				"north": {"uv": [2, 3, 3, 8], "texture": "#overlay", "cullface": "west"},
				"south": {"uv": [3, 3, 4, 8], "texture": "#overlay", "cullface": "west"},
				"west": {"uv": [2, 3, 4, 8], "texture": "#overlay", "cullface": "west"},
				"up": {"uv": [4, 3, 2, 4], "rotation": 270, "texture": "#overlay", "cullface": "west"},
				"down": {"uv": [2, 7, 4, 8], "rotation": 270, "texture": "#overlay", "cullface": "west"}
			}
		},
		{
			"name": "lignite_10",
			"from": [-0.35, 7, 13],
			"to": [0, 13, 14],
			"rotation": {"angle": 0, "axis": "y", "origin": [8, 8, 8]},
			"faces": {
				"north": {"uv": [13, 3, 14, 9], "texture": "#overlay", "cullface": "west"},
				"south": {"uv": [13, 3, 14, 9], "texture": "#overlay", "cullface": "west"},
				"west": {"uv": [13, 3, 14, 9], "texture": "#overlay", "cullface": "west"},
				"up": {"uv": [14, 3, 13, 4], "rotation": 270, "texture": "#overlay", "cullface": "west"},
				"down": {"uv": [13, 8, 14, 9], "rotation": 270, "texture": "#overlay", "cullface": "west"}
			}
		},
		{
			"name": "lignite_11",
			"from": [-0.35, 7, 4],
			"to": [0, 12, 5],
			"rotation": {"angle": 0, "axis": "y", "origin": [8, 8, 8]},
			"faces": {
				"north": {"uv": [4, 4, 5, 9], "texture": "#overlay", "cullface": "west"},
				"south": {"uv": [4, 4, 5, 9], "texture": "#overlay", "cullface": "west"},
				"west": {"uv": [4, 4, 5, 9], "texture": "#overlay", "cullface": "west"},
				"up": {"uv": [5, 4, 4, 5], "rotation": 270, "texture": "#overlay", "cullface": "west"},
				"down": {"uv": [4, 8, 5, 9], "rotation": 270, "texture": "#overlay", "cullface": "west"}
			}
		},
		{
			"name": "lignite_12",
			"from": [-0.65, 6, 11],
			"to": [0, 12, 13],
			"rotation": {"angle": 0, "axis": "y", "origin": [8, 8, 8]},
			"faces": {
				"north": {"uv": [11, 4, 12, 10], "texture": "#overlay", "cullface": "west"},
				"south": {"uv": [12, 4, 13, 10], "texture": "#overlay", "cullface": "west"},
				"west": {"uv": [11, 4, 13, 10], "texture": "#overlay", "cullface": "west"},
				"up": {"uv": [13, 4, 11, 5], "rotation": 270, "texture": "#overlay", "cullface": "west"},
				"down": {"uv": [11, 9, 13, 10], "rotation": 270, "texture": "#overlay", "cullface": "west"}
			}
		},
		{
			"name": "lignite_13",
			"from": [-0.15, 9, 5],
			"to": [0, 11, 6],
			"rotation": {"angle": 0, "axis": "y", "origin": [8, 8, 8]},
			"faces": {
				"north": {"uv": [5, 5, 6, 7], "texture": "#overlay", "cullface": "west"},
				"south": {"uv": [5, 5, 6, 7], "texture": "#overlay", "cullface": "west"},
				"west": {"uv": [5, 5, 6, 7], "texture": "#overlay", "cullface": "west"},
				"up": {"uv": [6, 5, 5, 6], "rotation": 270, "texture": "#overlay", "cullface": "west"},
				"down": {"uv": [5, 6, 6, 7], "rotation": 270, "texture": "#overlay", "cullface": "west"}
			}
		},
		{
			"name": "lignite_14",
			"from": [-0.5, 6, 9],
			"to": [0, 11, 11],
			"rotation": {"angle": 0, "axis": "y", "origin": [8, 8, 8]},
			"faces": {
				"north": {"uv": [9, 5, 10, 10], "texture": "#overlay", "cullface": "west"},
				"south": {"uv": [10, 5, 11, 10], "texture": "#overlay", "cullface": "west"},
				"west": {"uv": [9, 5, 11, 10], "texture": "#overlay", "cullface": "west"},
				"up": {"uv": [11, 5, 9, 6], "rotation": 270, "texture": "#overlay", "cullface": "west"},
				"down": {"uv": [9, 9, 11, 10], "rotation": 270, "texture": "#overlay", "cullface": "west"}
			}
		},
		{
			"name": "lignite_15",
			"from": [-0.25, 7, 0],
			"to": [0, 10, 1],
			"rotation": {"angle": 0, "axis": "y", "origin": [8, 8, 8]},
			"faces": {
				"north": {"uv": [0, 6, 1, 9], "texture": "#overlay", "cullface": "west"},
				"south": {"uv": [0, 6, 1, 9], "texture": "#overlay", "cullface": "west"},
				"west": {"uv": [0, 6, 1, 9], "texture": "#overlay", "cullface": "west"},
				"up": {"uv": [1, 6, 0, 7], "rotation": 270, "texture": "#overlay", "cullface": "west"},
				"down": {"uv": [0, 8, 1, 9], "rotation": 270, "texture": "#overlay", "cullface": "west"}
			}
		},
		{
			"name": "lignite_16",
			"from": [-0.15, 8, 15],
			"to": [0, 10, 16],
			"rotation": {"angle": 0, "axis": "y", "origin": [8, 8, 8]},
			"faces": {
				"north": {"uv": [15, 6, 16, 8], "texture": "#overlay", "cullface": "west"},
				"south": {"uv": [15, 6, 16, 8], "texture": "#overlay", "cullface": "west"},
				"west": {"uv": [15, 6, 16, 8], "texture": "#overlay", "cullface": "west"},
				"up": {"uv": [16, 6, 15, 7], "rotation": 270, "texture": "#overlay", "cullface": "west"},
				"down": {"uv": [15, 7, 16, 8], "rotation": 270, "texture": "#overlay", "cullface": "west"}
			}
		},
		{
			"name": "lignite_17",
			"from": [-0.15, 5, 8],
			"to": [0, 7, 9],
			"rotation": {"angle": 0, "axis": "y", "origin": [8, 8, 8]},
			"faces": {
				"north": {"uv": [8, 9, 9, 11], "texture": "#overlay", "cullface": "west"},
				"south": {"uv": [8, 9, 9, 11], "texture": "#overlay", "cullface": "west"},
				"west": {"uv": [8, 9, 9, 11], "texture": "#overlay", "cullface": "west"},
				"up": {"uv": [9, 9, 8, 10], "rotation": 270, "texture": "#overlay", "cullface": "west"},
				"down": {"uv": [8, 10, 9, 11], "rotation": 270, "texture": "#overlay", "cullface": "west"}
			}
		},
		{
			"name": "lignite_18",
			"from": [-0.25, 5, 4],
			"to": [0, 6, 7],
			"rotation": {"angle": 0, "axis": "y", "origin": [8, 8, 8]},
			"faces": {
				"north": {"uv": [4, 10, 5, 11], "texture": "#overlay", "cullface": "west"},
				"south": {"uv": [6, 10, 7, 11], "texture": "#overlay", "cullface": "west"},
				"west": {"uv": [4, 10, 7, 11], "texture": "#overlay", "cullface": "west"},
				"up": {"uv": [7, 10, 4, 11], "rotation": 270, "texture": "#overlay", "cullface": "west"},
				"down": {"uv": [4, 10, 7, 11], "rotation": 270, "texture": "#overlay", "cullface": "west"}
			}
		},
		{
			"name": "lignite_19",
			"from": [-0.5, 1, 1],
			"to": [0, 5, 3],
			"rotation": {"angle": 0, "axis": "y", "origin": [8, 8, 8]},
			"faces": {
				"north": {"uv": [1, 11, 2, 15], "texture": "#overlay", "cullface": "west"},
				"south": {"uv": [2, 11, 3, 15], "texture": "#overlay", "cullface": "west"},
				"west": {"uv": [1, 11, 3, 15], "texture": "#overlay", "cullface": "west"},
				"up": {"uv": [3, 11, 1, 12], "rotation": 270, "texture": "#overlay", "cullface": "west"},
				"down": {"uv": [1, 14, 3, 15], "rotation": 270, "texture": "#overlay", "cullface": "west"}
			}
		},
		{
			"name": "lignite_20",
			"from": [-0.15, 4, 5],
			"to": [0, 5, 7],
			"rotation": {"angle": 0, "axis": "y", "origin": [8, 8, 8]},
			"faces": {
				"north": {"uv": [5, 11, 6, 12], "texture": "#overlay", "cullface": "west"},
				"south": {"uv": [6, 11, 7, 12], "texture": "#overlay", "cullface": "west"},
				"west": {"uv": [5, 11, 7, 12], "texture": "#overlay", "cullface": "west"},
				"up": {"uv": [7, 11, 5, 12], "rotation": 270, "texture": "#overlay", "cullface": "west"},
				"down": {"uv": [5, 11, 7, 12], "rotation": 270, "texture": "#overlay", "cullface": "west"}
			}
		},
		{
			"name": "lignite_21",
			"from": [-0.25, 2, 14],
			"to": [0, 5, 15],
			"rotation": {"angle": 0, "axis": "y", "origin": [8, 8, 8]},
			"faces": {
				"north": {"uv": [14, 11, 15, 14], "texture": "#overlay", "cullface": "west"},
				"south": {"uv": [14, 11, 15, 14], "texture": "#overlay", "cullface": "west"},
				"west": {"uv": [14, 11, 15, 14], "texture": "#overlay", "cullface": "west"},
				"up": {"uv": [15, 11, 14, 12], "rotation": 270, "texture": "#overlay", "cullface": "west"},
				"down": {"uv": [14, 13, 15, 14], "rotation": 270, "texture": "#overlay", "cullface": "west"}
			}
		},
		{
			"name": "lignite_22",
			"from": [-0.25, 1, 3],
			"to": [0, 4, 4],
			"rotation": {"angle": 0, "axis": "y", "origin": [8, 8, 8]},
			"faces": {
				"north": {"uv": [3, 12, 4, 15], "texture": "#overlay", "cullface": "west"},
				"south": {"uv": [3, 12, 4, 15], "texture": "#overlay", "cullface": "west"},
				"west": {"uv": [3, 12, 4, 15], "texture": "#overlay", "cullface": "west"},
				"up": {"uv": [4, 12, 3, 13], "rotation": 270, "texture": "#overlay", "cullface": "west"},
				"down": {"uv": [3, 14, 4, 15], "rotation": 270, "texture": "#overlay", "cullface": "west"}
			}
		},
		{
			"name": "lignite_23",
			"from": [-0.15, 3, 12],
			"to": [0, 4, 14],
			"rotation": {"angle": 0, "axis": "y", "origin": [8, 8, 8]},
			"faces": {
				"north": {"uv": [12, 12, 13, 13], "texture": "#overlay", "cullface": "west"},
				"south": {"uv": [13, 12, 14, 13], "texture": "#overlay", "cullface": "west"},
				"west": {"uv": [12, 12, 14, 13], "texture": "#overlay", "cullface": "west"},
				"up": {"uv": [14, 12, 12, 13], "rotation": 270, "texture": "#overlay", "cullface": "west"},
				"down": {"uv": [12, 12, 14, 13], "rotation": 270, "texture": "#overlay", "cullface": "west"}
			}
		},
		{
			"name": "lignite_24",
			"from": [-0.35, 0, 8],
			"to": [0, 3, 10],
			"rotation": {"angle": 0, "axis": "y", "origin": [8, 8, 8]},
			"faces": {
				"north": {"uv": [8, 13, 9, 16], "texture": "#overlay", "cullface": "west"},
				"south": {"uv": [9, 13, 10, 16], "texture": "#overlay", "cullface": "west"},
				"west": {"uv": [8, 13, 10, 16], "texture": "#overlay", "cullface": "west"},
				"up": {"uv": [10, 13, 8, 14], "rotation": 270, "texture": "#overlay", "cullface": "west"},
				"down": {"uv": [8, 15, 10, 16], "rotation": 270, "texture": "#overlay", "cullface": "west"}
			}
		},
		{
			"name": "lignite_25",
			"from": [-0.15, 2, 13],
			"to": [0, 3, 14],
			"rotation": {"angle": 0, "axis": "y", "origin": [8, 8, 8]},
			"faces": {
				"north": {"uv": [13, 13, 14, 14], "texture": "#overlay", "cullface": "west"},
				"south": {"uv": [13, 13, 14, 14], "texture": "#overlay", "cullface": "west"},
				"west": {"uv": [13, 13, 14, 14], "texture": "#overlay", "cullface": "west"},
				"up": {"uv": [14, 13, 13, 14], "rotation": 270, "texture": "#overlay", "cullface": "west"},
				"down": {"uv": [13, 13, 14, 14], "rotation": 270, "texture": "#overlay", "cullface": "west"}
			}
		},
		{
			"name": "lignite_26",
			"from": [-0.15, 0, 0],
			"to": [0, 2, 1],
			"rotation": {"angle": 0, "axis": "y", "origin": [8, 8, 8]},
			"faces": {
				"north": {"uv": [0, 14, 1, 16], "texture": "#overlay", "cullface": "west"},
				"south": {"uv": [0, 14, 1, 16], "texture": "#overlay", "cullface": "west"},
				"west": {"uv": [0, 14, 1, 16], "texture": "#overlay", "cullface": "west"},
				"up": {"uv": [1, 14, 0, 15], "rotation": 270, "texture": "#overlay", "cullface": "west"},
				"down": {"uv": [0, 15, 1, 16], "rotation": 270, "texture": "#overlay", "cullface": "west"}
			}
		},
		{
			"name": "lignite_27",
			"from": [-0.25, 0, 10],
			"to": [0, 2, 12],
			"rotation": {"angle": 0, "axis": "y", "origin": [8, 8, 8]},
			"faces": {
				"north": {"uv": [10, 14, 11, 16], "texture": "#overlay", "cullface": "west"},
				"south": {"uv": [11, 14, 12, 16], "texture": "#overlay", "cullface": "west"},
				"west": {"uv": [10, 14, 12, 16], "texture": "#overlay", "cullface": "west"},
				"up": {"uv": [12, 14, 10, 15], "rotation": 270, "texture": "#overlay", "cullface": "west"},
				"down": {"uv": [10, 15, 12, 16], "rotation": 270, "texture": "#overlay", "cullface": "west"}
			}
		},
		{
			"name": "lignite_28",
			"from": [-0.15, 0, 1],
			"to": [0, 1, 2],
			"rotation": {"angle": 0, "axis": "y", "origin": [8, 8, 8]},
			"faces": {
				"north": {"uv": [1, 15, 2, 16], "texture": "#overlay", "cullface": "west"},
				"south": {"uv": [1, 15, 2, 16], "texture": "#overlay", "cullface": "west"},
				"west": {"uv": [1, 15, 2, 16], "texture": "#overlay", "cullface": "west"},
				"up": {"uv": [2, 15, 1, 16], "rotation": 270, "texture": "#overlay", "cullface": "west"},
				"down": {"uv": [1, 15, 2, 16], "rotation": 270, "texture": "#overlay", "cullface": "west"}
			}
		}
	],
	"groups": [
		0,
		{
			"name": "lignite",
			"origin": [8, 8, 8],
			"color": 0,
			"children": [1, 2, 3, 4, 5, 6, 7, 8, 9, 10, 11, 12, 13, 14, 15, 16, 17, 18, 19, 20, 21, 22, 23, 24, 25, 26, 27]
		},
		{
			"name": "lignite",
			"origin": [8, 8, 8],
			"color": 0,
			"children": [28, 29, 30, 31, 32, 33, 34, 35, 36, 37, 38, 39, 40, 41, 42, 43, 44, 45, 46, 47, 48, 49, 50, 51, 52, 53, 54]
		},
		{
			"name": "lignite",
			"origin": [8, 8, 8],
			"color": 0,
			"children": [55, 56, 57, 58, 59, 60, 61, 62, 63, 64, 65, 66, 67, 68, 69, 70, 71, 72, 73, 74, 75, 76, 77, 78, 79, 80, 81]
		},
		{
			"name": "lignite",
			"origin": [8, 8, 8],
			"color": 0,
			"children": [82, 83, 84, 85, 86, 87, 88, 89, 90, 91, 92, 93, 94, 95, 96, 97, 98, 99, 100, 101, 102, 103, 104, 105, 106, 107, 108]
		},
		{
			"name": "lignite",
			"origin": [8, 8, 8],
			"color": 0,
			"children": [109, 110, 111, 112, 113, 114, 115, 116, 117, 118, 119, 120, 121, 122, 123, 124, 125, 126, 127, 128, 129, 130, 131, 132, 133, 134, 135]
		},
		{
			"name": "lignite",
			"origin": [8, 8, 8],
			"color": 0,
			"children": [136, 137, 138, 139, 140, 141, 142, 143, 144, 145, 146, 147, 148, 149, 150, 151, 152, 153, 154, 155, 156, 157, 158, 159, 160, 161, 162]
		}
	]
}