{
	"credit": "Made with Blockbench",
	"parent": "block/block",
	"textures": {
		"particle": "tfc:block/devices/crucible/side",
		"side": "tfc:block/devices/crucible/side",
		"top": "tfc:block/devices/crucible/top"
	},
	"elements": [
		{
			"from": [1, 1, 1],
			"to": [3, 16, 15],
			"faces": {
				"north": {"uv": [13, 1, 15, 16], "texture": "#side"},
				"east": {"uv": [1, 1, 15, 15], "texture": "#side"},
				"south": {"uv": [1, 1, 3, 16], "texture": "#side"},
				"west": {"uv": [1, 1, 15, 16], "texture": "#side"},
				"up": {"uv": [1, 1, 3, 15], "texture": "#top"},
				"down": {"uv": [13, 1, 15, 15], "rotation": 180, "texture": "#top"}
			}
		},
		{
			"from": [3, 1, 13],
			"to": [13, 16, 15],
			"faces": {
				"north": {"uv": [3, 1, 13, 16], "texture": "#side"},
				"south": {"uv": [3, 1, 13, 16], "texture": "#side"},
				"up": {"uv": [3, 13, 13, 15], "texture": "#top"},
				"down": {"uv": [3, 13, 13, 15], "texture": "#top"}
			}
		},
		{
			"from": [3, 1, 1],
			"to": [13, 16, 3],
			"faces": {
				"north": {"uv": [3, 1, 13, 16], "texture": "#side"},
				"south": {"uv": [3, 1, 13, 16], "texture": "#side"},
				"up": {"uv": [3, 1, 13, 3], "texture": "#top"},
				"down": {"uv": [3, 1, 13, 3], "texture": "#top"}
			}
		},
		{
			"from": [13, 1, 1],
			"to": [15, 16, 15],
			"faces": {
				"north": {"uv": [1, 1, 3, 16], "texture": "#side"},
				"east": {"uv": [1, 1, 15, 16], "texture": "#side"},
				"south": {"uv": [13, 1, 15, 16], "texture": "#side"},
				"west": {"uv": [1, 1, 15, 16], "texture": "#side"},
				"up": {"uv": [13, 1, 15, 15], "texture": "#top"},
				"down": {"uv": [13, 1, 15, 15], "texture": "#top"}
			}
		},
		{
			"from": [3, 0, 3],
			"to": [13, 2, 13],
			"faces": {
				"north": {"uv": [1, 1, 11, 3], "texture": "#top"},
				"east": {"uv": [1, 1, 11, 3], "texture": "#top"},
				"south": {"uv": [1, 1, 11, 3], "texture": "#top"},
				"west": {"uv": [1, 1, 11, 3], "texture": "#top"},
				"up": {"uv": [3, 3, 13, 13], "texture": "#top"},
				"down": {"uv": [3, 3, 13, 13], "texture": "#top"}
			}
		}
	]
}