{
	"credit": "Made with Blockbench",
	"parent": "block/block",
	"textures": {
		"particle": "#metal"
	},
	"elements": [
		{
			"from": [5.5, 2, 5.5],
			"to": [10.5, 7, 10.5],
			"rotation": {"angle": 0, "axis": "y", "origin": [5, 1, 5]},
			"faces": {
				"north": {"uv": [0.5, 3, 5.5, 8], "texture": "#lamp"},
				"east": {"uv": [0.5, 3, 5.5, 8], "texture": "#lamp"},
				"south": {"uv": [0.5, 3, 5.5, 8], "texture": "#lamp"},
				"west": {"uv": [0.5, 3, 5.5, 8], "texture": "#lamp"}
			}
		},
		{
			"from": [5, 1, 5],
			"to": [11, 2, 11],
			"rotation": {"angle": 0, "axis": "y", "origin": [5, 1, 5]},
			"faces": {
				"north": {"uv": [0, 0, 6, 1], "texture": "#metal"},
				"east": {"uv": [0, 0, 6, 1], "texture": "#metal"},
				"south": {"uv": [0, 0, 6, 1], "texture": "#metal"},
				"west": {"uv": [0, 0, 6, 1], "texture": "#metal"},
				"up": {"uv": [0, 0, 6, 6], "texture": "#metal"},
				"down": {"uv": [0, 0, 6, 6], "texture": "#metal"}
			}
		},
		{
			"from": [5, 7, 5],
			"to": [11, 8, 11],
			"rotation": {"angle": 0, "axis": "y", "origin": [5, 1, 5]},
			"faces": {
				"north": {"uv": [0, 0, 6, 1], "texture": "#metal"},
				"east": {"uv": [0, 0, 6, 1], "texture": "#metal"},
				"south": {"uv": [0, 0, 6, 1], "texture": "#metal"},
				"west": {"uv": [0, 0, 6, 1], "texture": "#metal"},
				"up": {"uv": [0, 0, 6, 6], "texture": "#metal"},
				"down": {"uv": [0, 0, 6, 6], "texture": "#metal"}
			}
		},
		{
			"from": [6, 8, 6],
			"to": [10, 9, 10],
			"rotation": {"angle": 0, "axis": "y", "origin": [5, 1, 5]},
			"faces": {
				"north": {"uv": [1, 1, 5, 2], "texture": "#lamp"},
				"east": {"uv": [1, 1, 5, 2], "texture": "#lamp"},
				"south": {"uv": [1, 1, 5, 2], "texture": "#lamp"},
				"west": {"uv": [1, 1, 5, 2], "texture": "#lamp"}
			}
		},
		{
			"from": [6, 9, 6],
			"to": [10, 10, 10],
			"rotation": {"angle": 0, "axis": "y", "origin": [5, 1, 5]},
			"faces": {
				"north": {"uv": [1, 1, 5, 2], "texture": "#metal"},
				"east": {"uv": [1, 1, 5, 2], "texture": "#metal"},
				"south": {"uv": [1, 1, 5, 2], "texture": "#metal"},
				"west": {"uv": [1, 1, 5, 2], "texture": "#metal"},
				"up": {"uv": [1, 10, 5, 14], "texture": "#metal"}
			}
		},
		{
			"from": [7.75, 13.9999, 6.5],
			"to": [8.25, 15.0001, 9.5],
			"rotation": {"angle": 45, "axis": "y", "origin": [8, 8, 8]},
			"faces": {
				"north": {"uv": [3, 1, 4, 2], "texture": "#chain"},
				"east": {"uv": [6, 1, 3, 2], "texture": "#chain"},
				"south": {"uv": [5, 1, 6, 2], "texture": "#chain"},
				"west": {"uv": [3, 1, 6, 2], "texture": "#chain"},
				"up": {"uv": [3, 1, 6, 2], "rotation": 90, "texture": "#chain"},
				"down": {"uv": [3, 1, 6, 2], "rotation": 270, "texture": "#chain"}
			}
		},
		{
			"from": [7.75, 15, 8.5],
			"to": [8.25, 16, 9.5],
			"rotation": {"angle": 45, "axis": "y", "origin": [8, 8, 8]},
			"faces": {
				"north": {"uv": [5, 0, 6, 1], "texture": "#chain"},
				"east": {"uv": [5, 0, 6, 1], "texture": "#chain"},
				"south": {"uv": [5, 0, 6, 1], "texture": "#chain"},
				"west": {"uv": [5, 0, 6, 1], "texture": "#chain"},
				"up": {"uv": [5, 0, 6, 1], "texture": "#chain", "cullface": "up"},
				"down": {"uv": [0, 0, 0, 0], "texture": "#chain"}
			}
		},
		{
			"from": [7.75, 15, 6.5],
			"to": [8.25, 16, 7.5],
			"rotation": {"angle": 45, "axis": "y", "origin": [8, 8, 8]},
			"faces": {
				"north": {"uv": [3, 0, 4, 1], "texture": "#chain"},
				"east": {"uv": [3, 0, 4, 1], "texture": "#chain"},
				"south": {"uv": [3, 0, 4, 1], "texture": "#chain"},
				"west": {"uv": [3, 0, 4, 1], "texture": "#chain"},
				"up": {"uv": [3, 0, 4, 1], "texture": "#chain", "cullface": "up"},
				"down": {"uv": [0, 0, 0, 0], "texture": "#chain"}
			}
		},
		{
			"from": [7.75, 10.9999, 6.5],
			"to": [8.25, 12.0001, 9.5],
			"rotation": {"angle": 45, "axis": "y", "origin": [8, 8, 8]},
			"faces": {
				"north": {"uv": [3, 9, 4, 10], "texture": "#chain"},
				"east": {"uv": [6, 9, 3, 10], "texture": "#chain"},
				"south": {"uv": [5, 9, 6, 10], "texture": "#chain"},
				"west": {"uv": [3, 9, 6, 10], "texture": "#chain"},
				"up": {"uv": [3, 9, 6, 10], "rotation": 90, "texture": "#chain"},
				"down": {"uv": [3, 9, 6, 10], "rotation": 270, "texture": "#chain"}
			}
		},
		{
			"from": [7.75, 9, 8.5],
			"to": [8.25, 11, 9.5],
			"rotation": {"angle": 45, "axis": "y", "origin": [8, 8, 8]},
			"faces": {
				"north": {"uv": [5, 10, 5.5, 12], "texture": "#chain"},
				"east": {"uv": [5, 10, 6, 12], "texture": "#chain"},
				"south": {"uv": [5, 10, 5.5, 12], "texture": "#chain"},
				"west": {"uv": [5, 10, 6, 12], "texture": "#chain"},
				"up": {"uv": [0, 0, 0, 0], "texture": "#chain"},
				"down": {"uv": [0, 0, 0, 0], "texture": "#chain"}
			}
		},
		{
			"from": [7.75, 9, 6.5],
			"to": [8.25, 11, 7.5],
			"rotation": {"angle": 45, "axis": "y", "origin": [8, 8, 8]},
			"faces": {
				"north": {"uv": [3, 10, 3.5, 12], "texture": "#chain"},
				"east": {"uv": [3, 10, 4, 12], "texture": "#chain"},
				"south": {"uv": [3, 10, 3.5, 12], "texture": "#chain"},
				"west": {"uv": [3, 10, 4, 12], "texture": "#chain"},
				"up": {"uv": [0, 0, 0, 0], "texture": "#chain"},
				"down": {"uv": [0, 0, 0, 0], "texture": "#chain"}
			}
		},
		{
			"from": [6.5, 14, 7.75],
			"to": [9.5, 15, 8.25],
			"rotation": {"angle": 45, "axis": "y", "origin": [8, 8, 8]},
			"faces": {
				"north": {"uv": [0, 6, 3, 7], "texture": "#chain"},
				"east": {"uv": [0, 6, 1, 7], "texture": "#chain"},
				"south": {"uv": [3, 6, 0, 7], "texture": "#chain"},
				"west": {"uv": [2, 6, 3, 7], "texture": "#chain"},
				"up": {"uv": [0, 6, 3, 7], "rotation": 180, "texture": "#chain"},
				"down": {"uv": [0, 6, 3, 7], "rotation": 180, "texture": "#chain"}
			}
		},
		{
			"from": [6.5, 11, 7.75],
			"to": [9.5, 12, 8.25],
			"rotation": {"angle": 45, "axis": "y", "origin": [8, 8, 8]},
			"faces": {
				"north": {"uv": [0, 9, 3, 10], "texture": "#chain"},
				"east": {"uv": [0, 9, 1, 10], "texture": "#chain"},
				"south": {"uv": [3, 9, 0, 10], "texture": "#chain"},
				"west": {"uv": [2, 9, 3, 10], "texture": "#chain"},
				"up": {"uv": [0, 9, 3, 10], "rotation": 180, "texture": "#chain"},
				"down": {"uv": [0, 9, 3, 10], "rotation": 180, "texture": "#chain"}
			}
		},
		{
			"from": [6.5, 12, 7.75],
			"to": [7.5, 14, 8.25],
			"rotation": {"angle": 45, "axis": "y", "origin": [8, 8, 8]},
			"faces": {
				"north": {"uv": [2, 7, 3, 9], "texture": "#chain"},
				"east": {"uv": [2, 7, 2.5, 9], "texture": "#chain"},
				"south": {"uv": [2, 7, 3, 9], "texture": "#chain"},
				"west": {"uv": [2, 7, 2.5, 9], "texture": "#chain"},
				"up": {"uv": [0, 0, 0, 0], "texture": "#chain"},
				"down": {"uv": [0, 0, 0, 0], "texture": "#chain"}
			}
		},
		{
			"from": [8.5, 12, 7.75],
			"to": [9.5, 14, 8.25],
			"rotation": {"angle": 45, "axis": "y", "origin": [8, 8, 8]},
			"faces": {
				"north": {"uv": [0, 7, 1, 9], "texture": "#chain"},
				"east": {"uv": [0, 7, 0.5, 9], "texture": "#chain"},
				"south": {"uv": [0, 7, 1, 9], "texture": "#chain"},
				"west": {"uv": [0, 7, 0.5, 9], "texture": "#chain"},
				"up": {"uv": [0, 0, 0, 0], "texture": "#chain"},
				"down": {"uv": [0, 0, 0, 0], "texture": "#chain"}
			}
		},
		{
			"from": [5, 2, 5],
			"to": [6, 7, 6],
			"rotation": {"angle": 0, "axis": "y", "origin": [8, 8, 8]},
			"faces": {
				"north": {"uv": [5, 3, 6, 8], "texture": "#lamp"},
				"east": {"uv": [5, 3, 6, 8], "texture": "#lamp"},
				"south": {"uv": [0, 3, 1, 8], "texture": "#lamp"},
				"west": {"uv": [0, 3, 1, 8], "texture": "#lamp"}
			}
		},
		{
			"from": [5, 2, 10],
			"to": [6, 7, 11],
			"rotation": {"angle": 0, "axis": "y", "origin": [8, 8, 8]},
			"faces": {
				"north": {"uv": [5, 3, 6, 8], "texture": "#lamp"},
				"east": {"uv": [0, 3, 1, 8], "texture": "#lamp"},
				"south": {"uv": [0, 3, 1, 8], "texture": "#lamp"},
				"west": {"uv": [5, 3, 6, 8], "texture": "#lamp"}
			}
		},
		{
			"from": [10, 2, 5],
			"to": [11, 7, 6],
			"rotation": {"angle": 0, "axis": "y", "origin": [8, 8, 8]},
			"faces": {
				"north": {"uv": [0, 3, 1, 8], "texture": "#lamp"},
				"east": {"uv": [5, 3, 6, 8], "texture": "#lamp"},
				"south": {"uv": [5, 3, 6, 8], "texture": "#lamp"},
				"west": {"uv": [0, 3, 1, 8], "texture": "#lamp"}
			}
		},
		{
			"from": [10, 2, 10],
			"to": [11, 7, 11],
			"rotation": {"angle": 0, "axis": "y", "origin": [8, 8, 8]},
			"faces": {
				"north": {"uv": [0, 3, 1, 8], "texture": "#lamp"},
				"east": {"uv": [0, 3, 1, 8], "texture": "#lamp"},
				"south": {"uv": [5, 3, 6, 8], "texture": "#lamp"},
				"west": {"uv": [5, 3, 6, 8], "texture": "#lamp"}
			}
		}
	],
	"display": {
		"thirdperson_righthand": {
			"translation": [0, 3, 1],
			"scale": [0.55, 0.55, 0.55]
		},
		"thirdperson_lefthand": {
			"translation": [0, 3, 1],
			"scale": [0.55, 0.55, 0.55]
		},
		"firstperson_righthand": {
			"rotation": [0, -90, 25],
			"translation": [1.13, 3.2, 1.13],
			"scale": [0.68, 0.68, 0.68]
		},
		"firstperson_lefthand": {
			"rotation": [0, -90, 25],
			"translation": [1.13, 3.2, 1.13],
			"scale": [0.68, 0.68, 0.68]
		},
		"ground": {
			"translation": [0, 2, 0],
			"scale": [0.5, 0.5, 0.5]
		},
		"gui": {
			"rotation": [30, 107, 0],
			"scale": [0.625, 0.625, 0.625]
		},
		"head": {
			"rotation": [0, 180, 0],
			"translation": [0, 13, 7]
		},
		"fixed": {
			"rotation": [0, 180, 0],
			"translation": [0, 0, -1]
		}
	}
}