{
	"credit": "Made with Blockbench",
	"parent": "block/block",
	"textures": {
		"particle": "#metal"
	},
	"elements": [
		{
			"from": [7.75, 10, 6.5],
			"to": [8.25, 11, 9.5],
			"rotation": {"angle": -45, "axis": "y", "origin": [8, 8, 8]},
			"faces": {
				"north": {"uv": [5, 14, 6, 15], "texture": "#metal"},
				"east": {"uv": [3, 14, 6, 15], "texture": "#metal"},
				"south": {"uv": [3, 14, 4, 15], "texture": "#metal"},
				"west": {"uv": [6, 14, 3, 15], "texture": "#metal"},
				"up": {"uv": [3, 14, 6, 15], "rotation": 270, "texture": "#metal"},
				"down": {"uv": [3, 14, 6, 15], "rotation": 90, "texture": "#metal"}
			}
		},
		{
			"from": [7.75, 9, 6.5],
			"to": [8.25, 10, 7.5],
			"rotation": {"angle": -45, "axis": "y", "origin": [8, 8, 8]},
			"faces": {
				"north": {"uv": [4, 3, 5, 4], "texture": "#metal"},
				"east": {"uv": [4, 3, 5, 4], "texture": "#metal"},
				"south": {"uv": [4, 3, 5, 4], "texture": "#metal"},
				"west": {"uv": [4, 3, 5, 4], "texture": "#metal"}
			}
		},
		{
			"from": [7.75, 9.9999, 6.5],
			"to": [8.25, 11.0001, 9.5],
			"rotation": {"angle": 45, "axis": "y", "origin": [8, 8, 8]},
			"faces": {
				"north": {"uv": [2, 6, 3, 7], "texture": "#metal"},
				"east": {"uv": [5, 6, 2, 7], "texture": "#metal"},
				"south": {"uv": [4, 6, 5, 7], "texture": "#metal"},
				"west": {"uv": [2, 6, 5, 7], "texture": "#metal"},
				"up": {"uv": [2, 6, 5, 7], "rotation": 90, "texture": "#metal"},
				"down": {"uv": [2, 6, 5, 7], "rotation": 270, "texture": "#metal"}
			}
		},
		{
			"from": [7.75, 9, 8.5],
			"to": [8.25, 10, 9.5],
			"rotation": {"angle": 45, "axis": "y", "origin": [8, 8, 8]},
			"faces": {
				"north": {"uv": [4, 3, 5, 4], "texture": "#metal"},
				"east": {"uv": [4, 3, 5, 4], "texture": "#metal"},
				"south": {"uv": [4, 3, 5, 4], "texture": "#metal"},
				"west": {"uv": [4, 3, 5, 4], "texture": "#metal"}
			}
		},
		{
			"from": [7.75, 9, 6.5],
			"to": [8.25, 10, 7.5],
			"rotation": {"angle": 45, "axis": "y", "origin": [8, 8, 8]},
			"faces": {
				"north": {"uv": [3, 15, 4, 16], "texture": "#metal"},
				"east": {"uv": [3, 15, 4, 16], "texture": "#metal"},
				"south": {"uv": [3, 15, 4, 16], "texture": "#metal"},
				"west": {"uv": [3, 15, 4, 16], "texture": "#metal"}
			}
		},
		{
			"from": [7.75, 9, 8.5],
			"to": [8.25, 10, 9.5],
			"rotation": {"angle": -45, "axis": "y", "origin": [8, 8, 8]},
			"faces": {
				"north": {"uv": [6, 9, 7, 10], "texture": "#metal"},
				"east": {"uv": [6, 9, 7, 10], "texture": "#metal"},
				"south": {"uv": [6, 9, 7, 10], "texture": "#metal"},
				"west": {"uv": [6, 9, 7, 10], "texture": "#metal"}
			}
		},
		{
			"from": [6, 8, 6],
			"to": [10, 9, 10],
			"rotation": {"angle": 0, "axis": "y", "origin": [5, 1, 5]},
			"faces": {
				"north": {"uv": [1, 1, 5, 2], "texture": "#metal"},
				"east": {"uv": [1, 1, 5, 2], "texture": "#metal"},
				"south": {"uv": [1, 1, 5, 2], "texture": "#metal"},
				"west": {"uv": [1, 1, 5, 2], "texture": "#metal"},
				"up": {"uv": [1, 10, 5, 14], "texture": "#metal"}
			}
		},
		{
			"from": [6, 7, 6],
			"to": [10, 8, 10],
			"rotation": {"angle": 0, "axis": "y", "origin": [5, 1, 5]},
			"faces": {
				"north": {"uv": [1, 1, 5, 2], "texture": "#lamp"},
				"east": {"uv": [1, 1, 5, 2], "texture": "#lamp"},
				"south": {"uv": [1, 1, 5, 2], "texture": "#lamp"},
				"west": {"uv": [1, 1, 5, 2], "texture": "#lamp"}
			}
		},
		{
			"from": [5, 6, 5],
			"to": [11, 7, 11],
			"rotation": {"angle": 0, "axis": "y", "origin": [5, 1, 5]},
			"faces": {
				"north": {"uv": [0, 0, 6, 1], "texture": "#metal"},
				"east": {"uv": [0, 0, 6, 1], "texture": "#metal"},
				"south": {"uv": [0, 0, 6, 1], "texture": "#metal"},
				"west": {"uv": [0, 0, 6, 1], "texture": "#metal"},
				"up": {"uv": [0, 0, 6, 6], "texture": "#metal"},
				"down": {"uv": [0, 0, 6, 6], "texture": "#metal"}
			}
		},
		{
			"from": [10, 1, 10],
			"to": [11, 6, 11],
			"rotation": {"angle": 0, "axis": "y", "origin": [8, 8, 8]},
			"faces": {
				"north": {"uv": [0, 3, 1, 8], "texture": "#lamp"},
				"east": {"uv": [0, 3, 1, 8], "texture": "#lamp"},
				"south": {"uv": [5, 3, 6, 8], "texture": "#lamp"},
				"west": {"uv": [5, 3, 6, 8], "texture": "#lamp"}
			}
		},
		{
			"from": [5.5, 1, 5.5],
			"to": [10.5, 6, 10.5],
			"rotation": {"angle": 0, "axis": "y", "origin": [5, 1, 5]},
			"faces": {
				"north": {"uv": [0.5, 3, 5.5, 8], "texture": "#lamp"},
				"east": {"uv": [0.5, 3, 5.5, 8], "texture": "#lamp"},
				"south": {"uv": [0.5, 3, 5.5, 8], "texture": "#lamp"},
				"west": {"uv": [0.5, 3, 5.5, 8], "texture": "#lamp"}
			}
		},
		{
			"from": [10, 1, 5],
			"to": [11, 6, 6],
			"rotation": {"angle": 0, "axis": "y", "origin": [8, 8, 8]},
			"faces": {
				"north": {"uv": [0, 3, 1, 8], "texture": "#lamp"},
				"east": {"uv": [5, 3, 6, 8], "texture": "#lamp"},
				"south": {"uv": [5, 3, 6, 8], "texture": "#lamp"},
				"west": {"uv": [0, 3, 1, 8], "texture": "#lamp"}
			}
		},
		{
			"from": [5, 1, 5],
			"to": [6, 6, 6],
			"rotation": {"angle": 0, "axis": "y", "origin": [8, 8, 8]},
			"faces": {
				"north": {"uv": [5, 3, 6, 8], "texture": "#lamp"},
				"east": {"uv": [5, 3, 6, 8], "texture": "#lamp"},
				"south": {"uv": [0, 3, 1, 8], "texture": "#lamp"},
				"west": {"uv": [0, 3, 1, 8], "texture": "#lamp"}
			}
		},
		{
			"from": [5, 0, 5],
			"to": [11, 1, 11],
			"rotation": {"angle": 0, "axis": "y", "origin": [5, 1, 5]},
			"faces": {
				"north": {"uv": [0, 0, 6, 1], "texture": "#metal"},
				"east": {"uv": [0, 0, 6, 1], "texture": "#metal"},
				"south": {"uv": [0, 0, 6, 1], "texture": "#metal"},
				"west": {"uv": [0, 0, 6, 1], "texture": "#metal"},
				"up": {"uv": [0, 0, 6, 6], "texture": "#metal"},
				"down": {"uv": [0, 0, 6, 6], "texture": "#metal", "cullface": "down"}
			}
		},
		{
			"from": [5, 1, 10],
			"to": [6, 6, 11],
			"rotation": {"angle": 0, "axis": "y", "origin": [8, 8, 8]},
			"faces": {
				"north": {"uv": [5, 3, 6, 8], "texture": "#lamp"},
				"east": {"uv": [0, 3, 1, 8], "texture": "#lamp"},
				"south": {"uv": [0, 3, 1, 8], "texture": "#lamp"},
				"west": {"uv": [5, 3, 6, 8], "texture": "#lamp"}
			}
		}
	]
}