{
	"credit": "Made with Blockbench",
	"parent": "block/block",
	"textures": {
		"all": "block/lantern",
		"particle": "block/chain",
		"1_all": "block/chain"
	},
	"elements": [
		{
			"from": [6, 7, 6],
			"to": [10, 9, 10],
			"rotation": {"angle": 0, "axis": "y", "origin": [8, 8, 8]},
			"faces": {
				"north": {"uv": [1, 0, 5, 2], "texture": "#all"},
				"east": {"uv": [1, 0, 5, 2], "texture": "#all"},
				"south": {"uv": [1, 0, 5, 2], "texture": "#all"},
				"west": {"uv": [1, 0, 5, 2], "texture": "#all"},
				"up": {"uv": [1, 10, 5, 14], "texture": "#all"}
			}
		},
		{
			"from": [5, 0, 5],
			"to": [11, 1, 11],
			"rotation": {"angle": 0, "axis": "y", "origin": [8, 8, 8]},
			"faces": {
				"north": {"uv": [0, 8, 6, 9], "texture": "#all"},
				"east": {"uv": [0, 8, 6, 9], "texture": "#all"},
				"south": {"uv": [0, 8, 6, 9], "texture": "#all"},
				"west": {"uv": [0, 8, 6, 9], "texture": "#all"},
				"up": {"uv": [0, 9, 6, 15], "texture": "#all"},
				"down": {"uv": [0, 9, 6, 15], "texture": "#all", "cullface": "down"}
			}
		},
		{
			"from": [5, 6, 5],
			"to": [11, 7, 11],
			"rotation": {"angle": 0, "axis": "y", "origin": [8, 8, 8]},
			"faces": {
				"north": {"uv": [0, 2, 6, 3], "texture": "#all"},
				"east": {"uv": [0, 2, 6, 3], "texture": "#all"},
				"south": {"uv": [0, 2, 6, 3], "texture": "#all"},
				"west": {"uv": [0, 2, 6, 3], "texture": "#all"},
				"up": {"uv": [0, 9, 6, 15], "texture": "#all"},
				"down": {"uv": [0, 9, 6, 15], "texture": "#all"}
			}
		},
		{
			"from": [5, 1, 10],
			"to": [6, 6, 11],
			"rotation": {"angle": 0, "axis": "y", "origin": [8, 8, 8]},
			"faces": {
				"north": {"uv": [5, 3, 6, 8], "texture": "#all"},
				"east": {"uv": [0, 3, 1, 8], "texture": "#all"},
				"south": {"uv": [0, 3, 1, 8], "texture": "#all"},
				"west": {"uv": [5, 3, 6, 8], "texture": "#all"}
			}
		},
		{
			"from": [5, 1, 5],
			"to": [6, 6, 6],
			"rotation": {"angle": 0, "axis": "y", "origin": [8, 8, 8]},
			"faces": {
				"north": {"uv": [5, 3, 6, 8], "texture": "#all"},
				"east": {"uv": [5, 3, 6, 8], "texture": "#all"},
				"south": {"uv": [0, 3, 1, 8], "texture": "#all"},
				"west": {"uv": [0, 3, 1, 8], "texture": "#all"}
			}
		},
		{
			"from": [10, 1, 5],
			"to": [11, 6, 6],
			"rotation": {"angle": 0, "axis": "y", "origin": [8, 8, 8]},
			"faces": {
				"north": {"uv": [0, 3, 1, 8], "texture": "#all"},
				"east": {"uv": [5, 3, 6, 8], "texture": "#all"},
				"south": {"uv": [5, 3, 6, 8], "texture": "#all"},
				"west": {"uv": [0, 3, 1, 8], "texture": "#all"}
			}
		},
		{
			"from": [10, 1, 10],
			"to": [11, 6, 11],
			"rotation": {"angle": 0, "axis": "y", "origin": [8, 8, 8]},
			"faces": {
				"north": {"uv": [0, 3, 1, 8], "texture": "#all"},
				"east": {"uv": [0, 3, 1, 8], "texture": "#all"},
				"south": {"uv": [5, 3, 6, 8], "texture": "#all"},
				"west": {"uv": [5, 3, 6, 8], "texture": "#all"}
			}
		},
		{
			"from": [7.75, 9, 6.5],
			"to": [8.25, 10, 7.5],
			"rotation": {"angle": 45, "axis": "y", "origin": [8, 8, 8]},
			"faces": {
				"north": {"uv": [3, 15, 4, 16], "texture": "#1_all"},
				"east": {"uv": [3, 15, 4, 16], "texture": "#1_all"},
				"south": {"uv": [3, 15, 4, 16], "texture": "#1_all"},
				"west": {"uv": [3, 15, 4, 16], "texture": "#1_all"}
			}
		},
		{
			"from": [7.75, 9, 8.5],
			"to": [8.25, 10, 9.5],
			"rotation": {"angle": 45, "axis": "y", "origin": [8, 8, 8]},
			"faces": {
				"north": {"uv": [5, 15, 6, 16], "texture": "#1_all"},
				"east": {"uv": [5, 15, 6, 16], "texture": "#1_all"},
				"south": {"uv": [5, 15, 6, 16], "texture": "#1_all"},
				"west": {"uv": [5, 15, 6, 16], "texture": "#1_all"}
			}
		},
		{
			"from": [7.75, 9.9999, 6.5],
			"to": [8.25, 11.0001, 9.5],
			"rotation": {"angle": 45, "axis": "y", "origin": [8, 8, 8]},
			"faces": {
				"north": {"uv": [3, 14, 4, 15], "texture": "#1_all"},
				"east": {"uv": [6, 14, 3, 15], "texture": "#1_all"},
				"south": {"uv": [5, 14, 6, 15], "texture": "#1_all"},
				"west": {"uv": [3, 14, 6, 15], "texture": "#1_all"},
				"up": {"uv": [3, 14, 6, 15], "rotation": 90, "texture": "#1_all"},
				"down": {"uv": [3, 14, 6, 15], "rotation": 270, "texture": "#1_all"}
			}
		},
		{
			"from": [7.75, 9, 8.5],
			"to": [8.25, 10, 9.5],
			"rotation": {"angle": -45, "axis": "y", "origin": [8, 8, 8]},
			"faces": {
				"north": {"uv": [3, 15, 4, 16], "texture": "#1_all"},
				"east": {"uv": [3, 15, 4, 16], "texture": "#1_all"},
				"south": {"uv": [3, 15, 4, 16], "texture": "#1_all"},
				"west": {"uv": [3, 15, 4, 16], "texture": "#1_all"}
			}
		},
		{
			"from": [7.75, 9, 6.5],
			"to": [8.25, 10, 7.5],
			"rotation": {"angle": -45, "axis": "y", "origin": [8, 8, 8]},
			"faces": {
				"north": {"uv": [5, 15, 6, 16], "texture": "#1_all"},
				"east": {"uv": [5, 15, 6, 16], "texture": "#1_all"},
				"south": {"uv": [5, 15, 6, 16], "texture": "#1_all"},
				"west": {"uv": [5, 15, 6, 16], "texture": "#1_all"}
			}
		},
		{
			"from": [7.75, 10, 6.5],
			"to": [8.25, 11, 9.5],
			"rotation": {"angle": -45, "axis": "y", "origin": [8, 8, 8]},
			"faces": {
				"north": {"uv": [5, 14, 6, 15], "texture": "#1_all"},
				"east": {"uv": [3, 14, 6, 15], "texture": "#1_all"},
				"south": {"uv": [3, 14, 4, 15], "texture": "#1_all"},
				"west": {"uv": [6, 14, 3, 15], "texture": "#1_all"},
				"up": {"uv": [3, 14, 6, 15], "rotation": 270, "texture": "#1_all"},
				"down": {"uv": [3, 14, 6, 15], "rotation": 90, "texture": "#1_all"}
			}
		},
		{
			"from": [6, 1, 5.5],
			"to": [10, 6, 10.5],
			"rotation": {"angle": 0, "axis": "y", "origin": [8, 8, 8]},
			"faces": {
				"north": {"uv": [1, 3, 5, 8], "texture": "#all"},
				"south": {"uv": [1, 3, 5, 8], "texture": "#all"}
			}
		},
		{
			"from": [5.5, 1, 6],
			"to": [10.5, 6, 10],
			"rotation": {"angle": 0, "axis": "y", "origin": [8, 8, 8]},
			"faces": {
				"east": {"uv": [1, 3, 5, 8], "texture": "#all"},
				"west": {"uv": [1, 3, 5, 8], "texture": "#all"}
			}
		}
	],
	"display": {
		"thirdperson_righthand": {
			"translation": [0, 4.25, 1.75],
			"scale": [0.55, 0.55, 0.55]
		},
		"thirdperson_lefthand": {
			"translation": [0, 4.25, 1.75],
			"scale": [0.55, 0.55, 0.55]
		},
		"firstperson_righthand": {
			"rotation": [0, -90, 25],
			"translation": [0.13, 5.7, 1.13],
			"scale": [0.68, 0.68, 0.68]
		},
		"firstperson_lefthand": {
			"rotation": [0, -90, 25],
			"translation": [0.13, 5.7, 1.13],
			"scale": [0.68, 0.68, 0.68]
		},
		"ground": {
			"translation": [0, 2, 0],
			"scale": [0.5, 0.5, 0.5]
		},
		"gui": {
			"rotation": [30, 225, 0],
			"translation": [0, 3, 0]
		},
		"head": {
			"rotation": [0, 180, 0],
			"translation": [0, 13, 7]
		},
		"fixed": {
			"rotation": [0, 180, 0],
			"translation": [0, 3, -2.5]
		}
	},
	"groups": [
		0,
		1,
		2,
		3,
		4,
		5,
		6,
		{
			"name": "chain",
			"origin": [8, 8, 8],
			"color": 0,
			"children": [7, 8, 9]
		},
		{
			"name": "chain",
			"origin": [8, 8, 8],
			"color": 0,
			"children": [10, 11, 12]
		},
		13,
		14
	]
}