{
	"credit": "Made with Blockbench",
	"parent": "block/block",
	"textures": {
		"particle": "#side"
	},
	"elements": [
		{
			"from": [1, 0.5, 1],
			"to": [15, 15.5, 15],
			"rotation": {"angle": 0, "axis": "y", "origin": [8, 8, 8]},
			"faces": {
				"up": {"uv": [1, 1, 15, 15], "texture": "#end", "cullface": "up"},
				"down": {"uv": [1, 1, 15, 15], "texture": "#end", "cullface": "down"}
			}
		},
		{
			"from": [0, 0, 0],
			"to": [1, 16, 16],
			"rotation": {"angle": 0, "axis": "y", "origin": [8, 8, 8]},
			"faces": {
				"north": {"uv": [15, 0, 16, 16], "texture": "#side", "cullface": "north"},
				"east": {"uv": [0, 0, 16, 16], "texture": "#side"},
				"south": {"uv": [0, 0, 1, 16], "texture": "#side", "cullface": "south"},
				"west": {"uv": [0, 0, 16, 16], "texture": "#side", "cullface": "west"},
				"up": {"uv": [0, 0, 1, 16], "texture": "#side", "cullface": "up"},
				"down": {"uv": [0, 0, 1, 16], "texture": "#side", "cullface": "down"}
			}
		},
		{
			"from": [15, 0, 0],
			"to": [16, 16, 16],
			"rotation": {"angle": 0, "axis": "y", "origin": [8, 8, 8]},
			"faces": {
				"north": {"uv": [0, 0, 1, 16], "texture": "#side", "cullface": "north"},
				"east": {"uv": [0, 0, 16, 16], "texture": "#side", "cullface": "east"},
				"south": {"uv": [15, 0, 16, 16], "texture": "#side", "cullface": "south"},
				"west": {"uv": [0, 0, 16, 16], "texture": "#side"},
				"up": {"uv": [15, 0, 16, 16], "texture": "#side", "cullface": "up"},
				"down": {"uv": [15, 0, 16, 16], "texture": "#side", "cullface": "down"}
			}
		},
		{
			"from": [1, 0, 0],
			"to": [15, 16, 1],
			"rotation": {"angle": 0, "axis": "y", "origin": [8, 8, 8]},
			"faces": {
				"north": {"uv": [1, 0, 15, 16], "texture": "#side", "cullface": "north"},
				"south": {"uv": [1, 0, 15, 16], "texture": "#side"},
				"up": {"uv": [1, 0, 15, 1], "texture": "#side", "cullface": "up"},
				"down": {"uv": [1, 15, 15, 16], "texture": "#side", "cullface": "down"}
			}
		},
		{
			"from": [1, 0, 15],
			"to": [15, 16, 16],
			"rotation": {"angle": 0, "axis": "y", "origin": [8, 8, 8]},
			"faces": {
				"north": {"uv": [1, 0, 15, 16], "texture": "#side"},
				"south": {"uv": [1, 0, 15, 16], "texture": "#side", "cullface": "south"},
				"up": {"uv": [1, 15, 15, 16], "texture": "#side", "cullface": "up"},
				"down": {"uv": [1, 0, 15, 1], "texture": "#side", "cullface": "down"}
			}
		},
		{
			"from": [7, 15, 6],
			"to": [9, 15.75, 7],
			"rotation": {"angle": 0, "axis": "y", "origin": [8, 8, 8]},
			"faces": {
				"north": {"uv": [7, 6, 9, 7], "texture": "#end", "cullface": "up"},
				"south": {"uv": [7, 6, 9, 7], "texture": "#end", "cullface": "up"},
				"up": {"uv": [7, 6, 9, 7], "texture": "#end", "cullface": "up"}
			}
		},
		{
			"from": [1, 15, 1],
			"to": [2, 15.75, 15],
			"rotation": {"angle": 0, "axis": "y", "origin": [8, 8, 8]},
			"faces": {
				"east": {"uv": [1, 1, 2, 15], "rotation": 90, "texture": "#end", "cullface": "up"},
				"up": {"uv": [1, 1, 2, 15], "texture": "#end", "cullface": "up"}
			}
		},
		{
			"from": [14, 15, 1],
			"to": [15, 15.75, 15],
			"rotation": {"angle": 0, "axis": "y", "origin": [8, 8, 8]},
			"faces": {
				"west": {"uv": [14, 1, 15, 15], "rotation": 90, "texture": "#end", "cullface": "up"},
				"up": {"uv": [14, 1, 15, 15], "texture": "#end", "cullface": "up"}
			}
		},
		{
			"from": [2, 15, 1],
			"to": [14, 15.75, 2],
			"rotation": {"angle": 0, "axis": "y", "origin": [8, 8, 8]},
			"faces": {
				"south": {"uv": [2, 1, 14, 2], "texture": "#end", "cullface": "up"},
				"up": {"uv": [2, 1, 14, 2], "texture": "#end", "cullface": "up"}
			}
		},
		{
			"from": [2, 15, 14],
			"to": [14, 15.75, 15],
			"rotation": {"angle": 0, "axis": "y", "origin": [8, 8, 8]},
			"faces": {
				"north": {"uv": [2, 14, 14, 15], "texture": "#end", "cullface": "up"},
				"up": {"uv": [2, 14, 14, 15], "texture": "#end", "cullface": "up"}
			}
		},
		{
			"from": [3, 15, 3],
			"to": [5, 15.75, 13],
			"rotation": {"angle": 0, "axis": "y", "origin": [8, 8, 8]},
			"faces": {
				"north": {"uv": [3, 3, 5, 4], "rotation": 180, "texture": "#end", "cullface": "up"},
				"east": {"uv": [4, 3, 5, 13], "rotation": 90, "texture": "#end", "cullface": "up"},
				"south": {"uv": [3, 12, 5, 13], "texture": "#end", "cullface": "up"},
				"west": {"uv": [3, 3, 4, 13], "rotation": 270, "texture": "#end", "cullface": "up"},
				"up": {"uv": [3, 3, 5, 13], "texture": "#end", "cullface": "up"}
			}
		},
		{
			"from": [11, 15, 3],
			"to": [13, 15.75, 13],
			"rotation": {"angle": 0, "axis": "y", "origin": [8, 8, 8]},
			"faces": {
				"north": {"uv": [11, 3, 13, 4], "rotation": 180, "texture": "#end", "cullface": "up"},
				"east": {"uv": [12, 3, 13, 13], "rotation": 90, "texture": "#end", "cullface": "up"},
				"south": {"uv": [11, 12, 13, 13], "texture": "#end", "cullface": "up"},
				"west": {"uv": [11, 3, 12, 13], "rotation": 270, "texture": "#end", "cullface": "up"},
				"up": {"uv": [11, 3, 13, 13], "texture": "#end", "cullface": "up"}
			}
		},
		{
			"from": [5, 15, 11],
			"to": [11, 15.75, 13],
			"rotation": {"angle": 0, "axis": "y", "origin": [8, 8, 8]},
			"faces": {
				"north": {"uv": [5, 11, 11, 12], "rotation": 180, "texture": "#end", "cullface": "up"},
				"south": {"uv": [5, 12, 11, 13], "texture": "#end", "cullface": "up"},
				"up": {"uv": [5, 11, 11, 13], "texture": "#end", "cullface": "up"}
			}
		},
		{
			"from": [5, 15, 3],
			"to": [11, 15.75, 5],
			"rotation": {"angle": 0, "axis": "y", "origin": [8, 8, 8]},
			"faces": {
				"north": {"uv": [5, 3, 11, 4], "rotation": 180, "texture": "#end", "cullface": "up"},
				"south": {"uv": [5, 4, 11, 5], "texture": "#end", "cullface": "up"},
				"up": {"uv": [5, 3, 11, 5], "texture": "#end", "cullface": "up"}
			}
		},
		{
			"from": [6, 15, 6],
			"to": [7, 15.75, 10],
			"rotation": {"angle": 0, "axis": "y", "origin": [8, 8, 8]},
			"faces": {
				"north": {"uv": [6, 6, 7, 7], "texture": "#end", "cullface": "up"},
				"east": {"uv": [6, 6, 7, 10], "rotation": 90, "texture": "#end", "cullface": "up"},
				"south": {"uv": [6, 9, 7, 10], "texture": "#end", "cullface": "up"},
				"west": {"uv": [6, 6, 7, 10], "rotation": 270, "texture": "#end", "cullface": "up"},
				"up": {"uv": [6, 6, 7, 10], "texture": "#end", "cullface": "up"}
			}
		},
		{
			"from": [9, 15, 6],
			"to": [10, 15.75, 10],
			"rotation": {"angle": 0, "axis": "y", "origin": [8, 8, 8]},
			"faces": {
				"north": {"uv": [9, 6, 10, 7], "texture": "#end", "cullface": "up"},
				"east": {"uv": [9, 6, 10, 10], "rotation": 90, "texture": "#end", "cullface": "up"},
				"south": {"uv": [9, 9, 10, 10], "texture": "#end", "cullface": "up"},
				"west": {"uv": [9, 6, 10, 10], "rotation": 270, "texture": "#end", "cullface": "up"},
				"up": {"uv": [9, 6, 10, 10], "texture": "#end", "cullface": "up"}
			}
		},
		{
			"from": [7, 15, 9],
			"to": [9, 15.75, 10],
			"rotation": {"angle": 0, "axis": "y", "origin": [8, 8, 8]},
			"faces": {
				"north": {"uv": [7, 9, 9, 10], "texture": "#end", "cullface": "up"},
				"south": {"uv": [7, 9, 9, 10], "texture": "#end", "cullface": "up"},
				"up": {"uv": [7, 9, 9, 10], "texture": "#end", "cullface": "up"}
			}
		},
		{
			"from": [7, 0.25, 9],
			"to": [9, 1, 10],
			"rotation": {"angle": 0, "axis": "x", "origin": [8, 8, 8]},
			"faces": {
				"north": {"uv": [7, 6, 9, 7], "rotation": 180, "texture": "#end", "cullface": "down"},
				"south": {"uv": [7, 6, 9, 7], "rotation": 180, "texture": "#end", "cullface": "down"},
				"down": {"uv": [7, 6, 9, 7], "texture": "#end", "cullface": "down"}
			}
		},
		{
			"from": [1, 0.25, 1],
			"to": [2, 1, 15],
			"rotation": {"angle": 0, "axis": "x", "origin": [8, 8, 8]},
			"faces": {
				"east": {"uv": [1, 1, 2, 15], "rotation": 270, "texture": "#end", "cullface": "down"},
				"down": {"uv": [1, 1, 2, 15], "texture": "#end", "cullface": "down"}
			}
		},
		{
			"from": [14, 0.25, 1],
			"to": [15, 1, 15],
			"rotation": {"angle": 0, "axis": "x", "origin": [8, 8, 8]},
			"faces": {
				"west": {"uv": [14, 1, 15, 15], "rotation": 270, "texture": "#end", "cullface": "down"},
				"down": {"uv": [14, 1, 15, 15], "texture": "#end", "cullface": "down"}
			}
		},
		{
			"from": [2, 0.25, 14],
			"to": [14, 1, 15],
			"rotation": {"angle": 0, "axis": "x", "origin": [8, 8, 8]},
			"faces": {
				"north": {"uv": [2, 1, 14, 2], "rotation": 180, "texture": "#end", "cullface": "down"},
				"down": {"uv": [2, 1, 14, 2], "texture": "#end", "cullface": "down"}
			}
		},
		{
			"from": [2, 0.25, 1],
			"to": [14, 1, 2],
			"rotation": {"angle": 0, "axis": "x", "origin": [8, 8, 8]},
			"faces": {
				"south": {"uv": [2, 14, 14, 15], "rotation": 180, "texture": "#end", "cullface": "down"},
				"down": {"uv": [2, 14, 14, 15], "texture": "#end", "cullface": "down"}
			}
		},
		{
			"from": [3, 0.25, 3],
			"to": [5, 1, 13],
			"rotation": {"angle": 0, "axis": "x", "origin": [8, 8, 8]},
			"faces": {
				"north": {"uv": [3, 12, 5, 13], "rotation": 180, "texture": "#end", "cullface": "down"},
				"east": {"uv": [4, 3, 5, 13], "rotation": 270, "texture": "#end", "cullface": "down"},
				"south": {"uv": [3, 3, 5, 4], "texture": "#end", "cullface": "down"},
				"west": {"uv": [3, 3, 4, 13], "rotation": 90, "texture": "#end", "cullface": "down"},
				"down": {"uv": [3, 3, 5, 13], "texture": "#end", "cullface": "down"}
			}
		},
		{
			"from": [11, 0.25, 3],
			"to": [13, 1, 13],
			"rotation": {"angle": 0, "axis": "x", "origin": [8, 8, 8]},
			"faces": {
				"north": {"uv": [11, 12, 13, 13], "rotation": 180, "texture": "#end", "cullface": "down"},
				"east": {"uv": [12, 3, 13, 13], "rotation": 270, "texture": "#end", "cullface": "down"},
				"south": {"uv": [11, 3, 13, 4], "texture": "#end", "cullface": "down"},
				"west": {"uv": [11, 3, 12, 13], "rotation": 90, "texture": "#end", "cullface": "down"},
				"down": {"uv": [11, 3, 13, 13], "texture": "#end", "cullface": "down"}
			}
		},
		{
			"from": [5, 0.25, 3],
			"to": [11, 1, 5],
			"rotation": {"angle": 0, "axis": "x", "origin": [8, 8, 8]},
			"faces": {
				"north": {"uv": [5, 12, 11, 13], "rotation": 180, "texture": "#end", "cullface": "down"},
				"south": {"uv": [5, 11, 11, 12], "texture": "#end", "cullface": "down"},
				"down": {"uv": [5, 11, 11, 13], "texture": "#end", "cullface": "down"}
			}
		},
		{
			"from": [5, 0.25, 11],
			"to": [11, 1, 13],
			"rotation": {"angle": 0, "axis": "x", "origin": [8, 8, 8]},
			"faces": {
				"north": {"uv": [5, 4, 11, 5], "rotation": 180, "texture": "#end", "cullface": "down"},
				"south": {"uv": [5, 3, 11, 4], "texture": "#end", "cullface": "down"},
				"down": {"uv": [5, 3, 11, 5], "texture": "#end", "cullface": "down"}
			}
		},
		{
			"from": [6, 0.25, 6],
			"to": [7, 1, 10],
			"rotation": {"angle": 0, "axis": "x", "origin": [8, 8, 8]},
			"faces": {
				"north": {"uv": [6, 9, 7, 10], "rotation": 180, "texture": "#end", "cullface": "down"},
				"east": {"uv": [6, 6, 7, 10], "rotation": 270, "texture": "#end", "cullface": "down"},
				"south": {"uv": [6, 6, 7, 7], "rotation": 180, "texture": "#end", "cullface": "down"},
				"west": {"uv": [6, 6, 7, 10], "rotation": 90, "texture": "#end", "cullface": "down"},
				"down": {"uv": [6, 6, 7, 10], "texture": "#end", "cullface": "down"}
			}
		},
		{
			"from": [9, 0.25, 6],
			"to": [10, 1, 10],
			"rotation": {"angle": 0, "axis": "x", "origin": [8, 8, 8]},
			"faces": {
				"north": {"uv": [9, 9, 10, 10], "rotation": 180, "texture": "#end", "cullface": "down"},
				"east": {"uv": [9, 6, 10, 10], "rotation": 270, "texture": "#end", "cullface": "down"},
				"south": {"uv": [9, 6, 10, 7], "rotation": 180, "texture": "#end", "cullface": "down"},
				"west": {"uv": [9, 6, 10, 10], "rotation": 90, "texture": "#end", "cullface": "down"},
				"down": {"uv": [9, 6, 10, 10], "texture": "#end", "cullface": "down"}
			}
		},
		{
			"from": [7, 0.25, 6],
			"to": [9, 1, 7],
			"rotation": {"angle": 0, "axis": "x", "origin": [8, 8, 8]},
			"faces": {
				"north": {"uv": [7, 9, 9, 10], "rotation": 180, "texture": "#end", "cullface": "down"},
				"south": {"uv": [7, 9, 9, 10], "rotation": 180, "texture": "#end", "cullface": "down"},
				"down": {"uv": [7, 9, 9, 10], "texture": "#end", "cullface": "down"}
			}
		}
	],
	"groups": [
		{
			"name": "group",
			"origin": [0, 0, 0],
			"color": 0,
			"children": [0, 1, 2, 3, 4]
		},
		{
			"name": "group",
			"origin": [0, 0, 0],
			"color": 0,
			"children": [5, 6, 7, 8, 9, 10, 11, 12, 13, 14, 15, 16]
		},
		{
			"name": "group",
			"origin": [0, 0, 0],
			"color": 0,
			"children": [17, 18, 19, 20, 21, 22, 23, 24, 25, 26, 27, 28]
		}
	]
}